DateTime,Junction,Vehicles,IsHoliday,IsWorkingDay,IsPeakHour,Predicted_Vehicles,Absolute_Error
2017-03-22 18:00:00,2,30,0,1,1,31.37757129979871,1.37757129979871
2017-03-22 18:00:00,3,20,0,1,1,19.052316905914854,0.9476830940851464
2017-03-22 19:00:00,1,101,0,1,1,93.93422854948092,7.06577145051908
2017-03-22 19:00:00,2,40,0,1,1,31.091533963712948,8.908466036287052
2017-03-22 19:00:00,4,5,0,1,1,7.912579006372612,2.912579006372612
2017-03-22 19:00:00,3,22,0,1,1,20.967698746365546,1.0323012536344542
2017-03-22 20:00:00,2,37,0,1,0,40.349601889361026,3.3496018893610255
2017-03-22 20:00:00,4,4,0,1,0,6.930689793847353,2.9306897938473533
2017-03-22 20:00:00,3,30,0,1,0,21.893328353769896,8.106671646230104
2017-03-22 20:00:00,1,98,0,1,0,95.27486293557814,2.725137064421858
2017-03-22 21:00:00,3,23,0,1,0,29.32216753077709,6.32216753077709
2017-03-22 21:00:00,1,96,0,1,0,93.43970198075715,2.5602980192428504
2017-03-22 21:00:00,4,9,0,1,0,5.90074823909792,3.0992517609020798
2017-03-22 21:00:00,2,36,0,1,0,35.79108524257056,0.2089147574294401
2017-03-22 22:00:00,3,21,0,1,0,23.130262810705567,2.130262810705567
2017-03-22 22:00:00,1,91,0,1,0,88.82860267191867,2.1713973280813264
2017-03-22 22:00:00,4,9,0,1,0,7.579497258782023,1.4205027412179767
2017-03-22 22:00:00,2,32,0,1,0,35.42506858830128,3.4250685883012792
2017-03-22 23:00:00,4,4,0,1,0,7.929081377983948,3.929081377983948
2017-03-22 23:00:00,3,17,0,1,0,20.091278265341476,3.091278265341476
2017-03-22 23:00:00,1,87,0,1,0,82.10968793891755,4.890312061082454
2017-03-22 23:00:00,2,33,0,1,0,31.074392437151353,1.925607562848647
2017-03-23 00:00:00,1,75,0,1,0,82.04607108719789,7.0460710871978876
2017-03-23 00:00:00,4,7,0,1,0,6.5013601477472,0.4986398522527997
2017-03-23 00:00:00,2,32,0,1,0,30.397803564082388,1.6021964359176124
2017-03-23 00:00:00,3,16,0,1,0,16.68259131545682,0.6825913154568184
2017-03-23 01:00:00,1,68,0,1,0,64.58495380561986,3.415046194380139
2017-03-23 01:00:00,3,12,0,1,0,12.62992646148038,0.6299264614803803
2017-03-23 01:00:00,4,5,0,1,0,5.226759185167653,0.22675918516765314
2017-03-23 01:00:00,2,29,0,1,0,27.714194361300255,1.2858056386997454
2017-03-23 02:00:00,4,3,0,1,0,4.563066582470647,1.563066582470647
2017-03-23 02:00:00,1,52,0,1,0,59.00664930280272,7.006649302802721
2017-03-23 02:00:00,3,12,0,1,0,10.20513249139821,1.79486750860179
2017-03-23 02:00:00,2,22,0,1,0,24.398296925843837,2.3982969258438374
2017-03-23 03:00:00,2,20,0,1,0,19.08834233925736,0.911657660742641
2017-03-23 03:00:00,4,4,0,1,0,4.213964020388636,0.21396402038863638
2017-03-23 03:00:00,1,45,0,1,0,48.11251897052507,3.1125189705250733
2017-03-23 03:00:00,3,11,0,1,0,9.616447068256901,1.3835529317430986
2017-03-23 04:00:00,2,18,0,1,0,17.713718427354177,0.286281572645823
2017-03-23 04:00:00,1,42,0,1,0,40.53679084299951,1.4632091570004917
2017-03-23 04:00:00,3,7,0,1,0,9.023146552227214,2.023146552227214
2017-03-23 04:00:00,4,6,0,1,0,4.036640698829854,1.9633593011701462
2017-03-23 05:00:00,4,5,0,1,0,4.2503253676749955,0.7496746323250045
2017-03-23 05:00:00,3,8,0,1,0,7.48070176265541,0.5192982373445902
2017-03-23 05:00:00,1,39,0,1,0,37.99231759343448,1.0076824065655217
2017-03-23 05:00:00,2,20,0,1,0,16.876843255375412,3.1231567446245876
2017-03-23 06:00:00,2,19,0,1,0,19.60602623769515,0.6060262376951506
2017-03-23 06:00:00,3,5,0,1,0,7.576390587565985,2.576390587565985
2017-03-23 06:00:00,1,46,0,1,0,41.23856439520009,4.761435604799907
2017-03-23 06:00:00,4,2,0,1,0,4.8611229955042825,2.8611229955042825
2017-03-23 07:00:00,3,7,0,1,1,7.537356870549373,0.537356870549373
2017-03-23 07:00:00,1,49,0,1,1,49.522757025793595,0.5227570257935952
2017-03-23 07:00:00,2,17,0,1,1,20.846414335378455,3.846414335378455
2017-03-23 07:00:00,4,2,0,1,1,5.348282362739627,3.348282362739627
2017-03-23 08:00:00,4,6,0,1,1,5.395551495999119,0.6044485040008807
2017-03-23 08:00:00,3,13,0,1,1,8.58438667676191,4.415613323238089
2017-03-23 08:00:00,1,53,0,1,1,54.80256796313098,1.8025679631309828
2017-03-23 08:00:00,2,22,0,1,1,20.13098224777943,1.8690177522205715
2017-03-23 09:00:00,3,14,0,1,1,13.052036464840487,0.9479635351595128
2017-03-23 09:00:00,4,6,0,1,1,6.819559692386417,0.8195596923864166
2017-03-23 09:00:00,2,21,0,1,1,23.662242297189973,2.662242297189973
2017-03-23 09:00:00,1,63,0,1,1,61.38245928800068,1.6175407119993181
2017-03-23 10:00:00,4,7,0,1,0,7.728435884995079,0.7284358849950792
2017-03-23 10:00:00,1,79,0,1,0,74.91452472133214,4.085475278667857
2017-03-23 10:00:00,3,18,0,1,0,16.559040692349313,1.4409593076506866
2017-03-23 10:00:00,2,19,0,1,0,24.096774216185672,5.096774216185672
2017-03-23 11:00:00,2,23,0,1,0,21.717410618203925,1.2825893817960754
2017-03-23 11:00:00,3,21,0,1,0,18.924137971032565,2.0758620289674354
2017-03-23 11:00:00,4,8,0,1,0,9.030306953049282,1.0303069530492817
2017-03-23 11:00:00,1,82,0,1,0,84.31748893465915,2.3174889346591527
2017-03-23 12:00:00,1,83,0,1,0,83.98083629820461,0.9808362982046077
2017-03-23 12:00:00,2,24,0,1,0,23.24554965660093,0.7544503433990712
2017-03-23 12:00:00,3,18,0,1,0,20.841128457688388,2.841128457688388
2017-03-23 12:00:00,4,8,0,1,0,9.247602906791936,1.2476029067919363
2017-03-23 13:00:00,4,8,0,1,0,8.206335994981233,0.20633599498123267
2017-03-23 13:00:00,1,71,0,1,0,75.69471311200378,4.694713112003782
2017-03-23 13:00:00,2,28,0,1,0,23.59776330717656,4.40223669282344
2017-03-23 13:00:00,3,20,0,1,0,17.818861031159,2.181138968841001
2017-03-23 14:00:00,2,26,0,1,0,27.10290519673271,1.10290519673271
2017-03-23 14:00:00,3,19,0,1,0,20.5439503104682,1.543950310468201
2017-03-23 14:00:00,4,6,0,1,0,9.30194822664496,3.30194822664496
2017-03-23 14:00:00,1,87,0,1,0,77.17409984156795,9.825900158432049
2017-03-23 15:00:00,2,31,0,1,0,25.618230525713386,5.381769474286614
2017-03-23 15:00:00,3,23,0,1,0,19.344865718008766,3.6551342819912342
2017-03-23 15:00:00,4,10,0,1,0,7.9806297958079995,2.0193702041920005
2017-03-23 15:00:00,1,86,0,1,0,84.3184664761415,1.681533523858505
2017-03-23 16:00:00,2,27,0,1,0,29.40727721223136,2.40727721223136
2017-03-23 16:00:00,4,10,0,1,0,9.188791044520702,0.811208955479298
2017-03-23 16:00:00,3,22,0,1,0,22.474651986549173,0.47465198654917273
2017-03-23 16:00:00,1,85,0,1,0,82.68021315322862,2.319786846771379
2017-03-23 17:00:00,2,28,0,1,1,26.93839541771426,1.0616045822857387
2017-03-23 17:00:00,4,6,0,1,1,8.8060760503021,2.8060760503020994
2017-03-23 17:00:00,1,78,0,1,1,83.23865122189217,5.2386512218921695
2017-03-23 17:00:00,3,23,0,1,1,21.54504027122692,1.4549597287730798
2017-03-23 18:00:00,4,6,0,1,1,7.8641970747286765,1.8641970747286765
2017-03-23 18:00:00,3,23,0,1,1,23.28893222953138,0.28893222953137965
2017-03-23 18:00:00,1,88,0,1,1,82.79070011940493,5.2092998805950685
2017-03-23 18:00:00,2,35,0,1,1,27.607458025082284,7.392541974917716
2017-03-23 19:00:00,3,21,0,1,1,23.861208487097013,2.861208487097013
2017-03-23 19:00:00,4,5,0,1,1,7.531281821786842,2.531281821786842
2017-03-23 19:00:00,1,98,0,1,1,89.74804721735487,8.251952782645134
2017-03-23 19:00:00,2,36,0,1,1,35.783490017536124,0.21650998246387587
2017-03-23 20:00:00,3,21,0,1,0,21.202115109932855,0.20211510993285486
2017-03-23 20:00:00,1,96,0,1,0,93.07895803133037,2.921041968669627
2017-03-23 20:00:00,2,32,0,1,0,36.27801664923892,4.278016649238921
2017-03-23 20:00:00,4,8,0,1,0,6.658716646843726,1.3412833531562738
2017-03-23 21:00:00,3,21,0,1,0,20.30538901948842,0.6946109805115803
2017-03-23 21:00:00,4,9,0,1,0,7.286802204629737,1.713197795370263
2017-03-23 21:00:00,2,37,0,1,0,32.528589157510034,4.471410842489966
2017-03-23 21:00:00,1,88,0,1,0,91.48819235650254,3.4881923565025375
2017-03-23 22:00:00,4,8,0,1,0,8.094489470142632,0.09448947014263176
2017-03-23 22:00:00,1,89,0,1,0,84.41341433285585,4.586585667144149
2017-03-23 22:00:00,3,18,0,1,0,20.121763684944167,2.121763684944167
2017-03-23 22:00:00,2,28,0,1,0,34.960387375830074,6.960387375830074
2017-03-23 23:00:00,2,28,0,1,0,27.411740731800815,0.5882592681991845
2017-03-23 23:00:00,1,79,0,1,0,82.23815686729804,3.238156867298045
2017-03-23 23:00:00,4,9,0,1,0,8.135844121036174,0.8641558789638264
2017-03-23 23:00:00,3,18,0,1,0,17.679982019488353,0.320017980511647
2017-03-24 00:00:00,4,8,0,1,0,6.914500788217687,1.085499211782313
2017-03-24 00:00:00,1,73,0,1,0,72.64729345424993,0.3527065457500669
2017-03-24 00:00:00,3,18,0,1,0,15.83855942446823,2.1614405755317705
2017-03-24 00:00:00,2,28,0,1,0,27.009379936223784,0.9906200637762161
2017-03-24 01:00:00,3,14,0,1,0,14.18772069025299,0.18772069025298954
2017-03-24 01:00:00,4,6,0,1,0,6.180294320581138,0.1802943205811376
2017-03-24 01:00:00,2,26,0,1,0,23.637039199881166,2.3629608001188345
2017-03-24 01:00:00,1,62,0,1,0,62.891979891875295,0.8919798918752946
2017-03-24 02:00:00,1,52,0,1,0,55.0055381777685,3.0055381777685
2017-03-24 02:00:00,3,10,0,1,0,11.397016610355383,1.397016610355383
2017-03-24 02:00:00,4,4,0,1,0,5.497497331511312,1.4974973315113118
2017-03-24 02:00:00,2,22,0,1,0,22.1703904674449,0.17039046744489994
2017-03-24 03:00:00,2,20,0,1,0,19.06958974729285,0.9304102527071514
2017-03-24 03:00:00,4,2,0,1,0,4.85924120521094,2.8592412052109397
2017-03-24 03:00:00,1,46,0,1,0,47.46415683034547,1.4641568303454733
2017-03-24 03:00:00,3,8,0,1,0,9.141584456070005,1.1415844560700048
2017-03-24 04:00:00,1,41,0,1,0,41.110973819020295,0.11097381902029468
2017-03-24 04:00:00,4,3,0,1,0,3.9942649861289024,0.9942649861289024
2017-03-24 04:00:00,2,20,0,1,0,17.694965835389667,2.3050341646103334
2017-03-24 04:00:00,3,8,0,1,0,7.530896405226301,0.46910359477369923
2017-03-24 05:00:00,1,39,0,1,0,37.07100985825425,1.92899014174575
2017-03-24 05:00:00,3,8,0,1,0,6.815106462801739,1.1848935371982607
2017-03-24 05:00:00,4,4,0,1,0,3.6064877544927207,0.39351224550727926
2017-03-24 05:00:00,2,16,0,1,0,18.027712670521495,2.0277126705214954
2017-03-24 06:00:00,3,5,0,1,0,7.538225598798493,2.538225598798493
2017-03-24 06:00:00,1,40,0,1,0,40.896993979244314,0.8969939792443142
2017-03-24 06:00:00,2,11,0,1,0,17.57728145123006,6.577281451230061
2017-03-24 06:00:00,4,4,0,1,0,4.098622209983752,0.09862220998375193
2017-03-24 07:00:00,3,8,0,1,1,7.835443109239174,0.16455689076082614
2017-03-24 07:00:00,2,14,0,1,1,15.87796872107213,1.8779687210721292
2017-03-24 07:00:00,1,46,0,1,1,44.42186866295372,1.5781313370462797
2017-03-24 07:00:00,4,5,0,1,1,5.024667306002047,0.024667306002046807
2017-03-24 08:00:00,1,52,0,1,1,51.1221393806046,0.8778606193953991
2017-03-24 08:00:00,3,11,0,1,1,9.063880197813067,1.9361198021869335
2017-03-24 08:00:00,2,18,0,1,1,15.099705819021516,2.9002941809784843
2017-03-24 08:00:00,4,6,0,1,1,6.014607810063967,0.01460781006396683
2017-03-24 09:00:00,1,58,0,1,1,60.22950743397614,2.2295074339761385
2017-03-24 09:00:00,2,20,0,1,1,19.138977299134222,0.861022700865778
2017-03-24 09:00:00,4,7,0,1,1,7.112214875692089,0.11221487569208932
2017-03-24 09:00:00,3,13,0,1,1,11.995005365440328,1.0049946345596723
2017-03-24 10:00:00,4,5,0,1,0,9.07796463320204,4.07796463320204
2017-03-24 10:00:00,1,68,0,1,0,70.48848153141536,2.48848153141536
2017-03-24 10:00:00,3,20,0,1,0,15.38140708789677,4.61859291210323
2017-03-24 10:00:00,2,23,0,1,0,22.341443551924872,0.658556448075128
2017-03-24 11:00:00,4,9,0,1,0,8.563689551577877,0.4363104484221232
2017-03-24 11:00:00,3,17,0,1,0,20.60246779657294,3.6024677965729417
2017-03-24 11:00:00,1,80,0,1,0,74.72117293824935,5.278827061750647
2017-03-24 11:00:00,2,26,0,1,0,25.02396743053325,0.9760325694667493
2017-03-24 12:00:00,3,22,0,1,0,18.080714477927113,3.9192855220728866
2017-03-24 12:00:00,4,6,0,1,0,9.325576761125895,3.3255767611258946
2017-03-24 12:00:00,2,24,0,1,0,25.302320223276226,1.3023202232762259
2017-03-24 12:00:00,1,99,0,1,0,79.68299298900621,19.31700701099379
2017-03-24 13:00:00,3,19,0,1,0,21.112353851423624,2.1123538514236238
2017-03-24 13:00:00,4,4,0,1,0,7.040862421679327,3.0408624216793267
2017-03-24 13:00:00,2,25,0,1,0,23.88944725740354,1.110552742596461
2017-03-24 13:00:00,1,83,0,1,0,83.26690537147987,0.26690537147986504
2017-03-24 14:00:00,3,23,0,1,0,19.75616009347052,3.2438399065294803
2017-03-24 14:00:00,4,9,0,1,0,7.3921227601631045,1.6078772398368955
2017-03-24 14:00:00,2,24,0,1,0,25.388048088410216,1.3880480884102155
2017-03-24 14:00:00,1,87,0,1,0,84.02956251155477,2.970437488445228
2017-03-24 15:00:00,3,23,0,1,0,23.178709155289237,0.17870915528923703
2017-03-24 15:00:00,2,32,0,1,0,24.660246933503107,7.339753066496893
2017-03-24 15:00:00,1,88,0,1,0,83.73358539844229,4.266414601557713
2017-03-24 15:00:00,4,6,0,1,0,7.9502232453523245,1.9502232453523245
2017-03-24 16:00:00,1,84,0,1,0,80.54899364891342,3.4510063510865763
2017-03-24 16:00:00,2,26,0,1,0,30.748171446184863,4.7481714461848625
2017-03-24 16:00:00,4,6,0,1,0,6.879406697149834,0.8794066971498342
2017-03-24 16:00:00,3,21,0,1,0,22.5742166320895,1.5742166320894988
2017-03-24 17:00:00,2,24,0,1,1,25.63927616201315,1.6392761620131502
2017-03-24 17:00:00,4,8,0,1,1,7.298399684616935,0.7016003153830654
2017-03-24 17:00:00,3,20,0,1,1,20.379691736096834,0.3796917360968344
2017-03-24 17:00:00,1,76,0,1,1,80.52641206144311,4.526412061443111
2017-03-24 18:00:00,3,18,0,1,1,20.356473046820465,2.356473046820465
2017-03-24 18:00:00,1,89,0,1,1,80.23324873943984,8.766751260560156
2017-03-24 18:00:00,4,6,0,1,1,7.651662922198059,1.6516629221980592
2017-03-24 18:00:00,2,27,0,1,1,25.070646366812433,1.9293536331875671
2017-03-24 19:00:00,3,22,0,1,1,19.407375592233368,2.592624407766632
2017-03-24 19:00:00,1,87,0,1,1,90.0572387867637,3.0572387867637048
2017-03-24 19:00:00,4,4,0,1,1,7.150614735295362,3.1506147352953624
2017-03-24 19:00:00,2,27,0,1,1,27.750468098268314,0.7504680982683141
2017-03-24 20:00:00,4,7,0,1,0,6.788228737424976,0.21177126257502366
2017-03-24 20:00:00,3,16,0,1,0,22.065915804213102,6.065915804213102
2017-03-24 20:00:00,1,87,0,1,0,83.38727511010838,3.6127248898916235
2017-03-24 20:00:00,2,28,0,1,0,27.12938812856594,0.8706118714340612
2017-03-24 21:00:00,3,20,0,1,0,16.989573825859047,3.010426174140953
2017-03-24 21:00:00,1,80,0,1,0,82.58317617081187,2.5831761708118677
2017-03-24 21:00:00,4,4,0,1,0,6.8700419966188795,2.8700419966188795
2017-03-24 21:00:00,2,28,0,1,0,26.760897367584175,1.2391026324158254
2017-03-24 22:00:00,1,74,0,1,0,76.78779752950629,2.7877975295062924
2017-03-24 22:00:00,4,5,0,1,0,5.6693549184213365,0.6693549184213365
2017-03-24 22:00:00,2,25,0,1,0,26.635111523752546,1.6351115237525455
2017-03-24 22:00:00,3,19,0,1,0,18.972619660608032,0.027380339391967823
2017-03-24 23:00:00,2,28,0,1,0,23.672297691077162,4.327702308922838
2017-03-24 23:00:00,4,4,0,1,0,5.7647224740600205,1.7647224740600205
2017-03-24 23:00:00,1,71,0,1,0,69.9289884621075,1.0710115378925025
2017-03-24 23:00:00,3,17,0,1,0,17.702063955464144,0.7020639554641441
2017-03-25 00:00:00,4,9,0,0,0,4.921753017286313,4.078246982713687
2017-03-25 00:00:00,1,61,0,0,0,65.01780550876727,4.0178055087672675
2017-03-25 00:00:00,2,24,0,0,0,25.281590606966876,1.2815906069668763
2017-03-25 00:00:00,3,14,0,0,0,15.078882911030487,1.0788829110304867
2017-03-25 01:00:00,1,56,0,0,0,52.992210538924596,3.0077894610754043
2017-03-25 01:00:00,4,4,0,0,0,4.983118573805924,0.9831185738059238
2017-03-25 01:00:00,2,21,0,0,0,20.77891886886399,0.22108113113601036
2017-03-25 01:00:00,3,10,0,0,0,11.031236271124746,1.0312362711247456
2017-03-25 02:00:00,3,9,0,0,0,8.893589025297734,0.1064109747022659
2017-03-25 02:00:00,1,50,0,0,0,48.94656374606927,1.0534362539307267
2017-03-25 02:00:00,2,18,0,0,0,17.992064665826845,0.007935334173154729
2017-03-25 02:00:00,4,3,0,0,0,4.528506959544799,1.5285069595447993
2017-03-25 03:00:00,2,16,0,0,0,15.959805189716322,0.040194810283677995
2017-03-25 03:00:00,1,44,0,0,0,43.501166347839536,0.4988336521604637
2017-03-25 03:00:00,3,9,0,0,0,7.393346163267186,1.6066538367328143
2017-03-25 03:00:00,4,2,0,0,0,4.09696015646292,2.09696015646292
2017-03-25 04:00:00,3,5,0,0,0,7.097232180904634,2.0972321809046344
2017-03-25 04:00:00,4,5,0,0,0,3.394851189525372,1.605148810474628
2017-03-25 04:00:00,2,11,0,0,0,14.429722545428247,3.4297225454282465
2017-03-25 04:00:00,1,41,0,0,0,38.444073565071164,2.5559264349288355
2017-03-25 05:00:00,2,11,0,0,0,10.990112474752621,0.009887525247378903
2017-03-25 05:00:00,3,5,0,0,0,6.1123503606700496,1.1123503606700496
2017-03-25 05:00:00,4,3,0,0,0,3.6820380256268748,0.6820380256268748
2017-03-25 05:00:00,1,37,0,0,0,36.509899631962085,0.4901003680379148
2017-03-25 06:00:00,2,13,0,0,0,11.638021815754163,1.361978184245837
2017-03-25 06:00:00,3,6,0,0,0,5.87753316515717,0.12246683484282972
2017-03-25 06:00:00,1,36,0,0,0,38.781242946861425,2.7812429468614255
2017-03-25 06:00:00,4,2,0,0,0,3.941726989891278,1.941726989891278
2017-03-25 07:00:00,2,12,0,0,1,13.216481481869147,1.2164814818691472
2017-03-25 07:00:00,1,44,0,0,1,40.24544023251783,3.7545597674821707
2017-03-25 07:00:00,3,7,0,0,1,6.218411091871875,0.7815889081281249
2017-03-25 07:00:00,4,4,0,0,1,4.64756028999059,0.6475602899905901
2017-03-25 08:00:00,4,5,0,0,1,5.092311454060013,0.09231145406001318
2017-03-25 08:00:00,3,9,0,0,1,8.05408928296438,0.9459107170356198
2017-03-25 08:00:00,1,45,0,0,1,46.3820575397904,1.3820575397904022
2017-03-25 08:00:00,2,12,0,0,1,13.743674924810453,1.7436749248104526
2017-03-25 09:00:00,3,11,0,0,1,9.54466568218665,1.4553343178133495
2017-03-25 09:00:00,4,3,0,0,1,6.042317151881699,3.042317151881699
2017-03-25 09:00:00,1,54,0,0,1,49.38566066949343,4.614339330506567
2017-03-25 09:00:00,2,13,0,0,1,14.234925676093724,1.2349256760937237
2017-03-25 10:00:00,4,8,0,0,0,6.510575567668023,1.489424432331977
2017-03-25 10:00:00,3,13,0,0,0,12.534259878787978,0.465740121212022
2017-03-25 10:00:00,2,12,0,0,0,14.615580925556335,2.615580925556335
2017-03-25 10:00:00,1,64,0,0,0,65.30962470061063,1.3096247006106267
2017-03-25 11:00:00,1,64,0,0,0,69.62668082141606,5.626680821416059
2017-03-25 11:00:00,4,7,0,0,0,7.738260235094072,0.7382602350940717
2017-03-25 11:00:00,3,17,0,0,0,14.053697899878731,2.946302100121269
2017-03-25 11:00:00,2,17,0,0,0,14.442025648004932,2.5579743519950675
2017-03-25 12:00:00,2,15,0,0,0,16.51928584838769,1.519285848387689
2017-03-25 12:00:00,4,7,0,0,0,7.947357914890824,0.9473579148908238
2017-03-25 12:00:00,1,60,0,0,0,65.89126066794583,5.891260667945829
2017-03-25 12:00:00,3,19,0,0,0,16.44413744705487,2.555862552945129
2017-03-25 13:00:00,4,6,0,0,0,7.388763325378891,1.388763325378891
2017-03-25 13:00:00,2,17,0,0,0,15.036036082192519,1.9639639178074813
2017-03-25 13:00:00,1,51,0,0,0,55.36386020141599,4.363860201415989
2017-03-25 13:00:00,3,20,0,0,0,17.616287246562123,2.3837127534378766
2017-03-25 14:00:00,2,14,0,0,0,16.623301838764622,2.623301838764622
2017-03-25 14:00:00,4,5,0,0,0,6.890970561684073,1.8909705616840728
2017-03-25 14:00:00,3,11,0,0,0,19.552111050368943,8.552111050368943
2017-03-25 14:00:00,1,50,0,0,0,54.46629241132915,4.46629241132915
2017-03-25 15:00:00,1,48,0,0,0,49.93796970513397,1.9379697051339733
2017-03-25 15:00:00,4,5,0,0,0,6.666974198114882,1.6669741981148816
2017-03-25 15:00:00,3,12,0,0,0,14.494219881052016,2.4942198810520164
2017-03-25 15:00:00,2,15,0,0,0,15.707574725975718,0.7075747259757179
2017-03-25 16:00:00,3,13,0,0,0,13.396642711577988,0.3966427115779876
2017-03-25 16:00:00,1,51,0,0,0,46.86923686286359,4.130763137136412
2017-03-25 16:00:00,4,6,0,0,0,5.864404818692813,0.1355951813071874
2017-03-25 16:00:00,2,16,0,0,0,15.472879147643736,0.5271208523562638
2017-03-25 17:00:00,4,6,0,0,1,5.824708503947287,0.1752914960527132
2017-03-25 17:00:00,3,10,0,0,1,12.81427899720245,2.8142789972024502
2017-03-25 17:00:00,1,54,0,0,1,51.24038230469033,2.7596176953096716
2017-03-25 17:00:00,2,15,0,0,1,15.96860684818975,0.9686068481897507
2017-03-25 18:00:00,3,22,0,0,1,12.04301506559064,9.95698493440936
2017-03-25 18:00:00,4,5,0,0,1,6.593142191381425,1.5931421913814248
2017-03-25 18:00:00,2,17,0,0,1,16.64540361897145,0.35459638102854996
2017-03-25 18:00:00,1,63,0,0,1,56.6052255534888,6.3947744465111995
2017-03-25 19:00:00,2,15,0,0,1,18.364208032486538,3.3642080324865375
2017-03-25 19:00:00,3,70,0,0,1,22.054425945341684,47.945574054658316
2017-03-25 19:00:00,4,11,0,0,1,6.953934032059261,4.046065967940739
2017-03-25 19:00:00,1,60,0,0,1,68.24676702553546,8.246767025535462
2017-03-25 20:00:00,4,5,0,0,0,9.605300356668726,4.605300356668726
2017-03-25 20:00:00,1,61,0,0,0,60.401452080290525,0.5985479197094747
2017-03-25 20:00:00,2,16,0,0,0,17.19020150040408,1.1902015004040791
2017-03-25 20:00:00,3,41,0,0,0,90.0726167295983,49.072616729598295
2017-03-25 21:00:00,4,10,0,0,0,7.459535158002081,2.5404648419979194
2017-03-25 21:00:00,2,20,0,0,0,16.074610044703242,3.925389955296758
2017-03-25 21:00:00,3,37,0,0,0,30.85465341887707,6.145346581122929
2017-03-25 21:00:00,1,64,0,0,0,59.233133834812946,4.766866165187054
2017-03-25 22:00:00,2,15,0,0,0,18.94552432584303,3.9455243258430315
2017-03-25 22:00:00,3,31,0,0,0,33.50882103936213,2.5088210393621324
2017-03-25 22:00:00,1,56,0,0,0,61.96278074927469,5.9627807492746925
2017-03-25 22:00:00,4,8,0,0,0,8.893579035770612,0.8935790357706122
2017-03-25 23:00:00,4,6,0,0,0,7.9820051432321355,1.9820051432321355
2017-03-25 23:00:00,2,16,0,0,0,16.35126123100685,0.35126123100684836
2017-03-25 23:00:00,1,56,0,0,0,53.59287784058782,2.4071221594121823
2017-03-25 23:00:00,3,29,0,0,0,30.61173099290355,1.6117309929035493
2017-03-26 00:00:00,3,19,0,0,0,27.069039832258362,8.069039832258362
2017-03-26 00:00:00,4,5,0,0,0,6.7425804019567765,1.7425804019567765
2017-03-26 00:00:00,2,16,0,0,0,15.287623401966782,0.7123765980332184
2017-03-26 00:00:00,1,51,0,0,0,50.92683244530535,0.07316755469464908
2017-03-26 01:00:00,1,45,0,0,0,43.75116416817171,1.2488358318282877
2017-03-26 01:00:00,3,15,0,0,0,14.904115786701771,0.09588421329822872
2017-03-26 01:00:00,4,4,0,0,0,4.77986693992918,0.77986693992918
2017-03-26 01:00:00,2,18,0,0,0,13.633736081032524,4.366263918967476
2017-03-26 02:00:00,3,14,0,0,0,11.782457345092366,2.217542654907634
2017-03-26 02:00:00,4,4,0,0,0,3.959951742720334,0.0400482572796661
2017-03-26 02:00:00,2,14,0,0,0,14.996168921536425,0.9961689215364249
2017-03-26 02:00:00,1,37,0,0,0,39.29543726887835,2.295437268878352
2017-03-26 03:00:00,3,8,0,0,0,10.751121986293116,2.751121986293116
2017-03-26 03:00:00,4,3,0,0,0,3.8963023294809798,0.8963023294809798
2017-03-26 03:00:00,2,11,0,0,0,12.437937654803992,1.4379376548039922
2017-03-26 03:00:00,1,35,0,0,0,32.46923036695501,2.53076963304499
2017-03-26 04:00:00,1,30,0,0,0,30.686277899394707,0.6862778993947067
2017-03-26 04:00:00,3,7,0,0,0,7.843424026095525,0.8434240260955246
2017-03-26 04:00:00,4,4,0,0,0,3.615062985444355,0.384937014555645
2017-03-26 04:00:00,2,9,0,0,0,10.549575431975782,1.5495754319757822
2017-03-26 05:00:00,1,29,0,0,0,27.93449754845291,1.06550245154709
2017-03-26 05:00:00,3,7,0,0,0,6.9263614606012425,0.07363853939875753
2017-03-26 05:00:00,4,4,0,0,0,3.615062985444355,0.384937014555645
2017-03-26 05:00:00,2,10,0,0,0,8.406830695637877,1.5931693043621227
2017-03-26 06:00:00,4,4,0,0,0,4.05796967666458,0.057969676664580305
2017-03-26 06:00:00,2,11,0,0,0,8.972643030501345,2.027356969498655
2017-03-26 06:00:00,3,10,0,0,0,6.50116668898951,3.4988333110104897
2017-03-26 06:00:00,1,28,0,0,0,29.75647802612266,1.756478026122661
2017-03-26 07:00:00,2,9,0,0,1,11.024480922599846,2.024480922599846
2017-03-26 07:00:00,1,32,0,0,1,30.902691854961763,1.0973081450382374
2017-03-26 07:00:00,4,5,0,0,1,4.93136841248109,0.06863158751890985
2017-03-26 07:00:00,3,11,0,0,1,9.355158098368856,1.6448419016311444
2017-03-26 08:00:00,1,38,0,0,1,36.1406153687859,1.8593846312140982
2017-03-26 08:00:00,4,4,0,0,1,5.753743480825812,1.753743480825812
2017-03-26 08:00:00,2,10,0,0,1,11.076685662591055,1.0766856625910552
2017-03-26 08:00:00,3,16,0,0,1,11.011171606713654,4.9888283932863455
2017-03-26 09:00:00,4,6,0,0,1,6.163575609108139,0.16357560910813884
2017-03-26 09:00:00,3,15,0,0,1,17.00236793709639,2.002367937096391
2017-03-26 09:00:00,1,43,0,0,1,43.61446072011662,0.6144607201166181
2017-03-26 09:00:00,2,11,0,0,1,11.614672158823677,0.6146721588236765
2017-03-26 10:00:00,1,51,0,0,0,46.12104603029832,4.8789539697016835
2017-03-26 10:00:00,4,6,0,0,0,6.890824280221677,0.8908242802216773
2017-03-26 10:00:00,3,20,0,0,0,17.976670975112686,2.023329024887314
2017-03-26 10:00:00,2,14,0,0,0,11.988103236328406,2.0118967636715936
2017-03-26 11:00:00,1,49,0,0,0,58.13354308562258,9.133543085622577
2017-03-26 11:00:00,2,13,0,0,0,14.527432474990308,1.5274324749903077
2017-03-26 11:00:00,4,5,0,0,0,7.016008395449644,2.016008395449644
2017-03-26 11:00:00,3,17,0,0,0,20.775484506977598,3.775484506977598
2017-03-26 12:00:00,2,15,0,0,0,14.571324222951176,0.42867577704882365
2017-03-26 12:00:00,1,48,0,0,0,50.42756259758547,2.427562597585471
2017-03-26 12:00:00,4,4,0,0,0,7.069908325040814,3.0699083250408137
2017-03-26 12:00:00,3,17,0,0,0,17.983747788400777,0.9837477884007768
2017-03-26 13:00:00,2,15,0,0,0,14.097783585644697,0.9022164143553031
2017-03-26 13:00:00,3,16,0,0,0,16.964165969876625,0.9641659698766247
2017-03-26 13:00:00,1,45,0,0,0,44.85859331646655,0.14140668353344665
2017-03-26 13:00:00,4,5,0,0,0,5.23345282762907,0.23345282762906994
2017-03-26 14:00:00,3,15,0,0,0,16.657733191338252,1.6577331913382523
2017-03-26 14:00:00,1,47,0,0,0,45.253299081022945,1.746700918977055
2017-03-26 14:00:00,4,6,0,0,0,5.582516048946689,0.4174839510533106
2017-03-26 14:00:00,2,16,0,0,0,15.034351671670153,0.9656483283298467
2017-03-26 15:00:00,1,47,0,0,0,46.89400093561199,0.10599906438800843
2017-03-26 15:00:00,4,7,0,0,0,5.728943738724133,1.2710562612758673
2017-03-26 15:00:00,3,17,0,0,0,15.944589813266685,1.0554101867333152
2017-03-26 15:00:00,2,13,0,0,0,16.185921204318305,3.185921204318305
2017-03-26 16:00:00,2,15,0,0,0,14.910529460684305,0.08947053931569471
2017-03-26 16:00:00,4,5,0,0,0,7.011194332451253,2.011194332451253
2017-03-26 16:00:00,3,18,0,0,0,16.41527807645618,1.584721923543821
2017-03-26 16:00:00,1,48,0,0,0,46.59272913459628,1.4072708654037172
2017-03-26 17:00:00,1,48,0,0,1,47.789325105995516,0.2106748940044838
2017-03-26 17:00:00,4,5,0,0,1,6.504311824750589,1.504311824750589
2017-03-26 17:00:00,2,17,0,0,1,15.154506918814343,1.8454930811856567
2017-03-26 17:00:00,3,22,0,0,1,17.64946028936902,4.350539710630979
2017-03-26 18:00:00,2,19,0,0,1,17.24428050211364,1.7557194978863606
2017-03-26 18:00:00,1,57,0,0,1,51.28745721019045,5.712542789809547
2017-03-26 18:00:00,3,13,0,0,1,22.46292221430658,9.46292221430658
2017-03-26 18:00:00,4,4,0,0,1,6.516180586704086,2.5161805867040856
2017-03-26 19:00:00,3,14,0,0,1,17.76399279496133,3.7639927949613288
2017-03-26 19:00:00,2,20,0,0,1,20.400813653115836,0.4008136531158364
2017-03-26 19:00:00,4,8,0,0,1,6.045805028407515,1.954194971592485
2017-03-26 19:00:00,1,64,0,0,1,61.83166816533401,2.1683318346659917
2017-03-26 20:00:00,3,16,0,0,0,17.418743864803925,1.4187438648039254
2017-03-26 20:00:00,4,4,0,0,0,7.485994010246651,3.4859940102466513
2017-03-26 20:00:00,1,63,0,0,0,65.42658519479987,2.42658519479987
2017-03-26 20:00:00,2,18,0,0,0,20.764929593382732,2.764929593382732
2017-03-26 21:00:00,1,62,0,0,0,60.525685347306286,1.4743146526937139
2017-03-26 21:00:00,3,15,0,0,0,15.11941741242774,0.11941741242774029
2017-03-26 21:00:00,4,6,0,0,0,5.9129267277194035,0.08707327228059647
2017-03-26 21:00:00,2,19,0,0,0,17.830218244759774,1.1697817552402263
2017-03-26 22:00:00,3,20,0,0,0,15.35666722482623,4.64333277517377
2017-03-26 22:00:00,1,64,0,0,0,59.74084659850511,4.259153401494892
2017-03-26 22:00:00,4,6,0,0,0,6.820579694167234,0.8205796941672343
2017-03-26 22:00:00,2,20,0,0,0,18.97505943581404,1.024940564185961
2017-03-26 23:00:00,2,23,0,0,0,19.396621475756792,3.603378524243208
2017-03-26 23:00:00,4,4,0,0,0,6.017127272404636,2.017127272404636
2017-03-26 23:00:00,1,61,0,0,0,61.9022810928115,0.9022810928114993
2017-03-26 23:00:00,3,18,0,0,0,18.697942252937242,0.6979422529372421
2017-03-27 00:00:00,4,3,0,1,0,5.337259822249979,2.3372598222499787
2017-03-27 00:00:00,3,14,0,1,0,15.447195538395839,1.4471955383958388
2017-03-27 00:00:00,1,51,0,1,0,54.71043873629946,3.7104387362994586
2017-03-27 00:00:00,2,20,0,1,0,20.83152963325245,0.8315296332524511
2017-03-27 01:00:00,3,9,0,1,0,11.327135854820984,2.327135854820984
2017-03-27 01:00:00,2,18,0,1,0,17.75145994012634,0.24854005987365824
2017-03-27 01:00:00,4,3,0,1,0,4.185532980741015,1.1855329807410149
2017-03-27 01:00:00,1,44,0,1,0,46.431933402200706,2.4319334022007055
2017-03-27 02:00:00,1,40,0,1,0,39.81104636888829,0.18895363111170838
2017-03-27 02:00:00,3,9,0,1,0,8.724369827200798,0.2756301727992021
2017-03-27 02:00:00,4,4,0,1,0,3.7528325763393533,0.2471674236606467
2017-03-27 02:00:00,2,20,0,1,0,16.184319906913267,3.8156800930867334
2017-03-27 03:00:00,1,36,0,1,0,36.346416253154466,0.3464162531544659
2017-03-27 03:00:00,4,2,0,1,0,3.7528325763393533,1.7528325763393533
2017-03-27 03:00:00,2,17,0,1,0,17.39714792427268,0.3971479242726801
2017-03-27 03:00:00,3,7,0,1,0,7.6157679163820955,0.6157679163820955
2017-03-27 04:00:00,2,15,0,1,0,15.275375254461991,0.2753752544619914
2017-03-27 04:00:00,4,1,0,1,0,3.6488634671936717,2.6488634671936717
2017-03-27 04:00:00,3,8,0,1,0,6.875682999705155,1.1243170002948446
2017-03-27 04:00:00,1,36,0,1,0,31.78905589033726,4.210944109662741
2017-03-27 05:00:00,1,33,0,1,0,32.747244432023365,0.2527555679766351
2017-03-27 05:00:00,2,11,0,1,0,14.045707246782362,3.045707246782362
2017-03-27 05:00:00,3,7,0,1,0,6.687366146041319,0.3126338539586806
2017-03-27 05:00:00,4,7,0,1,0,3.6488634671936717,3.3511365328063283
2017-03-27 06:00:00,2,12,0,1,0,12.742746217983495,0.7427462179834947
2017-03-27 06:00:00,3,7,0,1,0,6.876894324470972,0.12310567552902807
2017-03-27 06:00:00,4,6,0,1,0,4.887735393897598,1.1122646061024017
2017-03-27 06:00:00,1,39,0,1,0,35.796181712339205,3.203818287660795
2017-03-27 07:00:00,1,43,0,1,1,43.15241165181215,0.15241165181215166
2017-03-27 07:00:00,3,13,0,1,1,8.174404364372178,4.825595635627822
2017-03-27 07:00:00,2,16,0,1,1,13.666963685813014,2.3330363141869856
2017-03-27 07:00:00,4,2,0,1,1,5.619481862295557,3.619481862295557
2017-03-27 08:00:00,4,6,0,1,1,6.091863118471468,0.09186311847146822
2017-03-27 08:00:00,1,49,0,1,1,46.60370993582711,2.396290064172888
2017-03-27 08:00:00,3,14,0,1,1,12.28034753611658,1.7196524638834205
2017-03-27 08:00:00,2,12,0,1,1,16.450282571180608,4.450282571180608
2017-03-27 09:00:00,4,9,0,1,1,7.090941175153689,1.9090588248463112
2017-03-27 09:00:00,1,62,0,1,1,58.70631833334542,3.293681666654578
2017-03-27 09:00:00,2,16,0,1,1,16.061482839754706,0.061482839754706475
2017-03-27 09:00:00,3,16,0,1,1,15.67687106312053,0.32312893687947053
2017-03-27 10:00:00,1,79,0,1,0,75.67368920051089,3.3263107994891072
2017-03-27 10:00:00,2,20,0,1,0,18.19299680833359,1.8070031916664107
2017-03-27 10:00:00,3,24,0,1,0,18.88836586750816,5.11163413249184
2017-03-27 10:00:00,4,14,0,1,0,9.489349701712612,4.510650298287388
2017-03-27 11:00:00,1,105,0,1,0,85.06513790799687,19.93486209200313
2017-03-27 11:00:00,3,25,0,1,0,25.539569363309575,0.5395693633095746
2017-03-27 11:00:00,2,20,0,1,0,21.138555282409254,1.1385552824092535
2017-03-27 11:00:00,4,17,0,1,0,13.314787513464015,3.6852124865359848
2017-03-27 12:00:00,1,99,0,1,0,94.86658790899247,4.1334120910075285
2017-03-27 12:00:00,2,26,0,1,0,20.19330247918022,5.806697520819782
2017-03-27 12:00:00,3,23,0,1,0,24.900497694281697,1.9004976942816967
2017-03-27 12:00:00,4,10,0,1,0,15.486039568845985,5.486039568845985
2017-03-27 13:00:00,4,10,0,1,0,12.0817510938676,2.0817510938676005
2017-03-27 13:00:00,3,26,0,1,0,22.928480605388287,3.0715193946117125
2017-03-27 13:00:00,1,88,0,1,0,88.61900979467676,0.6190097946767565
2017-03-27 13:00:00,2,27,0,1,0,24.464203758530275,2.5357962414697255
2017-03-27 14:00:00,2,30,0,1,0,27.039612159144205,2.9603878408557946
2017-03-27 14:00:00,3,26,0,1,0,25.795556431875607,0.20444356812439324
2017-03-27 14:00:00,1,94,0,1,0,94.36242446806634,0.36242446806633666
2017-03-27 14:00:00,4,8,0,1,0,11.192251392577074,3.1922513925770737
2017-03-27 15:00:00,3,30,0,1,0,25.46129563993439,4.5387043600656085
2017-03-27 15:00:00,4,13,0,1,0,9.10097244480245,3.8990275551975504
2017-03-27 15:00:00,1,89,0,1,0,90.77309955855179,1.7730995585517917
2017-03-27 15:00:00,2,30,0,1,0,29.119176340054825,0.8808236599451753
2017-03-27 16:00:00,1,82,0,1,0,88.20844161284782,6.208441612847821
2017-03-27 16:00:00,2,30,0,1,0,28.56269859465412,1.437301405345881
2017-03-27 16:00:00,4,9,0,1,0,10.774813340372592,1.7748133403725923
2017-03-27 16:00:00,3,25,0,1,0,28.380673059398337,3.3806730593983367
2017-03-27 17:00:00,2,30,0,1,1,29.324630056899235,0.6753699431007654
2017-03-27 17:00:00,4,7,0,1,1,9.613584576169371,2.6135845761693712
2017-03-27 17:00:00,1,86,0,1,1,81.76387391971258,4.23612608028742
2017-03-27 17:00:00,3,26,0,1,1,25.28740184411173,0.7125981558882692
2017-03-27 18:00:00,2,31,0,1,1,30.043633567567007,0.9563664324329935
2017-03-27 18:00:00,4,11,0,1,1,9.005349841703348,1.9946501582966523
2017-03-27 18:00:00,3,22,0,1,1,26.13615828093754,4.13615828093754
2017-03-27 18:00:00,1,89,0,1,1,87.58143014679756,1.4185698532024418
2017-03-27 19:00:00,1,108,0,1,1,90.291107089699,17.708892910301003
2017-03-27 19:00:00,3,25,0,1,1,23.24006534690722,1.759934653092781
2017-03-27 19:00:00,2,37,0,1,1,31.558033596783115,5.441966403216885
2017-03-27 19:00:00,4,8,0,1,1,9.669319555304822,1.6693195553048223
2017-03-27 20:00:00,2,29,0,1,0,36.70172515068985,7.701725150689853
2017-03-27 20:00:00,1,95,0,1,0,98.10437561814284,3.1043756181428392
2017-03-27 20:00:00,3,21,0,1,0,25.12709578392666,4.127095783926659
2017-03-27 20:00:00,4,5,0,1,0,8.67189163407273,3.671891634072731
2017-03-27 21:00:00,4,9,0,1,0,8.083170520811498,0.9168294791885021
2017-03-27 21:00:00,3,22,0,1,0,20.75867722160783,1.2413227783921705
2017-03-27 21:00:00,2,32,0,1,0,28.65786681911692,3.3421331808830814
2017-03-27 21:00:00,1,86,0,1,0,92.19988505099977,6.199885050999768
2017-03-27 22:00:00,2,34,0,1,0,31.88985073360126,2.1101492663987393
2017-03-27 22:00:00,3,24,0,1,0,21.686150988272367,2.3138490117276334
2017-03-27 22:00:00,1,83,0,1,0,85.33117893607182,2.3311789360718222
2017-03-27 22:00:00,4,9,0,1,0,8.108621302985952,0.8913786970140478
2017-03-27 23:00:00,4,10,0,1,0,8.019818390416798,1.9801816095832017
2017-03-27 23:00:00,3,18,0,1,0,22.632729053060977,4.632729053060977
2017-03-27 23:00:00,1,84,0,1,0,80.21885283195452,3.7811471680454787
2017-03-27 23:00:00,2,29,0,1,0,31.372343508948433,2.3723435089484326
2017-03-28 00:00:00,1,74,0,1,0,79.16334406597987,5.163344065979871
2017-03-28 00:00:00,4,8,0,1,0,7.769185967838705,0.2308140321612946
2017-03-28 00:00:00,3,21,0,1,0,17.053358908210818,3.946641091789182
2017-03-28 00:00:00,2,30,0,1,0,26.397446245112032,3.6025537548879676
2017-03-28 01:00:00,2,25,0,1,0,25.280094802438132,0.280094802438132
2017-03-28 01:00:00,3,12,0,1,0,15.670499200549113,3.670499200549113
2017-03-28 01:00:00,4,5,0,1,0,6.305526841270661,1.3055268412706607
2017-03-28 01:00:00,1,66,0,1,0,63.22553945337788,2.774460546622123
2017-03-28 02:00:00,1,57,0,1,0,58.71913358645246,1.7191335864524575
2017-03-28 02:00:00,3,13,0,1,0,10.429264398545742,2.570735601454258
2017-03-28 02:00:00,4,4,0,1,0,5.536906209780409,1.5369062097804091
2017-03-28 02:00:00,2,26,0,1,0,21.498728462644113,4.501271537355887
2017-03-28 03:00:00,2,19,0,1,0,22.1174081656987,3.1174081656986985
2017-03-28 03:00:00,3,10,0,1,0,10.475851396308084,0.4758513963080837
2017-03-28 03:00:00,4,3,0,1,0,4.687385227398786,1.687385227398786
2017-03-28 03:00:00,1,46,0,1,0,51.29462872511337,5.29462872511337
2017-03-28 04:00:00,1,37,0,1,0,41.86731631526131,4.867316315261313
2017-03-28 04:00:00,3,7,0,1,0,8.811731921017962,1.8117319210179623
2017-03-28 04:00:00,2,15,0,1,0,17.744032791821716,2.7440327918217164
2017-03-28 04:00:00,4,7,0,1,0,4.036640698829854,2.9633593011701462
2017-03-28 05:00:00,1,39,0,1,0,34.39236861789401,4.607631382105993
2017-03-28 05:00:00,4,2,0,1,0,4.528874358928593,2.5288743589285927
2017-03-28 05:00:00,3,5,0,1,0,7.391784400503933,2.3917844005039326
2017-03-28 05:00:00,2,19,0,1,0,14.619762608208761,4.380237391791239
2017-03-28 06:00:00,2,16,0,1,0,18.101182269386328,2.101182269386328
2017-03-28 06:00:00,4,5,0,1,0,4.659986223598272,0.3400137764017277
2017-03-28 06:00:00,1,51,0,1,0,41.08788094909933,9.912119050900671
2017-03-28 06:00:00,3,10,0,1,0,6.769465299016592,3.230534700983408
2017-03-28 07:00:00,3,11,0,1,1,9.096228217602427,1.9037717823975733
2017-03-28 07:00:00,2,17,0,1,1,18.715763845027254,1.7157638450272543
2017-03-28 07:00:00,4,5,0,1,1,5.445326288833486,0.4453262888334857
2017-03-28 07:00:00,1,53,0,1,1,50.95000379069503,2.0499962093049717
2017-03-28 08:00:00,4,4,0,1,1,5.943309614445488,1.9433096144454884
2017-03-28 08:00:00,2,22,0,1,1,19.461861793842086,2.538138206157914
2017-03-28 08:00:00,1,58,0,1,1,55.58183429079292,2.4181657092070807
2017-03-28 08:00:00,3,14,0,1,1,11.082852742757588,2.917147257242412
2017-03-28 09:00:00,2,21,0,1,1,23.558524505509602,2.5585245055096024
2017-03-28 09:00:00,4,7,0,1,1,6.888015784158817,0.11198421584118279
2017-03-28 09:00:00,3,14,0,1,1,15.409089419920642,1.409089419920642
2017-03-28 09:00:00,1,66,0,1,1,65.90207752392885,0.09792247607114746
2017-03-28 10:00:00,1,71,0,1,0,78.643493876289,7.643493876289
2017-03-28 10:00:00,2,21,0,1,0,24.096774216185672,3.096774216185672
2017-03-28 10:00:00,3,15,0,1,0,17.303988740732386,2.303988740732386
2017-03-28 10:00:00,4,6,0,1,0,8.549608525602604,2.549608525602604
2017-03-28 11:00:00,1,84,0,1,0,78.08156354346595,5.918436456534053
2017-03-28 11:00:00,4,9,0,1,0,8.405909487687088,0.5940905123129117
2017-03-28 11:00:00,2,23,0,1,0,23.292298799023882,0.29229879902388234
2017-03-28 11:00:00,3,26,0,1,0,17.432061674369674,8.567938325630326
2017-03-28 12:00:00,2,30,0,1,0,23.281422304875584,6.7185776951244165
2017-03-28 12:00:00,1,93,0,1,0,87.36907206715217,5.6309279328478254
2017-03-28 12:00:00,3,28,0,1,0,24.613175181250625,3.386824818749375
2017-03-28 12:00:00,4,11,0,1,0,9.508074422019483,1.491925577980517
2017-03-28 13:00:00,1,82,0,1,0,81.50114656663713,0.4988534333628678
2017-03-28 13:00:00,2,28,0,1,0,28.058545907527982,0.058545907527982166
2017-03-28 13:00:00,3,27,0,1,0,25.484888219936582,1.5151117800634175
2017-03-28 13:00:00,4,5,0,1,0,9.27558292759021,4.275582927590211
2017-03-28 14:00:00,4,10,0,1,0,8.936655982401874,1.0633440175981264
2017-03-28 14:00:00,1,85,0,1,0,89.97734686211419,4.977346862114189
2017-03-28 14:00:00,2,31,0,1,0,27.568165568818674,3.4318344311813256
2017-03-28 14:00:00,3,26,0,1,0,27.557993420417514,1.5579934204175139
2017-03-28 15:00:00,3,22,0,1,0,25.8361427632737,3.836142763273699
2017-03-28 15:00:00,4,8,0,1,0,9.42252636625399,1.4225263662539902
2017-03-28 15:00:00,1,86,0,1,0,85.54541704957043,0.4545829504295682
2017-03-28 15:00:00,2,33,0,1,0,30.259504912514366,2.740495087485634
2017-03-28 16:00:00,3,24,0,1,0,21.765351219393846,2.234648780606154
2017-03-28 16:00:00,4,9,0,1,0,8.296092723186037,0.7039072768139629
2017-03-28 16:00:00,1,86,0,1,0,82.88309853635495,3.11690146364505
2017-03-28 16:00:00,2,27,0,1,0,31.77109396198031,4.771093961980309
2017-03-28 17:00:00,1,84,0,1,1,83.23865122189217,0.7613487781078305
2017-03-28 17:00:00,2,29,0,1,1,27.2456742038465,1.7543257961534984
2017-03-28 17:00:00,3,23,0,1,1,24.190966794223005,1.190966794223005
2017-03-28 17:00:00,4,5,0,1,1,8.681485183313816,3.681485183313816
2017-03-28 18:00:00,1,82,0,1,1,87.20377273334043,5.203772733340429
2017-03-28 18:00:00,3,28,0,1,1,23.299312700310143,4.700687299689857
2017-03-28 18:00:00,2,29,0,1,1,28.91448259289217,0.08551740710782951
2017-03-28 18:00:00,4,9,0,1,1,7.540704634321528,1.4592953656784724
2017-03-28 19:00:00,2,36,0,1,1,29.174266367297864,6.825733632702136
2017-03-28 19:00:00,3,21,0,1,1,27.486208551940862,6.486208551940862
2017-03-28 19:00:00,4,7,0,1,1,8.418506970271906,1.4185069702719062
2017-03-28 19:00:00,1,92,0,1,1,85.35847746090664,6.6415225390933585
2017-03-28 20:00:00,1,88,0,1,0,90.1389721341904,2.1389721341903964
2017-03-28 20:00:00,3,24,0,1,0,21.41615617113275,2.5838438288672485
2017-03-28 20:00:00,2,34,0,1,0,35.75169349186319,1.7516934918631932
2017-03-28 20:00:00,4,7,0,1,0,7.966652522658611,0.9666525226586113
2017-03-28 21:00:00,4,7,0,1,0,8.021442723661142,1.021442723661142
2017-03-28 21:00:00,1,78,0,1,0,84.74614098033211,6.746140980332115
2017-03-28 21:00:00,3,22,0,1,0,24.180689587941018,2.1806895879410177
2017-03-28 21:00:00,2,32,0,1,0,33.52621117570997,1.5262111757099674
2017-03-28 22:00:00,1,79,0,1,0,79.24225105502006,0.24225105502006272
2017-03-28 22:00:00,3,23,0,1,0,21.624475471477382,1.375524528522618
2017-03-28 22:00:00,4,8,0,1,0,7.773235976052817,0.2267640239471831
2017-03-28 22:00:00,2,30,0,1,0,32.317290209938534,2.317290209938534
2017-03-28 23:00:00,4,9,0,1,0,7.699787986616251,1.3002120133837494
2017-03-28 23:00:00,1,79,0,1,0,74.22514415217964,4.774855847820362
2017-03-28 23:00:00,2,27,0,1,0,28.152886134250952,1.1528861342509522
2017-03-28 23:00:00,3,24,0,1,0,21.455605382434715,2.5443946175652847
2017-03-29 00:00:00,1,74,0,1,0,72.14137153054779,1.8586284694522135
2017-03-29 00:00:00,4,7,0,1,0,7.118391476358868,0.11839147635886782
2017-03-29 00:00:00,3,22,0,1,0,21.274496556990577,0.7255034430094227
2017-03-29 00:00:00,2,31,0,1,0,25.31780210728255,5.682197892717451
2017-03-29 01:00:00,4,4,0,1,0,6.134046451438554,2.1340464514385538
2017-03-29 01:00:00,3,13,0,1,0,16.264032577629457,3.2640325776294574
2017-03-29 01:00:00,1,61,0,1,0,62.74313326502008,1.7431332650200773
2017-03-29 01:00:00,2,25,0,1,0,25.793107319423083,0.7931073194230827
2017-03-29 02:00:00,4,3,0,1,0,5.0514522442933325,2.0514522442933325
2017-03-29 02:00:00,1,53,0,1,0,54.552435968489185,1.5524359684891849
2017-03-29 02:00:00,3,10,0,1,0,10.940433292468683,0.9404332924686827
2017-03-29 02:00:00,2,28,0,1,0,21.498728462644113,6.501271537355887
2017-03-29 03:00:00,1,44,0,1,0,47.90248379212628,3.902483792126283
2017-03-29 03:00:00,3,11,0,1,0,9.383846227488725,1.6161537725112751
2017-03-29 03:00:00,4,5,0,1,0,4.150314607149283,0.8496853928507173
2017-03-29 03:00:00,2,21,0,1,0,23.584056898134964,2.584056898134964
2017-03-29 04:00:00,3,8,0,1,0,8.652065136560928,0.6520651365609282
2017-03-29 04:00:00,4,4,0,1,0,4.1336846249237125,0.13368462492371247
2017-03-29 04:00:00,2,19,0,1,0,18.475370909330042,0.5246290906699578
2017-03-29 04:00:00,1,36,0,1,0,39.23278491478557,3.2327849147855687
2017-03-29 05:00:00,2,13,0,1,0,17.922573823704937,4.922573823704937
2017-03-29 05:00:00,1,39,0,1,0,33.51010292365054,5.4898970763494574
2017-03-29 05:00:00,3,10,0,1,0,7.6067076324039675,2.3932923675960325
2017-03-29 05:00:00,4,5,0,1,0,4.036640698829854,0.9633593011701462
2017-03-29 06:00:00,2,17,0,1,0,15.944542055596209,1.0554579444037913
2017-03-29 06:00:00,4,2,0,1,0,4.739492988734174,2.739492988734174
2017-03-29 06:00:00,3,9,0,1,0,9.027147020087238,0.027147020087237905
2017-03-29 06:00:00,1,40,0,1,0,40.98036075481875,0.9803607548187472
2017-03-29 07:00:00,2,19,0,1,1,18.187792541069765,0.812207458930235
2017-03-29 07:00:00,3,11,0,1,1,9.752398040665229,1.2476019593347711
2017-03-29 07:00:00,4,2,0,1,1,5.067043018702998,3.0670430187029982
2017-03-29 07:00:00,1,43,0,1,1,44.53067022551211,1.530670225512111
2017-03-29 08:00:00,3,13,0,1,1,11.774695492388812,1.2253045076111881
2017-03-29 08:00:00,2,18,0,1,1,20.047725548741074,2.0477255487410737
2017-03-29 08:00:00,1,53,0,1,1,46.550401340335156,6.449598659664844
2017-03-29 08:00:00,4,6,0,1,1,5.395551495999119,0.6044485040008807
2017-03-29 09:00:00,1,55,0,1,1,61.00929319874962,6.009293198749617
2017-03-29 09:00:00,3,16,0,1,1,14.613274174212131,1.3867258257878685
2017-03-29 09:00:00,2,20,0,1,1,20.95541134145094,0.9554113414509402
2017-03-29 09:00:00,4,3,0,1,1,6.819559692386417,3.8195596923864166
2017-03-29 10:00:00,4,6,0,1,0,7.244271149963579,1.2442711499635788
2017-03-29 10:00:00,1,66,0,1,0,70.79680129004377,4.796801290043774
2017-03-29 10:00:00,3,14,0,1,0,18.194322356485475,4.1943223564854755
2017-03-29 10:00:00,2,20,0,1,0,22.589453040763555,2.589453040763555
2017-03-29 11:00:00,2,25,0,1,0,22.069941717143077,2.9300582828569226
2017-03-29 11:00:00,4,8,0,1,0,7.644071311849967,0.3559286881500334
2017-03-29 11:00:00,1,78,0,1,0,76.91332689641719,1.086673103582811
2017-03-29 11:00:00,3,22,0,1,0,17.76075250248848,4.239247497511521
2017-03-29 12:00:00,4,12,0,1,0,8.386148212043945,3.6138517879560546
2017-03-29 12:00:00,2,23,0,1,0,24.82710026531001,1.8271002653100084
2017-03-29 12:00:00,3,24,0,1,0,21.672959053490885,2.327040946509115
2017-03-29 12:00:00,1,79,0,1,0,82.06379155872868,3.0637915587286813
2017-03-29 13:00:00,2,29,0,1,0,22.787529362101054,6.212470637898946
2017-03-29 13:00:00,4,9,0,1,0,9.640389430460253,0.6403894304602531
2017-03-29 13:00:00,1,72,0,1,0,74.0851737884035,2.0851737884034947
2017-03-29 13:00:00,3,21,0,1,0,23.166445965640843,2.1664459656408432
2017-03-29 14:00:00,4,6,0,1,0,10.022932555093753,4.022932555093753
2017-03-29 14:00:00,3,19,0,1,0,21.5281000448779,2.528100044877899
2017-03-29 14:00:00,1,77,0,1,0,79.20300773945463,2.203007739454634
2017-03-29 14:00:00,2,26,0,1,0,28.258640507678884,2.2586405076788836
2017-03-29 15:00:00,3,21,0,1,0,19.737415078456067,1.262584921543933
2017-03-29 15:00:00,2,27,0,1,0,25.55567274043076,1.4443272595692385
2017-03-29 15:00:00,1,74,0,1,0,78.75505331915772,4.7550533191577244
2017-03-29 15:00:00,4,8,0,1,0,8.69901392444124,0.6990139244412408
2017-03-29 16:00:00,3,21,0,1,0,20.24940833931964,0.7505916606803602
2017-03-29 16:00:00,1,74,0,1,0,74.71393748241317,0.7139374824131721
2017-03-29 16:00:00,4,10,0,1,0,8.245719266273905,1.7542807337260946
2017-03-29 16:00:00,2,26,0,1,0,26.370458228018563,0.3704582280185633
2017-03-29 17:00:00,3,20,0,1,1,20.173566117235126,0.17356611723512572
2017-03-29 17:00:00,1,76,0,1,1,74.45632240630209,1.5436775936979075
2017-03-29 17:00:00,2,32,0,1,1,25.536688602205693,6.463311397794307
2017-03-29 17:00:00,4,5,0,1,1,9.013682944988725,4.013682944988725
2017-03-29 18:00:00,3,23,0,1,1,20.221920315084446,2.7780796849155536
2017-03-29 18:00:00,2,36,0,1,1,32.347596483128136,3.652403516871864
2017-03-29 18:00:00,4,5,0,1,1,7.706770027267965,2.7067700272679653
2017-03-29 18:00:00,1,81,0,1,1,80.14077602375627,0.8592239762437259
2017-03-29 19:00:00,2,34,0,1,1,36.39525162300238,2.3952516230023804
2017-03-29 19:00:00,4,10,0,1,1,7.132275610624575,2.867724389375425
2017-03-29 19:00:00,3,18,0,1,1,23.634151135833097,5.634151135833097
2017-03-29 19:00:00,1,83,0,1,1,83.27303445372927,0.2730344537292666
2017-03-29 20:00:00,2,35,0,1,0,34.80753143667658,0.19246856332342333
2017-03-29 20:00:00,4,5,0,1,0,8.384139830169081,3.3841398301690813
2017-03-29 20:00:00,3,19,0,1,0,18.858481276727076,0.1415187232729238
2017-03-29 20:00:00,1,86,0,1,0,82.680407408864,3.3195925911360007
2017-03-29 21:00:00,2,31,0,1,0,34.88474528203076,3.8847452820307566
2017-03-29 21:00:00,1,92,0,1,0,84.03299646201302,7.967003537986983
2017-03-29 21:00:00,4,6,0,1,0,7.080109050336798,1.080109050336798
2017-03-29 21:00:00,3,23,0,1,0,18.7827207606261,4.217279239373902
2017-03-29 22:00:00,1,84,0,1,0,85.66703738380312,1.6670373838031196
2017-03-29 22:00:00,3,25,0,1,0,22.386050458104954,2.613949541895046
2017-03-29 22:00:00,4,6,0,1,0,7.443413718333819,1.4434137183338187
2017-03-29 22:00:00,2,30,0,1,0,30.699293030903455,0.6992930309034548
2017-03-29 23:00:00,4,7,0,1,0,6.26522493881086,0.7347750611891399
2017-03-29 23:00:00,3,19,0,1,0,23.556840416404633,4.556840416404633
2017-03-29 23:00:00,1,85,0,1,0,77.98163064857061,7.018369351429385
2017-03-29 23:00:00,2,28,0,1,0,28.34700639556455,0.3470063955645486
2017-03-30 00:00:00,3,15,0,1,0,18.493401785520735,3.493401785520735
2017-03-30 00:00:00,4,6,0,1,0,5.940857790826537,0.05914220917346302
2017-03-30 00:00:00,1,73,0,1,0,80.21133003533696,7.211330035336957
2017-03-30 00:00:00,2,28,0,1,0,25.4024089275346,2.5975910724653986
2017-03-30 01:00:00,4,7,0,1,0,5.036846052029336,1.963153947970664
2017-03-30 01:00:00,1,68,0,1,0,62.87864815308658,5.12135184691342
2017-03-30 01:00:00,3,13,0,1,0,11.793496471002264,1.206503528997736
2017-03-30 01:00:00,2,26,0,1,0,23.651533201030702,2.348466798969298
2017-03-30 02:00:00,1,54,0,1,0,59.2246272084327,5.2246272084327
2017-03-30 02:00:00,2,25,0,1,0,22.184884468594436,2.8151155314055636
2017-03-30 02:00:00,3,9,0,1,0,10.657305577087945,1.6573055770879446
2017-03-30 02:00:00,4,6,0,1,0,5.219455951334788,0.7805440486652122
2017-03-30 03:00:00,3,10,0,1,0,8.316346686354835,1.6836533136451646
2017-03-30 03:00:00,4,3,0,1,0,5.001627678437604,2.001627678437604
2017-03-30 03:00:00,1,48,0,1,0,48.452377660337255,0.45237766033725535
2017-03-30 03:00:00,2,21,0,1,0,21.522055542937572,0.5220555429375722
2017-03-30 04:00:00,3,9,0,1,0,8.128853365515369,0.8711466344846315
2017-03-30 04:00:00,1,41,0,1,0,42.831815556756425,1.8318155567564247
2017-03-30 04:00:00,2,14,0,1,0,18.458847421662917,4.458847421662917
2017-03-30 04:00:00,4,1,0,1,0,4.466022656376788,3.466022656376788
2017-03-30 05:00:00,2,16,0,1,0,13.801737140511204,2.1982628594887963
2017-03-30 05:00:00,3,6,0,1,0,7.367547901040603,1.367547901040603
2017-03-30 05:00:00,1,40,0,1,0,37.690301556159454,2.3096984438405457
2017-03-30 05:00:00,4,3,0,1,0,3.7528325763393533,0.7528325763393533
2017-03-30 06:00:00,1,41,0,1,0,42.3005237848538,1.3005237848538016
2017-03-30 06:00:00,3,7,0,1,0,7.396805037460712,0.3968050374607124
2017-03-30 06:00:00,2,17,0,1,0,16.578445654051407,0.42155434594859287
2017-03-30 06:00:00,4,3,0,1,0,4.140997922684703,1.1409979226847033
2017-03-30 07:00:00,1,48,0,1,1,45.22073404465801,2.779265955341991
2017-03-30 07:00:00,3,11,0,1,1,8.174404364372178,2.8255956356278222
2017-03-30 07:00:00,4,4,0,1,1,4.846831222784015,0.8468312227840151
2017-03-30 07:00:00,2,20,0,1,1,18.712773512310722,1.2872264876892778
2017-03-30 08:00:00,2,18,0,1,1,20.967126217294616,2.9671262172946165
2017-03-30 08:00:00,3,18,0,1,1,10.872068543356827,7.127931456643173
2017-03-30 08:00:00,4,5,0,1,1,5.4995206051448005,0.49952060514480046
2017-03-30 08:00:00,1,57,0,1,1,53.33441745130003,3.665582548699973
2017-03-30 09:00:00,2,19,0,1,1,20.95541134145094,1.9554113414509402
2017-03-30 09:00:00,3,20,0,1,1,18.94318401356309,1.0568159864369093
2017-03-30 09:00:00,4,7,0,1,1,6.9343227626495745,0.06567723735042552
2017-03-30 09:00:00,1,61,0,1,1,66.21381607219908,5.21381607219908
2017-03-30 10:00:00,2,25,0,1,0,22.460458607212725,2.5395413927872745
2017-03-30 10:00:00,4,5,0,1,0,8.520735659375402,3.5207356593754024
2017-03-30 10:00:00,3,23,0,1,0,23.383161070453767,0.3831610704537667
2017-03-30 10:00:00,1,78,0,1,0,73.46609032199137,4.5339096780086265
2017-03-30 11:00:00,3,28,0,1,0,25.283502112104443,2.7164978878955566
2017-03-30 11:00:00,1,87,0,1,0,84.31748893465915,2.6825110653408473
2017-03-30 11:00:00,2,25,0,1,0,26.69233737147366,1.6923373714736591
2017-03-30 11:00:00,4,5,0,1,0,8.334092117275201,3.334092117275201
2017-03-30 12:00:00,1,90,0,1,0,86.33410454052364,3.66589545947636
2017-03-30 12:00:00,3,24,0,1,0,26.696584644470544,2.696584644470544
2017-03-30 12:00:00,4,5,0,1,0,7.722518647381389,2.7225186473813894
2017-03-30 12:00:00,2,27,0,1,0,24.98298408626547,2.0170159137345287
2017-03-30 13:00:00,1,80,0,1,0,82.11236325028104,2.112363250281035
2017-03-30 13:00:00,4,8,0,1,0,5.833714597557157,2.166285402442843
2017-03-30 13:00:00,3,26,0,1,0,23.945565444836717,2.054434555163283
2017-03-30 13:00:00,2,24,0,1,0,25.881239673789036,1.881239673789036
2017-03-30 14:00:00,2,28,0,1,0,25.41582336936054,2.5841766306394582
2017-03-30 14:00:00,1,91,0,1,0,88.54880141164662,2.4511985883533782
2017-03-30 14:00:00,3,30,0,1,0,26.329270985760022,3.6707290142399778
2017-03-30 14:00:00,4,13,0,1,0,8.114786766767729,4.885213233232271
2017-03-30 15:00:00,1,90,0,1,0,88.75672912038026,1.2432708796197431
2017-03-30 15:00:00,4,7,0,1,0,10.433130229561723,3.4331302295617228
2017-03-30 15:00:00,2,31,0,1,0,26.863036891145843,4.136963108854157
2017-03-30 15:00:00,3,28,0,1,0,29.14401837297862,1.1440183729786213
2017-03-30 16:00:00,3,31,0,1,0,26.354471717407776,4.645528282592224
2017-03-30 16:00:00,1,82,0,1,0,86.55808533720064,4.558085337200637
2017-03-30 16:00:00,2,26,0,1,0,29.12154802091099,3.121548020910989
2017-03-30 16:00:00,4,7,0,1,0,8.81228840344279,1.8122884034427909
2017-03-30 17:00:00,2,31,0,1,1,25.835080890922566,5.1649191090774345
2017-03-30 17:00:00,4,9,0,1,1,8.60189283885226,0.39810716114774003
2017-03-30 17:00:00,3,62,0,1,1,30.012163276656302,31.987836723343698
2017-03-30 17:00:00,1,88,0,1,1,80.73845603516635,7.261543964833649
2017-03-30 18:00:00,2,34,0,1,1,30.643080774946313,3.3569192250536872
2017-03-30 18:00:00,3,68,0,1,1,65.73176043102012,2.2682395689798796
2017-03-30 18:00:00,4,11,0,1,1,8.425645064344595,2.574354935655405
2017-03-30 18:00:00,1,93,0,1,1,87.93267214535682,5.067327854643182
2017-03-30 19:00:00,1,90,0,1,1,94.58065905500975,4.580659055009747
2017-03-30 19:00:00,3,48,0,1,1,66.46676478362852,18.46676478362852
2017-03-30 19:00:00,2,31,0,1,1,34.37084677197929,3.370846771979288
2017-03-30 19:00:00,4,12,0,1,1,9.62262457673803,2.37737542326197
2017-03-30 20:00:00,1,82,0,1,0,91.16845419067779,9.168454190677792
2017-03-30 20:00:00,4,9,0,1,0,10.714034734407424,1.7140347344074236
2017-03-30 20:00:00,3,49,0,1,0,45.80385693966624,3.1961430603337604
2017-03-30 20:00:00,2,33,0,1,0,31.26134804893248,1.7386519510675207
2017-03-30 21:00:00,1,79,0,1,0,83.09092067230497,4.090920672304975
2017-03-30 21:00:00,4,11,0,1,0,9.46646958640894,1.5335304135910608
2017-03-30 21:00:00,2,28,0,1,0,32.40193207041951,4.401932070419512
2017-03-30 21:00:00,3,46,0,1,0,47.147695835673964,1.1476958356739644
2017-03-30 22:00:00,1,81,0,1,0,78.87222099367796,2.1277790063220436
2017-03-30 22:00:00,3,39,0,1,0,43.31958400749128,4.3195840074912795
2017-03-30 22:00:00,2,30,0,1,0,27.03504929656864,2.9649507034313594
2017-03-30 22:00:00,4,8,0,1,0,10.15736440823085,2.1573644082308494
2017-03-30 23:00:00,4,6,0,1,0,8.386482738224862,2.3864827382248617
2017-03-30 23:00:00,2,25,0,1,0,28.24634467395083,3.24634467395083
2017-03-30 23:00:00,1,81,0,1,0,73.38907360284823,7.610926397151772
2017-03-30 23:00:00,3,30,0,1,0,36.1642775743259,6.164277574325901
2017-03-31 00:00:00,4,5,0,1,0,6.77441796111856,1.7744179611185604
2017-03-31 00:00:00,2,32,0,1,0,23.355980253139272,8.644019746860728
2017-03-31 00:00:00,1,70,0,1,0,71.28507598130595,1.2850759813059511
2017-03-31 00:00:00,3,25,0,1,0,26.661048243864403,1.6610482438644034
2017-03-31 01:00:00,3,17,0,1,0,18.713471885022038,1.713471885022038
2017-03-31 01:00:00,4,2,0,1,0,4.991503504896531,2.9915035048965306
2017-03-31 01:00:00,2,24,0,1,0,27.65226918203853,3.6522691820385305
2017-03-31 01:00:00,1,58,0,1,0,60.89302209643419,2.893022096434187
2017-03-31 02:00:00,3,13,0,1,0,13.702458346595483,0.702458346595483
2017-03-31 02:00:00,4,6,0,1,0,4.107938894448331,1.8920611055516687
2017-03-31 02:00:00,1,52,0,1,0,51.57666990259632,0.423330097403678
2017-03-31 02:00:00,2,25,0,1,0,20.944802992555037,4.0551970074449635
2017-03-31 03:00:00,1,44,0,1,0,47.39361685577312,3.393616855773118
2017-03-31 03:00:00,4,5,0,1,0,4.207949654974044,0.792050345025956
2017-03-31 03:00:00,3,9,0,1,0,10.963740693800835,1.963740693800835
2017-03-31 03:00:00,2,17,0,1,0,21.207407213624066,4.207407213624066
2017-03-31 04:00:00,4,2,0,1,0,4.232897960301057,2.232897960301057
2017-03-31 04:00:00,2,12,0,1,0,16.11662582754111,4.11662582754111
2017-03-31 04:00:00,3,5,0,1,0,8.605733115287473,3.6057331152874728
2017-03-31 04:00:00,1,38,0,1,0,38.66877213304038,0.6687721330403775
2017-03-31 05:00:00,4,5,0,1,0,4.107938894448331,0.8920611055516687
2017-03-31 05:00:00,3,5,0,1,0,7.102832224708815,2.1028322247088154
2017-03-31 05:00:00,1,34,0,1,0,35.25119078730068,1.2511907873006791
2017-03-31 05:00:00,2,13,0,1,0,12.698114584852021,0.3018854151479786
2017-03-31 06:00:00,3,13,0,1,0,6.174415843430897,6.825584156569103
2017-03-31 06:00:00,1,38,0,1,0,36.33745860966395,1.6625413903360524
2017-03-31 06:00:00,4,2,0,1,0,4.583443367713794,2.5834433677137936
2017-03-31 06:00:00,2,13,0,1,0,12.757017485836776,0.24298251416322358
2017-03-31 07:00:00,4,5,0,1,1,4.804455510083064,0.1955444899169363
2017-03-31 07:00:00,1,44,0,1,1,42.95915831245196,1.0408416875480384
2017-03-31 07:00:00,2,17,0,1,1,14.419014461267459,2.5809855387325413
2017-03-31 07:00:00,3,16,0,1,1,11.115855069110932,4.884144930889068
2017-03-31 08:00:00,4,3,0,1,1,5.900933901744537,2.900933901744537
2017-03-31 08:00:00,1,48,0,1,1,46.45350977488969,1.5464902251103112
2017-03-31 08:00:00,2,18,0,1,1,17.52078509326622,0.4792149067337803
2017-03-31 08:00:00,3,18,0,1,1,15.7125258918331,2.2874741081669008
2017-03-31 09:00:00,2,19,0,1,1,20.015322804731348,1.0153228047313476
2017-03-31 09:00:00,3,30,0,1,1,20.694836329750512,9.305163670249488
2017-03-31 09:00:00,4,2,0,1,1,6.448158040647935,4.448158040647935
2017-03-31 09:00:00,1,57,0,1,1,54.557827099139026,2.4421729008609745
2017-03-31 10:00:00,3,38,0,1,0,34.908736277713665,3.0912637222863353
2017-03-31 10:00:00,1,75,0,1,0,71.75762446652658,3.242375533473421
2017-03-31 10:00:00,2,21,0,1,0,21.321809967507416,0.3218099675074164
2017-03-31 10:00:00,4,8,0,1,0,7.0276721569585705,0.9723278430414295
2017-03-31 11:00:00,3,45,0,1,0,42.23087147309767,2.7691285269023282
2017-03-31 11:00:00,2,25,0,1,0,22.843499930983963,2.1565000690160367
2017-03-31 11:00:00,1,76,0,1,0,80.76643317507448,4.766433175074482
2017-03-31 11:00:00,4,6,0,1,0,8.548971057081076,2.5489710570810757
2017-03-31 12:00:00,1,81,0,1,0,77.95158328993533,3.0484167100646715
2017-03-31 12:00:00,2,22,0,1,0,24.7345382614934,2.7345382614934017
2017-03-31 12:00:00,3,43,0,1,0,42.71926657353216,0.2807334264678403
2017-03-31 12:00:00,4,5,0,1,0,7.5457452089801045,2.5457452089801045
2017-03-31 13:00:00,1,70,0,1,0,72.62045373762624,2.620453737626235
2017-03-31 13:00:00,3,32,0,1,0,39.39137666543397,7.391376665433967
2017-03-31 13:00:00,4,10,0,1,0,6.755531695071797,3.244468304928203
2017-03-31 13:00:00,2,23,0,1,0,21.63556414696407,1.3644358530359284
2017-03-31 14:00:00,3,32,0,1,0,33.46880395817399,1.468803958173993
2017-03-31 14:00:00,1,79,0,1,0,75.08216785146635,3.9178321485336483
2017-03-31 14:00:00,4,11,0,1,0,9.31451269747711,1.6854873025228905
2017-03-31 14:00:00,2,27,0,1,0,23.77472901397112,3.2252709860288817
2017-03-31 15:00:00,2,32,0,1,0,26.567142564740713,5.432857435259287
2017-03-31 15:00:00,3,32,0,1,0,32.4722070954901,0.47220709549009854
2017-03-31 15:00:00,4,8,0,1,0,9.753893046440378,1.7538930464403784
2017-03-31 15:00:00,1,77,0,1,0,78.01938597116013,1.0193859711601334
2017-03-31 16:00:00,2,29,0,1,0,30.779105800976218,1.7791058009762182
2017-03-31 16:00:00,1,71,0,1,0,75.87518960572322,4.875189605723222
2017-03-31 16:00:00,3,24,0,1,0,31.588164771272954,7.588164771272954
2017-03-31 16:00:00,4,7,0,1,0,9.028192208823496,2.028192208823496
2017-03-31 17:00:00,4,9,0,1,1,8.090447359689406,0.9095526403105936
2017-03-31 17:00:00,2,31,0,1,1,27.98300346132593,3.0169965386740714
2017-03-31 17:00:00,1,69,0,1,1,69.80417503127491,0.8041750312749087
2017-03-31 17:00:00,3,37,0,1,1,24.786085051094418,12.213914948905582
2017-03-31 18:00:00,4,6,0,1,1,8.742205174494636,2.742205174494636
2017-03-31 18:00:00,1,77,0,1,1,71.7745452570412,5.225454742958803
2017-03-31 18:00:00,2,28,0,1,1,31.145846446165855,3.145846446165855
2017-03-31 18:00:00,3,33,0,1,1,36.75809413756771,3.75809413756771
2017-03-31 19:00:00,4,8,0,1,1,7.545799129889982,0.454200870110018
2017-03-31 19:00:00,3,29,0,1,1,34.140140119188786,5.140140119188786
2017-03-31 19:00:00,1,80,0,1,1,80.6943095575663,0.6943095575662994
2017-03-31 19:00:00,2,26,0,1,1,28.469080921097635,2.4690809210976354
2017-03-31 20:00:00,4,8,0,1,0,8.29530630919845,0.29530630919845
2017-03-31 20:00:00,2,31,0,1,0,26.13060380082687,4.869396199173131
2017-03-31 20:00:00,3,29,0,1,0,28.76575249529423,0.23424750470577038
2017-03-31 20:00:00,1,78,0,1,0,78.743820824371,0.7438208243709994
2017-03-31 21:00:00,2,28,0,1,0,29.8227769129622,1.8227769129622011
2017-03-31 21:00:00,1,66,0,1,0,77.69817013255384,11.698170132553841
2017-03-31 21:00:00,3,28,0,1,0,28.273437513642083,0.273437513642083
2017-03-31 21:00:00,4,9,0,1,0,7.948498730019701,1.0515012699802986
2017-03-31 22:00:00,1,69,0,1,0,67.33768700903727,1.6623129909627323
2017-03-31 22:00:00,3,30,0,1,0,26.945682747996713,3.054317252003287
2017-03-31 22:00:00,4,6,0,1,0,8.566350501122201,2.5663505011222014
2017-03-31 22:00:00,2,27,0,1,0,26.7277705104364,0.2722294895635997
2017-03-31 23:00:00,1,68,0,1,0,64.39483685168042,3.6051631483195763
2017-03-31 23:00:00,2,27,0,1,0,25.490136166257777,1.509863833742223
2017-03-31 23:00:00,4,6,0,1,0,7.325853821055456,1.325853821055456
2017-03-31 23:00:00,3,30,0,1,0,27.910633348179257,2.089366651820743
2017-04-01 00:00:00,3,23,0,0,0,26.415113525071202,3.4151135250712024
2017-04-01 00:00:00,1,63,0,0,0,60.01186942907843,2.9881305709215695
2017-04-01 00:00:00,2,25,0,0,0,25.175881130769437,0.17588113076943657
2017-04-01 00:00:00,4,6,0,0,0,6.083696964587063,0.08369696458706333
2017-04-01 01:00:00,2,28,0,0,0,21.246283268823525,6.753716731176475
2017-04-01 01:00:00,1,53,0,0,0,53.38843211582294,0.3884321158229369
2017-04-01 01:00:00,3,15,0,0,0,17.05290505514222,2.0529050551422188
2017-04-01 01:00:00,4,5,0,0,0,4.771940105186654,0.2280598948133461
2017-04-01 02:00:00,3,16,0,0,0,11.689652426854257,4.310347573145743
2017-04-01 02:00:00,1,41,0,0,0,47.22341163022633,6.22341163022633
2017-04-01 02:00:00,4,4,0,0,0,4.547438346408829,0.5474383464088293
2017-04-01 02:00:00,2,18,0,0,0,23.412830228903566,5.412830228903566
2017-04-01 03:00:00,3,11,0,0,0,12.257329040675401,1.2573290406754012
2017-04-01 03:00:00,1,39,0,0,0,36.54527877738769,2.4547212226123065
2017-04-01 03:00:00,4,4,0,0,0,3.949058073545954,0.05094192645404583
2017-04-01 03:00:00,2,18,0,0,0,16.454950895982016,1.5450491040179841
2017-04-01 04:00:00,1,31,0,0,0,33.934581421243806,2.9345814212438057
2017-04-01 04:00:00,3,10,0,0,0,9.595447320330798,0.4045526796692016
2017-04-01 04:00:00,4,1,0,0,0,3.8854086603066014,2.8854086603066014
2017-04-01 04:00:00,2,15,0,0,0,16.029329342144585,1.0293293421445853
2017-04-01 05:00:00,2,14,0,0,0,13.654788179725863,0.34521182027413744
2017-04-01 05:00:00,4,2,0,0,0,3.3062629288201917,1.3062629288201917
2017-04-01 05:00:00,3,5,0,0,0,8.368015580471189,3.368015580471189
2017-04-01 05:00:00,1,28,0,0,0,28.686387636087407,0.6863876360874066
2017-04-01 06:00:00,2,9,0,0,0,14.484146789183733,5.4841467891837326
2017-04-01 06:00:00,3,6,0,0,0,7.1383672331676,1.1383672331675996
2017-04-01 06:00:00,4,3,0,0,0,3.749169620040419,0.7491696200404192
2017-04-01 06:00:00,1,34,0,0,0,29.045812111493465,4.954187888506535
2017-04-01 07:00:00,3,11,0,0,1,7.473704273374165,3.5262957266258352
2017-04-01 07:00:00,1,32,0,0,1,37.60555968000933,5.605559680009328
2017-04-01 07:00:00,4,4,0,0,1,4.455002920139727,0.45500292013972743
2017-04-01 07:00:00,2,10,0,0,1,12.341237236240303,2.3412372362403033
2017-04-01 08:00:00,1,36,0,0,1,36.403606751138824,0.40360675113882394
2017-04-01 08:00:00,3,14,0,0,1,10.108657550380357,3.8913424496196427
2017-04-01 08:00:00,4,4,0,0,1,4.955224366748268,0.9552243667482676
2017-04-01 08:00:00,2,13,0,0,1,11.504501223060032,1.495498776939968
2017-04-01 09:00:00,3,17,0,0,1,14.38297219005327,2.6170278099467303
2017-04-01 09:00:00,1,44,0,0,1,41.43021182592781,2.569788174072187
2017-04-01 09:00:00,2,19,0,0,1,13.401767273266252,5.598232726733748
2017-04-01 09:00:00,4,6,0,0,1,5.87144259589713,0.1285574041028701
2017-04-01 10:00:00,2,22,0,0,0,18.945902461240674,3.0540975387593257
2017-04-01 10:00:00,1,54,0,0,0,48.02495103739961,5.97504896260039
2017-04-01 10:00:00,3,25,0,0,0,18.348063620014205,6.651936379985795
2017-04-01 10:00:00,4,7,0,0,0,6.816281197807945,0.18371880219205483
2017-04-01 11:00:00,3,22,0,0,0,25.73034838803199,3.7303483880319916
2017-04-01 11:00:00,4,5,0,0,0,7.802969488352739,2.8029694883527387
2017-04-01 11:00:00,1,53,0,0,0,61.45356651489938,8.453566514899379
2017-04-01 11:00:00,2,18,0,0,0,22.837446887504086,4.837446887504086
2017-04-01 12:00:00,2,17,0,0,0,18.343361358606387,1.343361358606387
2017-04-01 12:00:00,3,20,0,0,0,21.980288823585795,1.980288823585795
2017-04-01 12:00:00,1,53,0,0,0,54.539140436434614,1.5391404364346144
2017-04-01 12:00:00,4,4,0,0,0,7.330987802870056,3.330987802870056
2017-04-01 13:00:00,1,49,0,0,0,49.563896581971036,0.5638965819710364
2017-04-01 13:00:00,2,16,0,0,0,17.25574587504992,1.2557458750499215
2017-04-01 13:00:00,3,23,0,0,0,19.462585774714267,3.5374142252857332
2017-04-01 13:00:00,4,9,0,0,0,5.480986297042136,3.5190137029578636
2017-04-01 14:00:00,2,19,0,0,0,16.963484951652102,2.0365150483478978
2017-04-01 14:00:00,3,28,0,0,0,22.72161385523715,5.278386144762852
2017-04-01 14:00:00,4,6,0,0,0,7.343484963767028,1.343484963767028
2017-04-01 14:00:00,1,49,0,0,0,50.36746014345841,1.367460143458409
2017-04-01 15:00:00,4,7,0,0,0,6.696673804719509,0.30332619528049065
2017-04-01 15:00:00,3,30,0,0,0,26.039364753825545,3.960635246174455
2017-04-01 15:00:00,1,49,0,0,0,49.4048522420906,0.4048522420905982
2017-04-01 15:00:00,2,19,0,0,0,18.39886785228702,0.6011321477129812
2017-04-01 16:00:00,4,6,0,0,0,7.695691053458513,1.6956910534585132
2017-04-01 16:00:00,1,50,0,0,0,49.208206578783795,0.7917934212162052
2017-04-01 16:00:00,3,24,0,0,0,28.39813111198831,4.3981311119883095
2017-04-01 16:00:00,2,20,0,0,0,18.626405967840135,1.3735940321598648
2017-04-01 17:00:00,2,12,0,0,1,19.762798941653287,7.762798941653287
2017-04-01 17:00:00,1,45,0,0,1,50.045026211076454,5.045026211076454
2017-04-01 17:00:00,3,21,0,0,1,24.83482991499401,3.8348299149940104
2017-04-01 17:00:00,4,5,0,0,1,6.672083413343588,1.6720834133435876
2017-04-01 18:00:00,2,15,0,0,1,15.822659398538452,0.8226593985384518
2017-04-01 18:00:00,3,23,0,0,1,21.60465328847869,1.3953467115213094
2017-04-01 18:00:00,1,46,0,0,1,48.22815282240698,2.228152822406983
2017-04-01 18:00:00,4,6,0,0,1,6.801538126476731,0.8015381264767312
2017-04-01 19:00:00,4,6,0,0,1,6.942228728027658,0.9422287280276578
2017-04-01 19:00:00,1,68,0,0,1,50.80928073545426,17.19071926454574
2017-04-01 19:00:00,2,16,0,0,1,17.04154330094044,1.0415433009404396
2017-04-01 19:00:00,3,45,0,0,1,25.086776024442255,19.913223975557745
2017-04-01 20:00:00,3,67,0,0,0,62.68211317781552,4.317886822184477
2017-04-01 20:00:00,4,9,0,0,0,6.990806585799742,2.009193414200258
2017-04-01 20:00:00,2,21,0,0,0,16.208998694282478,4.791001305717522
2017-04-01 20:00:00,1,74,0,0,0,74.33174400019855,0.33174400019855455
2017-04-01 21:00:00,3,49,0,0,0,49.47500147094089,0.47500147094088874
2017-04-01 21:00:00,1,68,0,0,0,68.9257789229748,0.9257789229747999
2017-04-01 21:00:00,4,7,0,0,0,8.156685747301596,1.1566857473015961
2017-04-01 21:00:00,2,27,0,0,0,19.70423628949926,7.29576371050074
2017-04-01 22:00:00,3,42,0,0,0,41.04164894752504,0.9583510524749599
2017-04-01 22:00:00,2,22,0,0,0,25.008744383114507,3.0087443831145073
2017-04-01 22:00:00,1,63,0,0,0,66.16612773415616,3.166127734156163
2017-04-01 22:00:00,4,9,0,0,0,7.935345981142034,1.0646540188579658
2017-04-01 23:00:00,1,64,0,0,0,59.895236657352854,4.104763342647146
2017-04-01 23:00:00,4,8,0,0,0,8.573296392469597,0.5732963924695973
2017-04-01 23:00:00,3,35,0,0,0,34.05100180237078,0.9489981976292228
2017-04-01 23:00:00,2,23,0,0,0,21.279320252548775,1.720679747451225
2017-04-02 00:00:00,3,24,0,0,0,30.80351551197057,6.80351551197057
2017-04-02 00:00:00,4,5,0,0,0,7.023775255474296,2.0237752554742956
2017-04-02 00:00:00,2,19,0,0,0,21.264448328977807,2.2644483289778066
2017-04-02 00:00:00,1,54,0,0,0,57.92754978981373,3.9275497898137317
2017-04-02 01:00:00,3,19,0,0,0,17.590879902558008,1.409120097441992
2017-04-02 01:00:00,2,17,0,0,0,17.092885488234106,0.09288548823410636
2017-04-02 01:00:00,1,48,0,0,0,46.711927425511846,1.2880725744881545
2017-04-02 01:00:00,4,6,0,0,0,5.2128555136022525,0.7871444863977475
2017-04-02 02:00:00,2,16,0,0,0,15.206610118220517,0.7933898817794827
2017-04-02 02:00:00,1,37,0,0,0,42.02595118642019,5.025951186420187
2017-04-02 02:00:00,4,3,0,0,0,4.708806591836055,1.7088065918360549
2017-04-02 02:00:00,3,17,0,0,0,14.72134579650202,2.2786542034979806
2017-04-02 03:00:00,4,3,0,0,0,3.913323800065468,0.9133238000654682
2017-04-02 03:00:00,3,13,0,0,0,13.375133870827195,0.3751338708271952
2017-04-02 03:00:00,1,34,0,0,0,32.416885256931394,1.583114743068606
2017-04-02 03:00:00,2,18,0,0,0,14.140517253740848,3.859482746259152
2017-04-02 04:00:00,1,31,0,0,0,29.63952859486359,1.3604714051364084
2017-04-02 04:00:00,3,10,0,0,0,10.598418821976512,0.5984188219765123
2017-04-02 04:00:00,2,13,0,0,0,15.187507128307317,2.187507128307317
2017-04-02 04:00:00,4,5,0,0,0,3.7717347519871742,1.2282652480128258
2017-04-02 05:00:00,1,27,0,0,0,28.428906177462373,1.4289061774623733
2017-04-02 05:00:00,3,9,0,0,0,8.91231767383114,0.08768232616885996
2017-04-02 05:00:00,2,13,0,0,0,12.248261447148376,0.7517385528516236
2017-04-02 05:00:00,4,2,0,0,0,3.7012132423638353,1.7012132423638353
2017-04-02 06:00:00,1,29,0,0,0,28.74391298313105,0.25608701686894975
2017-04-02 06:00:00,3,13,0,0,0,8.506046651660512,4.493953348339488
2017-04-02 06:00:00,2,17,0,0,0,13.548096392123135,3.451903607876865
2017-04-02 06:00:00,4,3,0,0,0,3.853138729186098,0.8531387291860981
2017-04-02 07:00:00,2,14,0,0,1,17.09966561841745,3.0996656184174505
2017-04-02 07:00:00,3,12,0,0,1,12.409088986776313,0.4090889867763128
2017-04-02 07:00:00,4,4,0,0,1,4.558972029285409,0.5589720292854086
2017-04-02 07:00:00,1,33,0,0,1,31.481714378230294,1.5182856217697065
2017-04-02 08:00:00,3,13,0,0,1,13.162947078988305,0.16294707898830474
2017-04-02 08:00:00,2,11,0,0,1,16.642843742523137,5.642843742523137
2017-04-02 08:00:00,1,34,0,0,1,36.908329822775585,2.9083298227755847
2017-04-02 08:00:00,4,2,0,0,1,4.955224366748268,2.9552243667482676
2017-04-02 09:00:00,2,16,0,0,1,14.89766437570839,1.1023356242916105
2017-04-02 09:00:00,1,45,0,0,1,39.58836270765465,5.411637292345347
2017-04-02 09:00:00,4,6,0,0,1,5.525037381840781,0.4749626181592186
2017-04-02 09:00:00,3,16,0,0,1,15.827013224971402,0.1729867750285976
2017-04-02 10:00:00,3,26,0,0,0,17.65428244964947,8.345717550350528
2017-04-02 10:00:00,2,15,0,0,0,16.352582697735006,1.3525826977350057
2017-04-02 10:00:00,1,52,0,0,0,48.111160070524264,3.8888399294757363
2017-04-02 10:00:00,4,5,0,0,0,6.702607289488516,1.7026072894885163
2017-04-02 11:00:00,4,4,0,0,0,6.640093670263778,2.640093670263778
2017-04-02 11:00:00,1,54,0,0,0,59.3479278541722,5.347927854172198
2017-04-02 11:00:00,2,15,0,0,0,16.833805841086253,1.833805841086253
2017-04-02 11:00:00,3,30,0,0,0,26.659343522643823,3.340656477356177
2017-04-02 12:00:00,4,6,0,0,0,6.166068459446336,0.1660684594463362
2017-04-02 12:00:00,2,16,0,0,0,16.414748356934485,0.414748356934485
2017-04-02 12:00:00,3,24,0,0,0,28.272491688787703,4.272491688787703
2017-04-02 12:00:00,1,56,0,0,0,55.42492618391828,0.5750738160817193
2017-04-02 13:00:00,2,13,0,0,0,15.672250285657343,2.672250285657343
2017-04-02 13:00:00,4,6,0,0,0,5.40098143647996,0.5990185635200396
2017-04-02 13:00:00,1,50,0,0,0,51.875453026133414,1.875453026133414
2017-04-02 13:00:00,3,26,0,0,0,23.382315650974775,2.6176843490252253
2017-04-02 14:00:00,1,51,0,0,0,50.37812306623938,0.6218769337606176
2017-04-02 14:00:00,2,17,0,0,0,15.017946087764098,1.9820539122359015
2017-04-02 14:00:00,4,5,0,0,0,5.9468087171858395,0.9468087171858395
2017-04-02 14:00:00,3,27,0,0,0,25.42947334564203,1.5705266543579697
2017-04-02 15:00:00,2,17,0,0,0,16.316871392459397,0.6831286075406027
2017-04-02 15:00:00,1,50,0,0,0,50.95647494170642,0.9564749417064178
2017-04-02 15:00:00,4,5,0,0,0,6.36025556284627,1.3602555628462696
2017-04-02 15:00:00,3,24,0,0,0,26.39983901635938,2.3998390163593797
2017-04-02 16:00:00,1,51,0,0,0,49.208206578783795,1.7917934212162052
2017-04-02 16:00:00,4,6,0,0,0,5.934285468136726,0.06571453186327414
2017-04-02 16:00:00,2,12,0,0,0,16.722394458954767,4.722394458954767
2017-04-02 16:00:00,3,26,0,0,0,24.079887414617048,1.9201125853829524
2017-04-02 17:00:00,1,57,0,0,1,51.36520938909865,5.634790610901348
2017-04-02 17:00:00,2,15,0,0,1,14.887805504840642,0.11219449515935764
2017-04-02 17:00:00,4,7,0,0,1,5.9495355883556,1.0504644116444002
2017-04-02 17:00:00,3,49,0,0,1,25.382575632814856,23.617424367185144
2017-04-02 18:00:00,1,71,0,0,1,60.59937597369318,10.400624026306822
2017-04-02 18:00:00,2,20,0,0,1,15.813356731010641,4.186643268989359
2017-04-02 18:00:00,4,9,0,0,1,7.225779815247185,1.7742201847528154
2017-04-02 18:00:00,3,96,0,0,1,59.911437008596046,36.088562991403954
2017-04-02 19:00:00,4,7,0,0,1,8.560266170664168,1.5602661706641676
2017-04-02 19:00:00,2,21,0,0,1,19.77724842240038,1.2227515775996203
2017-04-02 19:00:00,3,67,0,0,1,103.77103238452752,36.771032384527516
2017-04-02 19:00:00,1,70,0,0,1,74.657628754804,4.657628754803994
2017-04-02 20:00:00,2,22,0,0,0,21.321735524868256,0.6782644751317441
2017-04-02 20:00:00,3,61,0,0,0,60.41077938997753,0.5892206100224726
2017-04-02 20:00:00,1,68,0,0,0,70.80672777271602,2.806727772716016
2017-04-02 20:00:00,4,8,0,0,0,8.47513183881106,0.4751318388110608
2017-04-02 21:00:00,4,5,0,0,0,8.550105727076085,3.550105727076085
2017-04-02 21:00:00,3,53,0,0,0,47.693963580509795,5.306036419490205
2017-04-02 21:00:00,1,67,0,0,0,66.99147935443918,0.00852064556082155
2017-04-02 21:00:00,2,22,0,0,0,21.92810747656198,0.0718925234380201
2017-04-02 22:00:00,2,23,0,0,0,22.119484190335676,0.880515809664324
2017-04-02 22:00:00,1,72,0,0,0,66.16734685403198,5.832653145968024
2017-04-02 22:00:00,4,6,0,0,0,7.151335801376128,1.1513358013761277
2017-04-02 22:00:00,3,56,0,0,0,47.40913072462047,8.590869275379532
2017-04-02 23:00:00,4,10,0,0,0,6.758579287736823,3.241420712263177
2017-04-02 23:00:00,1,69,0,0,0,69.81899525032514,0.8189952503251448
2017-04-02 23:00:00,2,23,0,0,0,23.062500115908605,0.06250011590860538
2017-04-02 23:00:00,3,56,0,0,0,46.2001496134616,9.799850386538402
2017-04-03 00:00:00,1,62,0,1,0,60.60323312324564,1.3967668767543628
2017-04-03 00:00:00,2,23,0,1,0,21.2343670009889,1.7656329990110997
2017-04-03 00:00:00,3,63,0,1,0,35.19199563480727,27.80800436519273
2017-04-03 00:00:00,4,7,0,1,0,6.744538789643983,0.25546121035601743
2017-04-03 01:00:00,3,24,0,1,0,43.755480840161965,19.755480840161965
2017-04-03 01:00:00,2,21,0,1,0,19.535202029590085,1.464797970409915
2017-04-03 01:00:00,4,5,0,1,0,5.725704118391373,0.7257041183913726
2017-04-03 01:00:00,1,53,0,1,0,55.12830306893877,2.12830306893877
2017-04-03 02:00:00,4,6,0,1,0,5.331486185358168,0.6685138146418321
2017-04-03 02:00:00,2,16,0,1,0,18.106881055005893,2.1068810550058927
2017-04-03 02:00:00,3,16,0,1,0,15.429795591309938,0.5702044086900617
2017-04-03 02:00:00,1,39,0,1,0,48.60270629845815,9.602706298458152
2017-04-03 03:00:00,4,3,0,1,0,4.945232735250012,1.9452327352500118
2017-04-03 03:00:00,2,19,0,1,0,14.83567947023933,4.164320529760669
2017-04-03 03:00:00,3,15,0,1,0,13.06749279901513,1.9325072009848707
2017-04-03 03:00:00,1,33,0,1,0,35.527749520813046,2.527749520813046
2017-04-03 04:00:00,1,33,0,1,0,30.61126998386988,2.3887300161301184
2017-04-03 04:00:00,2,15,0,1,0,16.74438750650537,1.744387506505369
2017-04-03 04:00:00,3,7,0,1,0,11.942442603545423,4.942442603545423
2017-04-03 04:00:00,4,1,0,1,0,4.149749943479424,3.1497499434794243
2017-04-03 05:00:00,1,34,0,1,0,30.611516590642697,3.3884834093573026
2017-04-03 05:00:00,4,4,0,1,0,3.6466581813798276,0.35334181862017244
2017-04-03 05:00:00,2,15,0,1,0,13.672777437660875,1.3272225623391254
2017-04-03 05:00:00,3,7,0,1,0,8.23790263832116,1.2379026383211595
2017-04-03 06:00:00,4,1,0,1,0,4.034823527725177,3.0348235277251767
2017-04-03 06:00:00,2,16,0,1,0,15.385002982920168,0.6149970170798316
2017-04-03 06:00:00,3,13,0,1,0,7.963760554654746,5.036239445345254
2017-04-03 06:00:00,1,39,0,1,0,36.484157206425444,2.5158427935745564
2017-04-03 07:00:00,4,6,0,1,1,4.7406568278244885,1.2593431721755115
2017-04-03 07:00:00,3,16,0,1,1,11.649409021625736,4.350590978374264
2017-04-03 07:00:00,2,19,0,1,1,17.5815447533951,1.4184552466048999
2017-04-03 07:00:00,1,49,0,1,1,43.60468843192622,5.3953115680737795
2017-04-03 08:00:00,2,20,0,1,1,19.893608180032476,0.10639181996752356
2017-04-03 08:00:00,1,50,0,1,1,55.41855934540083,5.41855934540083
2017-04-03 08:00:00,3,17,0,1,1,16.109375067931815,0.8906249320681852
2017-04-03 08:00:00,4,2,0,1,1,5.830135626664943,3.8301356266649433
2017-04-03 09:00:00,3,21,0,1,1,20.461700627295137,0.5382993727048628
2017-04-03 09:00:00,2,20,0,1,1,22.15654551567288,2.1565455156728817
2017-04-03 09:00:00,1,62,0,1,1,58.62172547467713,3.3782745253228725
2017-04-03 09:00:00,4,4,0,1,1,6.368053163989175,2.368053163989175
2017-04-03 10:00:00,2,20,0,1,0,22.671239381781383,2.6712393817813833
2017-04-03 10:00:00,3,36,0,1,0,23.676669253965365,12.323330746034635
2017-04-03 10:00:00,4,6,0,1,0,7.354249054948499,1.3542490549484993
2017-04-03 10:00:00,1,77,0,1,0,75.58909634184262,1.4109036581573804
2017-04-03 11:00:00,4,10,0,1,0,7.467141053089663,2.532858946910337
2017-04-03 11:00:00,2,30,0,1,0,22.417606175520145,7.582393824479855
2017-04-03 11:00:00,1,85,0,1,0,84.59660113149998,0.4033988685000196
2017-04-03 11:00:00,3,34,0,1,0,39.34504174468811,5.34504174468811
2017-04-03 12:00:00,1,93,0,1,0,87.5561784833779,5.443821516622094
2017-04-03 12:00:00,4,10,0,1,0,9.540517748206868,0.4594822517931316
2017-04-03 12:00:00,3,45,0,1,0,33.06652353758885,11.93347646241115
2017-04-03 12:00:00,2,29,0,1,0,28.588610271373216,0.4113897286267836
2017-04-03 13:00:00,4,5,0,1,0,8.903683464985587,3.903683464985587
2017-04-03 13:00:00,1,79,0,1,0,83.45539470595375,4.455394705953751
2017-04-03 13:00:00,3,37,0,1,0,39.89830994041245,2.898309940412453
2017-04-03 13:00:00,2,26,0,1,0,26.016877633844683,0.01687763384468255
2017-04-03 14:00:00,2,34,0,1,0,26.43555462134378,7.56444537865622
2017-04-03 14:00:00,4,9,0,1,0,8.720222574710295,0.27977742528970495
2017-04-03 14:00:00,3,38,0,1,0,36.66035562098037,1.3396443790196315
2017-04-03 14:00:00,1,90,0,1,0,88.89371294955723,1.1062870504427735
2017-04-03 15:00:00,2,33,0,1,0,33.299340080972,0.2993400809720015
2017-04-03 15:00:00,1,90,0,1,0,89.67850958562951,0.3214904143704871
2017-04-03 15:00:00,3,33,0,1,0,38.71827295277038,5.718272952770377
2017-04-03 15:00:00,4,6,0,1,0,9.132475423082074,3.1324754230820737
2017-04-03 16:00:00,3,31,0,1,0,33.02710404223773,2.027104042237731
2017-04-03 16:00:00,1,88,0,1,0,87.5455349226432,0.45446507735680086
2017-04-03 16:00:00,4,8,0,1,0,7.258203710619661,0.7417962893803391
2017-04-03 16:00:00,2,27,0,1,0,32.140951235038514,5.140951235038514
2017-04-03 17:00:00,1,85,0,1,1,84.18641400112332,0.8135859988766754
2017-04-03 17:00:00,3,29,0,1,1,30.536683502898878,1.5366835028988781
2017-04-03 17:00:00,2,27,0,1,1,27.55985232404238,0.5598523240423816
2017-04-03 17:00:00,4,9,0,1,1,8.243587184486222,0.7564128155137784
2017-04-03 18:00:00,2,30,0,1,1,27.741046642414446,2.258953357585554
2017-04-03 18:00:00,1,88,0,1,1,87.57053677817647,0.42946322182352503
2017-04-03 18:00:00,3,36,0,1,1,28.93647888253759,7.063521117462411
2017-04-03 18:00:00,4,8,0,1,1,8.41460915573939,0.41460915573938983
2017-04-03 19:00:00,4,9,0,1,1,8.587474458183957,0.4125255418160432
2017-04-03 19:00:00,1,105,0,1,1,89.02429558178778,15.975704418212217
2017-04-03 19:00:00,3,35,0,1,1,36.34545828536439,1.345458285364387
2017-04-03 19:00:00,2,33,0,1,1,30.351374137548344,2.648625862451656
2017-04-03 20:00:00,2,38,0,1,0,32.80715355346575,5.192846446534247
2017-04-03 20:00:00,4,10,0,1,0,8.598200432712062,1.401799567287938
2017-04-03 20:00:00,1,95,0,1,0,95.68504818341194,0.6850481834119364
2017-04-03 20:00:00,3,29,0,1,0,35.84801851360401,6.848018513604011
2017-04-03 21:00:00,1,90,0,1,0,91.58183658471702,1.5818365847170242
2017-04-03 21:00:00,2,30,0,1,0,36.729751512032784,6.729751512032784
2017-04-03 21:00:00,4,8,0,1,0,9.174862145518317,1.1748621455183166
2017-04-03 21:00:00,3,28,0,1,0,28.894047374414004,0.8940473744140043
2017-04-03 22:00:00,4,6,0,1,0,8.594656463027873,2.5946564630278726
2017-04-03 22:00:00,1,87,0,1,0,88.10594151568297,1.1059415156829715
2017-04-03 22:00:00,3,26,0,1,0,27.462862137791934,1.4628621377919337
2017-04-03 22:00:00,2,28,0,1,0,30.142592419391654,2.1425924193916543
2017-04-03 23:00:00,4,9,0,1,0,7.811144754122856,1.1888552458771438
2017-04-03 23:00:00,3,26,0,1,0,24.175173137423467,1.8248268625765327
2017-04-03 23:00:00,1,83,0,1,0,78.90142866557476,4.098571334425245
2017-04-03 23:00:00,2,28,0,1,0,26.402998072859365,1.597001927140635
2017-04-04 00:00:00,3,23,1,0,0,22.82076602741988,0.1792339725801213
2017-04-04 00:00:00,1,73,1,0,0,74.69495726515518,1.6949572651551819
2017-04-04 00:00:00,4,8,1,0,0,6.61483679850357,1.3851632014964297
2017-04-04 00:00:00,2,27,1,0,0,25.35891943598174,1.6410805640182602
2017-04-04 01:00:00,3,17,1,0,0,17.505782032438297,0.5057820324382973
2017-04-04 01:00:00,4,4,1,0,0,5.825107718494767,1.8251077184947668
2017-04-04 01:00:00,2,28,1,0,0,23.47470099011774,4.525299009882261
2017-04-04 01:00:00,1,62,1,0,0,63.236489585864646,1.2364895858646463
2017-04-04 02:00:00,4,6,1,0,0,5.201858483695668,0.7981415163043319
2017-04-04 02:00:00,2,26,1,0,0,23.63477618391599,2.3652238160840113
2017-04-04 02:00:00,3,15,1,0,0,13.459679185842793,1.540320814157207
2017-04-04 02:00:00,1,53,1,0,0,56.085746791534795,3.0857467915347954
2017-04-04 03:00:00,3,9,1,0,0,11.82956544739151,2.8295654473915093
2017-04-04 03:00:00,4,2,1,0,0,4.9304272696364455,2.9304272696364455
2017-04-04 03:00:00,1,41,1,0,0,47.975949274896294,6.975949274896294
2017-04-04 03:00:00,2,19,1,0,0,22.086908926890533,3.0869089268905334
2017-04-04 04:00:00,3,6,1,0,0,8.698462990490368,2.698462990490368
2017-04-04 04:00:00,1,40,1,0,0,37.4034576823798,2.596542317620198
2017-04-04 04:00:00,4,1,1,0,0,4.021270569546429,3.021270569546429
2017-04-04 04:00:00,2,17,1,0,0,17.69076654451509,0.690766544515089
2017-04-04 05:00:00,1,40,1,0,0,36.53277487661776,3.467225123382242
2017-04-04 05:00:00,2,16,1,0,0,16.4755164386113,0.4755164386113009
2017-04-04 05:00:00,3,7,1,0,0,7.270545126978607,0.27054512697860744
2017-04-04 05:00:00,4,7,1,0,0,4.220799224651826,2.7792007753481736
2017-04-04 06:00:00,3,10,1,0,0,6.797139810921897,3.2028601890781028
2017-04-04 06:00:00,4,3,1,0,0,5.38644067560912,2.38644067560912
2017-04-04 06:00:00,1,44,1,0,0,42.013816506813846,1.9861834931861537
2017-04-04 06:00:00,2,17,1,0,0,17.125889992229684,0.1258899922296841
2017-04-04 07:00:00,3,14,1,0,1,9.296068243818503,4.703931756181497
2017-04-04 07:00:00,4,2,1,0,1,5.0988557636985306,3.0988557636985306
2017-04-04 07:00:00,2,22,1,0,1,18.824684764663047,3.175315235336953
2017-04-04 07:00:00,1,48,1,0,1,46.99636572369674,1.0036342763032593
2017-04-04 08:00:00,1,55,1,0,1,53.21155477053938,1.7884452294606206
2017-04-04 08:00:00,4,4,1,0,1,5.757160879100078,1.757160879100078
2017-04-04 08:00:00,2,14,1,0,1,22.251196524303374,8.251196524303374
2017-04-04 08:00:00,3,13,1,0,1,13.356988199979638,0.3569881999796376
2017-04-04 09:00:00,4,7,1,0,1,5.9921610623935395,1.0078389376064605
2017-04-04 09:00:00,1,59,1,0,1,64.67736349708616,5.677363497086162
2017-04-04 09:00:00,2,16,1,0,1,18.7232834425453,2.7232834425452985
2017-04-04 09:00:00,3,15,1,0,1,15.634382840592048,0.634382840592048
2017-04-04 10:00:00,1,72,1,0,0,70.44027039557253,1.5597296044274742
2017-04-04 10:00:00,3,16,1,0,0,17.839227639023555,1.8392276390235551
2017-04-04 10:00:00,2,24,1,0,0,19.279867949698303,4.720132050301697
2017-04-04 10:00:00,4,8,1,0,0,7.934312679882311,0.0656873201176893
2017-04-04 11:00:00,2,26,1,0,0,24.695778917414074,1.3042210825859257
2017-04-04 11:00:00,1,83,1,0,0,79.72416225945818,3.2758377405418173
2017-04-04 11:00:00,4,9,1,0,0,8.805557751138215,0.19444224886178496
2017-04-04 11:00:00,3,24,1,0,0,18.196144318625702,5.803855681374298
2017-04-04 12:00:00,2,28,1,0,0,24.831992086989004,3.168007913010996
2017-04-04 12:00:00,3,27,1,0,0,23.756371949618018,3.2436280503819823
2017-04-04 12:00:00,4,8,1,0,0,10.002985514375865,2.0029855143758653
2017-04-04 12:00:00,1,95,1,0,0,83.21851116248152,11.78148883751848
2017-04-04 13:00:00,2,24,1,0,0,25.908933598040985,1.908933598040985
2017-04-04 13:00:00,4,9,1,0,0,8.452997393540196,0.5470026064598041
2017-04-04 13:00:00,1,95,1,0,0,83.21615932107945,11.783840678920555
2017-04-04 13:00:00,3,21,1,0,0,25.30673365942416,4.306733659424161
2017-04-04 14:00:00,1,98,1,0,0,92.95631108993393,5.0436889100660665
2017-04-04 14:00:00,2,35,1,0,0,24.92887034924408,10.071129650755921
2017-04-04 14:00:00,4,8,1,0,0,8.814622584865168,0.8146225848651678
2017-04-04 14:00:00,3,27,1,0,0,21.287568529230985,5.712431470769015
2017-04-04 15:00:00,4,7,1,0,0,8.87814715163028,1.8781471516302801
2017-04-04 15:00:00,3,33,1,0,0,26.444235872688314,6.5557641273116865
2017-04-04 15:00:00,1,95,1,0,0,89.77745254602512,5.222547453974883
2017-04-04 15:00:00,2,27,1,0,0,34.545043212530125,7.545043212530125
2017-04-04 16:00:00,2,28,1,0,0,26.621042203187308,1.378957796812692
2017-04-04 16:00:00,3,24,1,0,0,31.30042544949674,7.300425449496739
2017-04-04 16:00:00,1,89,1,0,0,86.29271372044174,2.707286279558261
2017-04-04 16:00:00,4,10,1,0,0,8.511395889665117,1.488604110334883
2017-04-04 17:00:00,1,90,1,0,1,83.25459826463089,6.745401735369114
2017-04-04 17:00:00,3,24,1,0,1,24.701243569833355,0.7012435698333555
2017-04-04 17:00:00,4,8,1,0,1,9.174878278569334,1.1748782785693344
2017-04-04 17:00:00,2,32,1,0,1,27.659652799514642,4.340347200485358
2017-04-04 18:00:00,4,7,1,0,1,8.588818361535584,1.5888183615355835
2017-04-04 18:00:00,1,93,1,0,1,90.1356113156374,2.864388684362595
2017-04-04 18:00:00,2,32,1,0,1,32.38797072455436,0.3879707245543571
2017-04-04 18:00:00,3,23,1,0,1,24.655548740534478,1.6555487405344778
2017-04-04 19:00:00,4,9,1,0,1,8.503296378087942,0.49670362191205797
2017-04-04 19:00:00,1,100,1,0,1,91.67108656965277,8.328913430347228
2017-04-04 19:00:00,2,31,1,0,1,33.48049964484883,2.480499644848827
2017-04-04 19:00:00,3,51,1,0,1,23.983519221296117,27.016480778703883
2017-04-04 20:00:00,1,97,1,0,0,91.7656598967156,5.234340103284396
2017-04-04 20:00:00,4,11,1,0,0,8.825075166150805,2.174924833849195
2017-04-04 20:00:00,2,36,1,0,0,31.119134538000075,4.8808654619999245
2017-04-04 20:00:00,3,37,1,0,0,60.690403286399544,23.690403286399544
2017-04-04 21:00:00,4,7,1,0,0,9.578515606656852,2.578515606656852
2017-04-04 21:00:00,2,31,1,0,0,34.54641003361099,3.5464100336109894
2017-04-04 21:00:00,3,32,1,0,0,28.479495087932712,3.520504912067288
2017-04-04 21:00:00,1,87,1,0,0,89.72141754847418,2.7214175484741787
2017-04-04 22:00:00,4,7,1,0,0,8.574039582305462,1.5740395823054616
2017-04-04 22:00:00,1,87,1,0,0,81.19215814041489,5.8078418595851105
2017-04-04 22:00:00,2,30,1,0,0,30.517321758955887,0.5173217589558874
2017-04-04 22:00:00,3,28,1,0,0,30.789230562894083,2.789230562894083
2017-04-04 23:00:00,2,27,1,0,0,28.482054656421525,1.482054656421525
2017-04-04 23:00:00,4,9,1,0,0,8.173276859843492,0.826723140156508
2017-04-04 23:00:00,1,85,1,0,0,76.52965487665415,8.47034512334585
2017-04-04 23:00:00,3,26,1,0,0,26.38221330492989,0.38221330492989125
2017-04-05 00:00:00,1,81,0,1,0,79.25398473801788,1.746015261982123
2017-04-05 00:00:00,2,26,0,1,0,25.279113317082814,0.720886682917186
2017-04-05 00:00:00,4,7,0,1,0,6.629642264117137,0.37035773588286336
2017-04-05 00:00:00,3,20,0,1,0,22.87823629400622,2.8782362940062214
2017-04-05 01:00:00,1,66,0,1,0,66.86539598126127,0.8653959812612726
2017-04-05 01:00:00,2,23,0,1,0,22.1137842395448,0.886215760455201
2017-04-05 01:00:00,4,6,0,1,0,5.725704118391373,0.2742958816086274
2017-04-05 01:00:00,3,15,0,1,0,15.764935130111812,0.7649351301118124
2017-04-05 02:00:00,3,13,0,1,0,12.010517337547817,0.9894826624521826
2017-04-05 02:00:00,4,6,0,1,0,5.334453019790022,0.665546980209978
2017-04-05 02:00:00,1,57,0,1,0,58.51590037147471,1.5159003714747072
2017-04-05 02:00:00,2,24,0,1,0,19.970032753118858,4.029967246881142
2017-04-05 03:00:00,1,47,0,1,0,51.60403234627898,4.604032346278977
2017-04-05 03:00:00,4,2,0,1,0,4.973147875008879,2.9731478750088787
2017-04-05 03:00:00,3,9,0,1,0,10.764614021697227,1.764614021697227
2017-04-05 03:00:00,2,21,0,1,0,20.568046470773485,0.4319535292265151
2017-04-05 04:00:00,4,4,0,1,0,4.149749943479424,0.14974994347942427
2017-04-05 04:00:00,1,41,0,1,0,42.539185733243166,1.5391857332431655
2017-04-05 04:00:00,2,20,0,1,0,18.084806443704753,1.9151935562952467
2017-04-05 04:00:00,3,8,0,1,0,8.331091377007056,0.3310913770070556
2017-04-05 05:00:00,1,45,0,1,0,37.940614085448615,7.059385914551385
2017-04-05 05:00:00,3,7,0,1,0,7.421400607552603,0.4214006075526031
2017-04-05 05:00:00,4,7,0,1,0,4.0081608954011285,2.9918391045988715
2017-04-05 05:00:00,2,13,0,1,0,18.106238528921768,5.106238528921768
2017-04-05 06:00:00,3,8,0,1,0,7.437912442353761,0.5620875576462394
2017-04-05 06:00:00,2,16,0,1,0,15.859949196927921,0.14005080307207862
2017-04-05 06:00:00,4,3,0,1,0,4.9925290109909,1.9925290109909
2017-04-05 06:00:00,1,48,0,1,0,45.325399139680464,2.6746008603195364
2017-04-05 07:00:00,3,12,0,1,1,8.512476545032415,3.487523454967585
2017-04-05 07:00:00,2,17,0,1,1,17.764948778649543,0.7649487786495435
2017-04-05 07:00:00,4,2,0,1,1,5.377783152841657,3.3777831528416566
2017-04-05 07:00:00,1,53,0,1,1,50.21685911056494,2.78314088943506
2017-04-05 08:00:00,1,66,0,1,1,55.5588682765468,10.441131723453204
2017-04-05 08:00:00,3,17,0,1,1,11.676744973634456,5.323255026365544
2017-04-05 08:00:00,4,7,0,1,1,5.771966344713644,1.2280336552863558
2017-04-05 08:00:00,2,20,0,1,1,18.840511259533365,1.1594887404666352
2017-04-05 09:00:00,4,6,0,1,1,7.730116414804054,1.730116414804054
2017-04-05 09:00:00,2,21,0,1,1,21.76313680466185,0.7631368046618512
2017-04-05 09:00:00,3,19,0,1,1,18.44025508525939,0.5597449147406088
2017-04-05 09:00:00,1,74,0,1,1,72.57230213594026,1.4276978640597378
2017-04-05 10:00:00,2,20,0,1,0,23.07717819122693,3.077178191226931
2017-04-05 10:00:00,4,5,0,1,0,7.9598646332251795,2.9598646332251795
2017-04-05 10:00:00,3,24,0,1,0,21.50473053747994,2.49526946252006
2017-04-05 10:00:00,1,81,0,1,0,82.41407194912944,1.4140719491294362
2017-04-05 11:00:00,1,93,0,1,0,84.05260431902826,8.947395680971738
2017-04-05 11:00:00,2,29,0,1,0,22.417606175520145,6.582393824479855
2017-04-05 11:00:00,4,8,0,1,0,8.5775854608501,0.5775854608501003
2017-04-05 11:00:00,3,25,0,1,0,26.051052610866044,1.0510526108660443
2017-04-05 12:00:00,1,92,0,1,0,90.0182376982962,1.981762301703796
2017-04-05 12:00:00,2,27,0,1,0,27.160424161579833,0.16042416157983297
2017-04-05 12:00:00,4,7,0,1,0,8.571660962088089,1.5716609620880888
2017-04-05 12:00:00,3,23,0,1,0,24.774531292206603,1.7745312922066034
2017-04-05 13:00:00,2,29,0,1,0,25.564757805666783,3.4352421943332168
2017-04-05 13:00:00,3,25,0,1,0,22.840856888671524,2.1591431113284756
2017-04-05 13:00:00,1,85,0,1,0,83.16966360920159,1.8303363907984078
2017-04-05 13:00:00,4,3,0,1,0,7.451383714127981,4.451383714127981
2017-04-05 14:00:00,2,29,0,1,0,28.629317196714503,0.3706828032854972
2017-04-05 14:00:00,1,91,0,1,0,92.46324753992889,1.4632475399288865
2017-04-05 14:00:00,3,33,0,1,0,25.320027642639523,7.679972357360477
2017-04-05 14:00:00,4,8,0,1,0,7.412404348196821,0.5875956518031789
2017-04-05 15:00:00,1,91,0,1,0,88.91640005541068,2.0835999445893236
2017-04-05 15:00:00,4,10,0,1,0,7.792174672820378,2.2078253271796218
2017-04-05 15:00:00,3,34,0,1,0,31.968081234067203,2.0319187659327973
2017-04-05 15:00:00,2,29,0,1,0,27.793176551960595,1.2068234480394047
2017-04-05 16:00:00,2,23,0,1,0,27.471985393872295,4.471985393872295
2017-04-05 16:00:00,3,30,0,1,0,32.45954540036452,2.4595454003645187
2017-04-05 16:00:00,1,81,0,1,0,87.51860441918078,6.518604419180775
2017-04-05 16:00:00,4,4,0,1,0,8.681100831007935,4.681100831007935
2017-04-05 17:00:00,1,84,0,1,1,79.89735437715855,4.10264562284145
2017-04-05 17:00:00,4,9,0,1,1,7.352864077648117,1.6471359223518833
2017-04-05 17:00:00,2,32,0,1,1,23.405890359374617,8.594109640625383
2017-04-05 17:00:00,3,28,0,1,1,30.310116473783015,2.3101164737830153
2017-04-05 18:00:00,3,28,0,1,1,27.853026053414002,0.14697394658599805
2017-04-05 18:00:00,1,90,0,1,1,87.3550859072102,2.6449140927898043
2017-04-05 18:00:00,4,8,0,1,1,8.402142554519445,0.40214255451944503
2017-04-05 18:00:00,2,31,0,1,1,32.19855064952679,1.198550649526787
2017-04-05 19:00:00,4,5,0,1,1,8.029129477715808,3.0291294777158075
2017-04-05 19:00:00,3,29,0,1,1,28.177502169365994,0.8224978306340063
2017-04-05 19:00:00,2,34,0,1,1,30.800689427724752,3.199310572275248
2017-04-05 19:00:00,1,95,0,1,1,93.1360024482895,1.8639975517104972
2017-04-05 20:00:00,1,93,0,1,0,91.59468151523225,1.4053184847677471
2017-04-05 20:00:00,2,33,0,1,0,34.23191456070544,1.231914560705441
2017-04-05 20:00:00,3,27,0,1,0,28.256466636224133,1.2564666362241326
2017-04-05 20:00:00,4,7,0,1,0,7.558041612627924,0.5580416126279237
2017-04-05 21:00:00,1,87,0,1,0,88.98464418404636,1.9846441840463598
2017-04-05 21:00:00,4,7,0,1,0,7.414726115348476,0.4147261153484756
2017-04-05 21:00:00,3,31,0,1,0,27.074932053866515,3.9250679461334848
2017-04-05 21:00:00,2,30,0,1,0,32.69528035674469,2.6952803567446892
2017-04-05 22:00:00,3,36,0,1,0,29.899087820006343,6.1009121799936565
2017-04-05 22:00:00,1,87,0,1,0,83.7243114113854,3.2756885886145994
2017-04-05 22:00:00,2,31,0,1,0,29.524841786129116,1.475158213870884
2017-04-05 22:00:00,4,9,0,1,0,7.227857584103216,1.7721424158967842
2017-04-05 23:00:00,3,27,0,1,0,33.372344878231544,6.372344878231544
2017-04-05 23:00:00,1,80,0,1,0,78.73550550689687,1.264494493103129
2017-04-05 23:00:00,4,11,0,1,0,8.136112982824951,2.863887017175049
2017-04-05 23:00:00,2,29,0,1,0,29.078139585665873,0.07813958566587331
2017-04-06 00:00:00,2,26,0,1,0,26.213486007594817,0.21348600759481684
2017-04-06 00:00:00,1,74,0,1,0,72.31816619113268,1.6818338088673244
2017-04-06 00:00:00,4,5,0,1,0,8.165081756372148,3.165081756372148
2017-04-06 00:00:00,3,15,0,1,0,25.883143915880563,10.883143915880563
2017-04-06 01:00:00,4,7,0,1,0,6.068040766421035,0.931959233578965
2017-04-06 01:00:00,1,62,0,1,0,63.269142728390996,1.269142728390996
2017-04-06 01:00:00,3,13,0,1,0,11.529948190399972,1.4700518096000277
2017-04-06 01:00:00,2,27,0,1,0,22.097260751877673,4.902739248122327
2017-04-06 02:00:00,1,52,0,1,0,55.76128954635077,3.761289546350767
2017-04-06 02:00:00,3,12,0,1,0,10.888425703765343,1.1115742962346573
2017-04-06 02:00:00,4,6,0,1,0,5.410489359918813,0.5895106400811869
2017-04-06 02:00:00,2,24,0,1,0,23.46297820380374,0.5370217961962602
2017-04-06 03:00:00,2,17,0,1,0,20.897029843798858,3.897029843798858
2017-04-06 03:00:00,1,45,0,1,0,47.8876803061557,2.8876803061557013
2017-04-06 03:00:00,4,3,0,1,0,4.973147875008879,1.9731478750088787
2017-04-06 03:00:00,3,9,0,1,0,9.89783602557462,0.8978360255746196
2017-04-06 04:00:00,2,16,0,1,0,15.874581044823877,0.1254189551761229
2017-04-06 04:00:00,3,10,0,1,0,8.01862837437619,1.9813716256238099
2017-04-06 04:00:00,4,1,0,1,0,4.437542852948063,3.437542852948063
2017-04-06 04:00:00,1,41,0,1,0,40.21731401293772,0.7826859870622798
2017-04-06 05:00:00,1,40,0,1,0,37.1929250436589,2.807074956341097
2017-04-06 05:00:00,2,16,0,1,0,15.17865075655873,0.8213492434412704
2017-04-06 05:00:00,4,3,0,1,0,3.6466581813798276,0.6466581813798276
2017-04-06 05:00:00,3,6,0,1,0,8.080588042677034,2.080588042677034
2017-04-06 06:00:00,3,10,0,1,0,7.368325234031987,2.631674765968013
2017-04-06 06:00:00,1,48,0,1,0,42.21593092618551,5.784069073814493
2017-04-06 06:00:00,2,14,0,1,0,16.28034552489351,2.2803455248935087
2017-04-06 06:00:00,4,6,0,1,0,4.034823527725177,1.9651764722748233
2017-04-06 07:00:00,3,11,0,1,1,9.896949336235272,1.1030506637647282
2017-04-06 07:00:00,2,17,0,1,1,17.08393977619046,0.08393977619045856
2017-04-06 07:00:00,4,2,0,1,1,5.1107149152913705,3.1107149152913705
2017-04-06 07:00:00,1,53,0,1,1,50.20033562289781,2.7996643771021894
2017-04-06 08:00:00,1,56,0,1,1,55.61986254404547,0.3801374559545323
2017-04-06 08:00:00,3,13,0,1,1,11.24055488485012,1.7594451151498802
2017-04-06 08:00:00,2,20,0,1,1,18.14656532424053,1.8534346757594697
2017-04-06 08:00:00,4,4,0,1,1,5.645264082020132,1.645264082020132
2017-04-06 09:00:00,2,19,0,1,1,21.626061479729827,2.6260614797298274
2017-04-06 09:00:00,1,61,0,1,1,64.82542828046327,3.825428280463271
2017-04-06 09:00:00,4,8,0,1,1,6.745862072410661,1.2541379275893387
2017-04-06 09:00:00,3,18,0,1,1,14.729015237920636,3.2709847620793635
2017-04-06 10:00:00,2,23,0,1,0,21.433377192467123,1.5666228075328767
2017-04-06 10:00:00,3,20,0,1,0,19.553498460552103,0.4465015394478975
2017-04-06 10:00:00,1,76,0,1,0,70.74834143726211,5.251658562737887
2017-04-06 10:00:00,4,10,0,1,0,8.735102311419304,1.264897688580696
2017-04-06 11:00:00,1,94,0,1,0,82.97731516399699,11.022684836003009
2017-04-06 11:00:00,3,27,0,1,0,21.91987508494783,5.080124915052171
2017-04-06 11:00:00,4,6,0,1,0,10.54681263366405,4.54681263366405
2017-04-06 11:00:00,2,23,0,1,0,25.111086442233795,2.1110864422337947
2017-04-06 12:00:00,3,21,0,1,0,26.365968000960574,5.365968000960574
2017-04-06 12:00:00,1,92,0,1,0,90.00028324930047,1.999716750699534
2017-04-06 12:00:00,4,10,0,1,0,9.434414842468572,0.5655851575314284
2017-04-06 12:00:00,2,29,0,1,0,23.212403288879717,5.787596711120283
2017-04-06 13:00:00,4,8,0,1,0,8.892632711097976,0.8926327110979759
2017-04-06 13:00:00,1,95,0,1,0,82.59319736601844,12.406802633981556
2017-04-06 13:00:00,3,22,0,1,0,20.46622770195365,1.533772298046351
2017-04-06 13:00:00,2,27,0,1,0,26.701784417677644,0.29821558232235645
2017-04-06 14:00:00,3,22,0,1,0,22.51915477536994,0.519154775369941
2017-04-06 14:00:00,2,34,0,1,0,27.39764874796337,6.60235125203663
2017-04-06 14:00:00,4,9,0,1,0,9.25107055889481,0.2510705588948099
2017-04-06 14:00:00,1,93,0,1,0,96.81604212371977,3.816042123719768
2017-04-06 15:00:00,1,98,0,1,0,89.05614946985932,8.94385053014068
2017-04-06 15:00:00,3,26,0,1,0,21.998816306785052,4.001183693214948
2017-04-06 15:00:00,2,35,0,1,0,33.299340080972,1.7006599190279985
2017-04-06 15:00:00,4,13,0,1,0,9.185828069463916,3.8141719305360837
2017-04-06 16:00:00,3,25,0,1,0,24.46462110232463,0.5353788976753684
2017-04-06 16:00:00,2,28,0,1,0,34.40922184385802,6.40922184385802
2017-04-06 16:00:00,1,88,0,1,0,91.45147350736471,3.4514735073647103
2017-04-06 16:00:00,4,5,0,1,0,10.550182920936747,5.550182920936747
2017-04-06 17:00:00,2,34,0,1,1,28.068961921447237,5.931038078552763
2017-04-06 17:00:00,3,35,0,1,1,25.026848900833993,9.973151099166007
2017-04-06 17:00:00,4,7,0,1,1,8.414944459580964,1.4149444595809637
2017-04-06 17:00:00,1,86,0,1,1,84.27119607182848,1.7288039281715157
2017-04-06 18:00:00,4,10,0,1,1,8.528801967141582,1.4711980328584175
2017-04-06 18:00:00,2,35,0,1,1,34.10322168072205,0.8967783192779493
2017-04-06 18:00:00,3,26,0,1,1,34.95664992859306,8.956649928593059
2017-04-06 18:00:00,1,100,0,1,1,87.97186052577673,12.028139474223266
2017-04-06 19:00:00,1,98,0,1,1,99.65168131908233,1.6516813190823285
2017-04-06 19:00:00,4,6,0,1,1,8.649278462589386,2.649278462589386
2017-04-06 19:00:00,2,29,0,1,1,36.577029498008656,7.577029498008656
2017-04-06 19:00:00,3,19,0,1,1,27.145618111700887,8.145618111700887
2017-04-06 20:00:00,3,24,0,1,0,20.273431632584483,3.726568367415517
2017-04-06 20:00:00,2,37,0,1,0,29.2565720639757,7.7434279360243
2017-04-06 20:00:00,4,8,0,1,0,7.797378330755433,0.20262166924456704
2017-04-06 20:00:00,1,98,0,1,0,93.87384964779689,4.126150352203112
2017-04-06 21:00:00,2,30,0,1,0,34.96828546383522,4.9682854638352225
2017-04-06 21:00:00,4,6,0,1,0,8.498759085997484,2.4987590859974844
2017-04-06 21:00:00,3,20,0,1,0,24.02086824857173,4.02086824857173
2017-04-06 21:00:00,1,85,0,1,0,93.52529577240236,8.525295772402359
2017-04-06 22:00:00,1,87,0,1,0,84.17941907922257,2.820580920777431
2017-04-06 22:00:00,2,28,0,1,0,29.794702158092786,1.794702158092786
2017-04-06 22:00:00,3,19,0,1,0,19.61341446368217,0.6134144636821688
2017-04-06 22:00:00,4,8,0,1,0,7.08749266717111,0.9125073328288904
2017-04-06 23:00:00,2,28,0,1,0,26.450830667888173,1.549169332111827
2017-04-06 23:00:00,4,3,0,1,0,7.762844563085646,4.762844563085646
2017-04-06 23:00:00,3,17,0,1,0,19.065429197620542,2.065429197620542
2017-04-06 23:00:00,1,83,0,1,0,79.57439099538537,3.4256090046146284
2017-04-07 00:00:00,3,23,0,1,0,15.013516546344622,7.986483453655378
2017-04-07 00:00:00,1,77,0,1,0,72.93338117011295,4.066618829887048
2017-04-07 00:00:00,2,26,0,1,0,25.34922613618533,0.6507738638146705
2017-04-07 00:00:00,4,4,0,1,0,5.521783927790191,1.5217839277901906
2017-04-07 01:00:00,1,63,0,1,0,65.53292309061936,2.532923090619363
2017-04-07 01:00:00,2,26,0,1,0,22.082766750728137,3.917233249271863
2017-04-07 01:00:00,3,15,0,1,0,17.15831375043791,2.158313750437909
2017-04-07 01:00:00,4,8,0,1,0,4.134416289444939,3.865583710555061
2017-04-07 02:00:00,4,4,0,1,0,4.651924493389375,0.6519244933893749
2017-04-07 02:00:00,1,50,0,1,0,55.70546710428627,5.705467104286271
2017-04-07 02:00:00,3,11,0,1,0,11.810619885828482,0.8106198858284817
2017-04-07 02:00:00,2,23,0,1,0,22.082766750728137,0.9172332492718631
2017-04-07 03:00:00,4,5,0,1,0,4.4384215352888985,0.5615784647111015
2017-04-07 03:00:00,2,18,0,1,0,19.82415694236034,1.8241569423603394
2017-04-07 03:00:00,1,45,0,1,0,45.666193478464045,0.6661934784640451
2017-04-07 03:00:00,3,9,0,1,0,9.894934276888957,0.8949342768889572
2017-04-07 04:00:00,3,6,0,1,0,8.073721302294297,2.073721302294297
2017-04-07 04:00:00,2,15,0,1,0,16.37920432151461,1.3792043215146101
2017-04-07 04:00:00,1,36,0,1,0,39.87979058479228,3.879790584792282
2017-04-07 04:00:00,4,4,0,1,0,4.713573637362968,0.713573637362968
2017-04-07 05:00:00,4,4,0,1,0,4.079459091019606,0.07945909101960602
2017-04-07 05:00:00,3,7,0,1,0,6.801893766689621,0.19810623331037913
2017-04-07 05:00:00,2,14,0,1,0,14.182647561583451,0.18264756158345108
2017-04-07 05:00:00,1,35,0,1,0,32.99595662597818,2.004043374021819
2017-04-07 06:00:00,4,4,0,1,0,4.5715935465106385,0.5715935465106385
2017-04-07 06:00:00,1,41,0,1,0,37.93607137374094,3.063928626259063
2017-04-07 06:00:00,3,9,0,1,0,6.769569563834512,2.230430436165488
2017-04-07 06:00:00,2,13,0,1,0,14.726356582154885,1.7263565821548852
2017-04-07 07:00:00,4,6,0,1,1,5.16375293829052,0.8362470617094804
2017-04-07 07:00:00,3,8,0,1,1,8.497699679787901,0.4976996797879014
2017-04-07 07:00:00,1,48,0,1,1,44.521449851313754,3.478550148686246
2017-04-07 07:00:00,2,16,0,1,1,14.984574158823499,1.0154258411765014
2017-04-07 08:00:00,4,3,0,1,1,6.029072510819926,3.029072510819926
2017-04-07 08:00:00,3,10,0,1,1,9.83850661641768,0.1614933835823198
2017-04-07 08:00:00,1,53,0,1,1,52.81741183271972,0.18258816728027938
2017-04-07 08:00:00,2,19,0,1,1,16.956695154408845,2.0433048455911553
2017-04-07 09:00:00,2,22,0,1,1,20.622128576914193,1.3778714230858071
2017-04-07 09:00:00,4,4,0,1,1,6.8751408615598955,2.8751408615598955
2017-04-07 09:00:00,1,61,0,1,1,60.33022598638133,0.669774013618671
2017-04-07 09:00:00,3,14,0,1,1,11.906549768296514,2.0934502317034855
2017-04-07 10:00:00,2,26,0,1,0,24.12251782458413,1.8774821754158708
2017-04-07 10:00:00,3,22,0,1,0,15.633213853536649,6.366786146463351
2017-04-07 10:00:00,4,9,0,1,0,7.396674384339776,1.603325615660224
2017-04-07 10:00:00,1,71,0,1,0,70.74101211613225,0.2589878838677464
2017-04-07 11:00:00,3,22,0,1,0,22.61224339232248,0.6122433923224797
2017-04-07 11:00:00,2,22,0,1,0,27.588900175398113,5.588900175398113
2017-04-07 11:00:00,4,4,0,1,0,8.936060460452172,4.936060460452172
2017-04-07 11:00:00,1,86,0,1,0,75.70149583720689,10.298504162793108
2017-04-07 12:00:00,3,22,0,1,0,22.006259257556145,0.0062592575561453145
2017-04-07 12:00:00,4,5,0,1,0,7.562871087014991,2.562871087014991
2017-04-07 12:00:00,1,84,0,1,0,83.30074516179513,0.6992548382048653
2017-04-07 12:00:00,2,29,0,1,0,22.404488123013056,6.595511876986944
2017-04-07 13:00:00,4,6,0,1,0,6.737766290152051,0.7377662901520514
2017-04-07 13:00:00,3,21,0,1,0,21.356941733273565,0.3569417332735654
2017-04-07 13:00:00,1,75,0,1,0,76.02946207097274,1.0294620709727411
2017-04-07 13:00:00,2,28,0,1,0,26.46739435996106,1.5326056400389412
2017-04-07 14:00:00,4,7,0,1,0,6.537238452093608,0.4627615479063918
2017-04-07 14:00:00,1,82,0,1,0,81.78845815966572,0.21154184033427725
2017-04-07 14:00:00,2,23,0,1,0,27.42802288389019,4.42802288389019
2017-04-07 14:00:00,3,25,0,1,0,21.320433150498125,3.6795668495018745
2017-04-07 15:00:00,2,26,0,1,0,23.635986522664854,2.3640134773351456
2017-04-07 15:00:00,4,5,0,1,0,7.615774784334544,2.615774784334544
2017-04-07 15:00:00,1,78,0,1,0,79.97855415958938,1.978554159589379
2017-04-07 15:00:00,3,24,0,1,0,24.651510138132597,0.651510138132597
2017-04-07 16:00:00,2,28,0,1,0,24.915463072974546,3.0845369270254537
2017-04-07 16:00:00,1,73,0,1,0,76.79134363158876,3.7913436315887594
2017-04-07 16:00:00,3,20,0,1,0,23.818073665973444,3.8180736659734436
2017-04-07 16:00:00,4,8,0,1,0,6.884842251724132,1.1151577482758679
2017-04-07 17:00:00,2,25,0,1,1,26.825940959939576,1.825940959939576
2017-04-07 17:00:00,1,73,0,1,1,72.46007838441284,0.5399216155871613
2017-04-07 17:00:00,4,5,0,1,1,7.567848680153046,2.5678486801530456
2017-04-07 17:00:00,3,15,0,1,1,20.122348398057966,5.122348398057966
2017-04-07 18:00:00,3,19,0,1,1,17.365333367987358,1.6346666320126424
2017-04-07 18:00:00,1,79,0,1,1,76.64294649427528,2.3570535057247213
2017-04-07 18:00:00,4,4,0,1,1,6.868145751456367,2.8681457514563666
2017-04-07 18:00:00,2,25,0,1,1,25.504866230778585,0.5048662307785854
2017-04-07 19:00:00,1,79,0,1,1,81.42867803387365,2.428678033873652
2017-04-07 19:00:00,3,20,0,1,1,19.408167610548883,0.5918323894511168
2017-04-07 19:00:00,4,6,0,1,1,6.404637234396517,0.40463723439651744
2017-04-07 19:00:00,2,30,0,1,1,26.40672732611563,3.593272673884371
2017-04-07 20:00:00,1,79,0,1,0,79.0906651553528,0.09066515535279507
2017-04-07 20:00:00,3,14,0,1,0,19.880477737510258,5.880477737510258
2017-04-07 20:00:00,2,28,0,1,0,29.531318684319334,1.5313186843193343
2017-04-07 20:00:00,4,4,0,1,0,5.978365163176285,1.978365163176285
2017-04-07 21:00:00,3,21,0,1,0,15.643706945184398,5.356293054815602
2017-04-07 21:00:00,1,70,0,1,0,78.14444444485662,8.144444444856617
2017-04-07 21:00:00,2,25,0,1,0,26.849269698833428,1.849269698833428
2017-04-07 21:00:00,4,8,0,1,0,5.650547562588253,2.349452437411747
2017-04-07 22:00:00,2,22,0,1,0,25.059984886038926,3.059984886038926
2017-04-07 22:00:00,4,8,0,1,0,7.324660979454214,0.6753390205457857
2017-04-07 22:00:00,3,18,0,1,0,19.336320633262268,1.3363206332622681
2017-04-07 22:00:00,1,66,0,1,0,69.42848113469343,3.4284811346934276
2017-04-07 23:00:00,1,65,0,1,0,64.48321196411197,0.5167880358880268
2017-04-07 23:00:00,2,24,0,1,0,21.146083925300477,2.853916074699523
2017-04-07 23:00:00,4,4,0,1,0,7.382177476594159,3.3821774765941592
2017-04-07 23:00:00,3,18,0,1,0,16.864992999612756,1.135007000387244
2017-04-08 00:00:00,1,63,0,0,0,58.609784798780645,4.390215201219355
2017-04-08 00:00:00,3,14,0,0,0,15.510150906454244,1.5101509064542444
2017-04-08 00:00:00,4,7,0,0,0,5.818098896145006,1.1819011038549938
2017-04-08 00:00:00,2,26,0,0,0,22.248796058822922,3.751203941177078
2017-04-08 01:00:00,2,24,0,0,0,21.421755272763875,2.5782447272361253
2017-04-08 01:00:00,1,51,0,0,0,53.6112523061297,2.6112523061296997
2017-04-08 01:00:00,4,4,0,0,0,4.81201791194353,0.8120179119435296
2017-04-08 01:00:00,3,12,0,0,0,11.138817815004726,0.8611821849952737
2017-04-08 02:00:00,1,47,0,0,0,45.97263455437216,1.0273654456278365
2017-04-08 02:00:00,2,18,0,0,0,20.616097575760858,2.6160975757608576
2017-04-08 02:00:00,4,3,0,0,0,3.9769732133048215,0.9769732133048215
2017-04-08 02:00:00,3,12,0,0,0,9.900493543515045,2.0995064564849546
2017-04-08 03:00:00,2,16,0,0,0,16.183475153965723,0.18347515396572334
2017-04-08 03:00:00,4,1,0,0,0,3.8854086603066014,2.8854086603066014
2017-04-08 03:00:00,1,37,0,0,0,41.34489040790032,4.344890407900323
2017-04-08 03:00:00,3,10,0,0,0,9.372821196263953,0.6271788037360473
2017-04-08 04:00:00,2,12,0,0,0,14.546393206638584,2.5463932066385837
2017-04-08 04:00:00,3,8,0,0,0,8.193590779904074,0.19359077990407414
2017-04-08 04:00:00,1,38,0,0,0,32.711935421948816,5.288064578051184
2017-04-08 04:00:00,4,2,0,0,0,3.3062629288201917,1.3062629288201917
2017-04-08 05:00:00,3,6,0,0,0,7.219022143256089,1.2190221432560886
2017-04-08 05:00:00,2,9,0,0,0,11.664776261787944,2.664776261787944
2017-04-08 05:00:00,1,26,0,0,0,34.16806129250361,8.168061292503609
2017-04-08 05:00:00,4,2,0,0,0,3.3062629288201917,1.3062629288201917
2017-04-08 06:00:00,3,8,0,0,0,7.048247239117686,0.9517527608823144
2017-04-08 06:00:00,2,13,0,0,0,9.60921322281286,3.39078677718714
2017-04-08 06:00:00,1,32,0,0,0,27.914586772499906,4.085413227500094
2017-04-08 06:00:00,4,2,0,0,0,3.749169620040419,1.7491696200404192
2017-04-08 07:00:00,1,33,0,0,1,35.67676855400902,2.6767685540090227
2017-04-08 07:00:00,3,9,0,0,1,8.005659586584464,0.9943404134155358
2017-04-08 07:00:00,4,4,0,0,1,4.455002920139727,0.45500292013972743
2017-04-08 07:00:00,2,11,0,0,1,12.594213690008836,1.5942136900088357
2017-04-08 08:00:00,2,14,0,0,1,12.616066989478023,1.383933010521977
2017-04-08 08:00:00,1,35,0,0,1,36.85693295587803,1.8569329558780296
2017-04-08 08:00:00,4,2,0,0,1,4.955224366748268,2.9552243667482676
2017-04-08 08:00:00,3,8,0,0,1,9.311713653920073,1.3117136539200729
2017-04-08 09:00:00,1,43,0,0,1,41.373919859155144,1.6260801408448557
2017-04-08 09:00:00,2,11,0,0,1,15.220188547193208,4.220188547193208
2017-04-08 09:00:00,4,5,0,0,1,5.525037381840781,0.5250373818407814
2017-04-08 09:00:00,3,12,0,0,1,10.445040028805488,1.5549599711945117
2017-04-08 10:00:00,2,16,0,0,0,14.00569856250602,1.9943014374939807
2017-04-08 10:00:00,3,17,0,0,0,13.270118481214093,3.7298815187859073
2017-04-08 10:00:00,4,4,0,0,0,6.492097349586634,2.4920973495866336
2017-04-08 10:00:00,1,56,0,0,0,47.177474908697555,8.822525091302445
2017-04-08 11:00:00,1,63,0,0,0,63.43956971486077,0.4395697148607667
2017-04-08 11:00:00,4,4,0,0,0,6.140892845886208,2.140892845886208
2017-04-08 11:00:00,3,18,0,0,0,17.002242086282582,0.9977579137174182
2017-04-08 11:00:00,2,21,0,0,0,16.530228569193483,4.469771430806517
2017-04-08 12:00:00,1,59,0,0,0,64.64690191419226,5.646901914192256
2017-04-08 12:00:00,3,34,0,0,0,17.618838724784023,16.381161275215977
2017-04-08 12:00:00,2,16,0,0,0,19.523394406815584,3.5233944068155836
2017-04-08 12:00:00,4,8,0,0,0,6.102419046206984,1.8975809537930157
2017-04-08 13:00:00,1,54,0,0,0,55.971601825239304,1.9716018252393042
2017-04-08 13:00:00,2,17,0,0,0,16.732507125437685,0.26749287456231485
2017-04-08 13:00:00,4,4,0,0,0,6.396037504306692,2.396037504306692
2017-04-08 13:00:00,3,20,0,0,0,30.132964165214617,10.132964165214617
2017-04-08 14:00:00,3,26,0,0,0,18.8398586887431,7.160141311256901
2017-04-08 14:00:00,2,17,0,0,0,17.462856450035748,0.4628564500357477
2017-04-08 14:00:00,1,52,0,0,0,56.35925054738579,4.359250547385791
2017-04-08 14:00:00,4,6,0,0,0,5.749110372051794,0.25088962794820624
2017-04-08 15:00:00,3,20,0,0,0,25.075544832161885,5.075544832161885
2017-04-08 15:00:00,2,17,0,0,0,16.785031030924213,0.21496896907578744
2017-04-08 15:00:00,1,52,0,0,0,52.435431492934846,0.4354314929348462
2017-04-08 15:00:00,4,2,0,0,0,6.641156113541925,4.641156113541925
2017-04-08 16:00:00,3,19,0,0,0,19.918035132653475,0.9180351326534755
2017-04-08 16:00:00,1,52,0,0,0,52.22812290684707,0.22812290684706937
2017-04-08 16:00:00,2,15,0,0,0,17.19273013168301,2.1927301316830103
2017-04-08 16:00:00,4,5,0,0,0,5.397074334642565,0.39707433464256514
2017-04-08 17:00:00,1,50,0,0,1,52.57566311986695,2.5756631198669524
2017-04-08 17:00:00,4,4,0,0,1,5.584514532344116,1.5845145323441159
2017-04-08 17:00:00,2,14,0,0,1,16.20342653178001,2.2034265317800106
2017-04-08 17:00:00,3,20,0,0,1,19.582916293015494,0.41708370698450636
2017-04-08 18:00:00,3,31,0,0,1,20.772619481597907,10.227380518402093
2017-04-08 18:00:00,2,13,0,0,1,16.005206445912208,3.005206445912208
2017-04-08 18:00:00,4,6,0,0,1,5.340196631784733,0.6598033682152673
2017-04-08 18:00:00,1,59,0,0,1,53.21862032106688,5.781379678933121
2017-04-08 19:00:00,2,12,0,0,1,14.792040965961835,2.792040965961835
2017-04-08 19:00:00,1,72,0,0,1,64.45160842372363,7.548391576276373
2017-04-08 19:00:00,3,41,0,0,1,31.32207442094814,9.677925579051859
2017-04-08 19:00:00,4,4,0,0,1,6.267244011948504,2.2672440119485042
2017-04-08 20:00:00,2,16,0,0,0,14.01957135288859,1.9804286471114096
2017-04-08 20:00:00,1,73,0,0,0,73.75414577804162,0.7541457780416181
2017-04-08 20:00:00,3,64,0,0,0,42.05040581056226,21.94959418943774
2017-04-08 20:00:00,4,6,0,0,0,6.073750178455965,0.0737501784559651
2017-04-08 21:00:00,4,5,0,0,0,6.118657356537238,1.1186573565372377
2017-04-08 21:00:00,1,68,0,0,0,71.41540074975218,3.4154007497521803
2017-04-08 21:00:00,2,19,0,0,0,14.7834924123417,4.216507587658301
2017-04-08 21:00:00,3,61,0,0,0,53.084251389224754,7.915748610775246
2017-04-08 22:00:00,2,20,0,0,0,17.50788613141326,2.4921138685867383
2017-04-08 22:00:00,1,70,0,0,0,66.45072801633466,3.549271983665335
2017-04-08 22:00:00,3,46,0,0,0,45.37107497258714,0.6289250274128619
2017-04-08 22:00:00,4,7,0,0,0,5.906743811568866,1.093256188431134
2017-04-08 23:00:00,2,15,0,0,0,19.152583962927388,4.1525839629273875
2017-04-08 23:00:00,1,68,0,0,0,66.32814491688525,1.6718550831147496
2017-04-08 23:00:00,3,25,0,0,0,37.61057502801535,12.610575028015347
2017-04-08 23:00:00,4,5,0,0,0,7.024668138697568,2.0246681386975682
2017-04-09 00:00:00,4,7,1,0,0,5.535736550061398,1.4642634499386018
2017-04-09 00:00:00,2,19,1,0,0,14.906092035621013,4.093907964378987
2017-04-09 00:00:00,1,61,1,0,0,60.0337606093163,0.9662393906836968
2017-04-09 00:00:00,3,20,1,0,0,18.492415060624733,1.507584939375267
2017-04-09 01:00:00,1,47,1,0,0,52.47555059703277,5.475550597032772
2017-04-09 01:00:00,2,15,1,0,0,16.29184769766211,1.29184769766211
2017-04-09 01:00:00,3,14,1,0,0,13.504286838026495,0.4957131619735051
2017-04-09 01:00:00,4,5,1,0,0,4.81201791194353,0.18798208805647043
2017-04-09 02:00:00,2,16,1,0,0,13.197790290352282,2.802209709647718
2017-04-09 02:00:00,1,41,1,0,0,42.53137844890153,1.5313784489015276
2017-04-09 02:00:00,3,8,1,0,0,11.150131221309193,3.150131221309193
2017-04-09 02:00:00,4,5,1,0,0,4.547438346408829,0.45256165359117073
2017-04-09 03:00:00,1,40,1,0,0,36.453218069836716,3.5467819301632844
2017-04-09 03:00:00,4,2,1,0,0,4.519523206649962,2.5195232066499624
2017-04-09 03:00:00,2,16,1,0,0,13.546028604824949,2.453971395175051
2017-04-09 03:00:00,3,7,1,0,0,8.50045951416853,1.5004595141685293
2017-04-09 04:00:00,2,12,1,0,0,13.600767800557007,1.6007678005570067
2017-04-09 04:00:00,1,37,1,0,0,35.15091403705791,1.849085962942091
2017-04-09 04:00:00,3,7,1,0,0,6.78383272612494,0.21616727387505996
2017-04-09 04:00:00,4,4,1,0,0,3.7717347519871742,0.22826524801282577
2017-04-09 05:00:00,2,10,1,0,0,11.28742120185824,1.2874212018582405
2017-04-09 05:00:00,1,30,1,0,0,32.88550105872346,2.885501058723463
2017-04-09 05:00:00,3,6,1,0,0,5.798007131900444,0.2019928680995564
2017-04-09 05:00:00,4,2,1,0,0,3.6041693162699775,1.6041693162699775
2017-04-09 06:00:00,2,14,1,0,0,10.846371351753717,3.1536286482462828
2017-04-09 06:00:00,1,35,1,0,0,31.219673017365746,3.7803269826342536
2017-04-09 06:00:00,3,10,1,0,0,6.160169881906578,3.8398301180934222
2017-04-09 06:00:00,4,4,1,0,0,4.424967817564595,0.42496781756459523
2017-04-09 07:00:00,4,5,1,0,1,5.2347702268095855,0.23477022680958548
2017-04-09 07:00:00,1,42,1,0,1,39.21769119752304,2.7823088024769618
2017-04-09 07:00:00,2,14,1,0,1,13.610001873891134,0.38999812610886586
2017-04-09 07:00:00,3,7,1,0,1,8.989201452711736,1.989201452711736
2017-04-09 08:00:00,4,4,1,0,1,5.461610467614805,1.461610467614805
2017-04-09 08:00:00,1,43,1,0,1,44.82719385507326,1.8271938550732614
2017-04-09 08:00:00,2,12,1,0,1,14.880802036889039,2.8808020368890386
2017-04-09 08:00:00,3,9,1,0,1,9.067469060682205,0.06746906068220504
2017-04-09 09:00:00,3,15,1,0,1,10.574771474521263,4.425228525478737
2017-04-09 09:00:00,4,5,1,0,1,6.152681939933759,1.1526819399337587
2017-04-09 09:00:00,2,16,1,0,1,15.030641508724317,0.969358491275683
2017-04-09 09:00:00,1,50,1,0,1,47.63205441399335,2.3679455860066483
2017-04-09 10:00:00,3,19,1,0,0,15.44550357064731,3.5544964293526906
2017-04-09 10:00:00,1,53,1,0,0,57.47629409069228,4.476294090692278
2017-04-09 10:00:00,2,18,1,0,0,16.731643572790126,1.2683564272098735
2017-04-09 10:00:00,4,5,1,0,0,6.773336693623261,1.7733366936232606
2017-04-09 11:00:00,4,9,1,0,0,6.582113076733024,2.417886923266976
2017-04-09 11:00:00,2,16,1,0,0,18.823766360351232,2.8237663603512324
2017-04-09 11:00:00,3,17,1,0,0,19.142349343115583,2.1423493431155833
2017-04-09 11:00:00,1,52,1,0,0,61.68477532527279,9.684775325272788
2017-04-09 12:00:00,2,18,1,0,0,17.287661733173948,0.7123382668260518
2017-04-09 12:00:00,3,20,1,0,0,17.855144648568864,2.1448553514311364
2017-04-09 12:00:00,4,5,1,0,0,8.05698634103677,3.0569863410367706
2017-04-09 12:00:00,1,56,1,0,0,53.98823983712996,2.01176016287004
2017-04-09 13:00:00,1,54,1,0,0,51.875453026133414,2.124546973866586
2017-04-09 13:00:00,3,18,1,0,0,18.7547968347701,0.7547968347701008
2017-04-09 13:00:00,4,6,1,0,0,6.360512486555639,0.3605124865556393
2017-04-09 13:00:00,2,12,1,0,0,17.08654857821859,5.08654857821859
2017-04-09 14:00:00,1,56,1,0,0,54.32273067552853,1.6772693244714674
2017-04-09 14:00:00,4,6,1,0,0,6.8222079729264316,0.8222079729264316
2017-04-09 14:00:00,2,18,1,0,0,15.008011883548921,2.991988116451079
2017-04-09 14:00:00,3,17,1,0,0,17.862536490396437,0.8625364903964368
2017-04-09 15:00:00,1,53,1,0,0,54.81529142881263,1.8152914288126283
2017-04-09 15:00:00,4,8,1,0,0,6.403200067030955,1.596799932969045
2017-04-09 15:00:00,2,20,1,0,0,16.61778218510148,3.382217814898521
2017-04-09 15:00:00,3,20,1,0,0,17.571904635752762,2.4280953642472376
2017-04-09 16:00:00,1,52,1,0,0,52.30708932134345,0.30708932134344735
2017-04-09 16:00:00,4,3,1,0,0,7.439764392058522,4.439764392058522
2017-04-09 16:00:00,2,19,1,0,0,18.865230851541895,0.13476914845810484
2017-04-09 16:00:00,3,12,1,0,0,19.19646981098936,7.19646981098936
2017-04-09 17:00:00,2,15,1,0,1,19.281019454160926,4.281019454160926
2017-04-09 17:00:00,3,19,1,0,1,15.22686730340657,3.7731326965934304
2017-04-09 17:00:00,1,59,1,0,1,52.57566311986695,6.424336880133048
2017-04-09 17:00:00,4,7,1,0,1,6.202411921205917,0.7975880787940834
2017-04-09 18:00:00,1,62,1,0,1,63.12719424043096,1.1271942404309598
2017-04-09 18:00:00,2,15,1,0,1,17.475304635438523,2.4753046354385226
2017-04-09 18:00:00,4,4,1,0,1,7.198890687736223,3.198890687736223
2017-04-09 18:00:00,3,18,1,0,1,23.59056886033312,5.590568860333121
2017-04-09 19:00:00,2,18,1,0,1,17.25389730302594,0.7461026969740594
2017-04-09 19:00:00,1,69,1,0,1,66.32846163192849,2.6715383680715092
2017-04-09 19:00:00,4,9,1,0,1,6.059189421176535,2.9408105788234646
2017-04-09 19:00:00,3,38,1,0,1,19.705789282388675,18.294210717611325
2017-04-09 20:00:00,3,64,1,0,0,43.601472111190134,20.398527888809866
2017-04-09 20:00:00,1,77,1,0,0,68.41958145874061,8.580418541259391
2017-04-09 20:00:00,4,6,1,0,0,8.147079387625496,2.147079387625496
2017-04-09 20:00:00,2,19,1,0,0,18.010446745648142,0.9895532543518577
2017-04-09 21:00:00,4,3,1,0,0,6.827289868610991,3.8272898686109906
2017-04-09 21:00:00,3,54,1,0,0,50.56876695110711,3.431233048892892
2017-04-09 21:00:00,2,18,1,0,0,18.41259219682946,0.41259219682946124
2017-04-09 21:00:00,1,71,1,0,0,75.5454142260795,4.545414226079501
2017-04-09 22:00:00,3,30,1,0,0,42.393422082919415,12.393422082919415
2017-04-09 22:00:00,2,17,1,0,0,17.74597584216156,0.7459758421615597
2017-04-09 22:00:00,1,68,1,0,0,68.62246703193175,0.6224670319317482
2017-04-09 22:00:00,4,5,1,0,0,6.656111575307489,1.6561115753074889
2017-04-09 23:00:00,4,6,1,0,0,5.640576116760853,0.3594238832391472
2017-04-09 23:00:00,3,22,1,0,0,23.255462069814723,1.2554620698147225
2017-04-09 23:00:00,1,63,1,0,0,64.00922011529606,1.0092201152960598
2017-04-09 23:00:00,2,25,1,0,0,17.09538749037479,7.90461250962521
2017-04-10 00:00:00,3,17,0,1,0,16.861362719832385,0.13863728016761456
2017-04-10 00:00:00,4,5,0,1,0,5.055930245966698,0.05593024596669771
2017-04-10 00:00:00,2,19,0,1,0,22.85429941552854,3.8542994155285406
2017-04-10 00:00:00,1,62,0,1,0,58.01819152146808,3.981808478531917
2017-04-10 01:00:00,2,17,0,1,0,17.463414666537687,0.4634146665376875
2017-04-10 01:00:00,3,13,0,1,0,13.300379039733075,0.300379039733075
2017-04-10 01:00:00,4,4,0,1,0,4.569805152633654,0.5698051526336538
2017-04-10 01:00:00,1,54,0,1,0,53.41140638912098,0.5885936108790233
2017-04-10 02:00:00,3,11,0,1,0,10.911110120837224,0.08888987916277635
2017-04-10 02:00:00,1,43,0,1,0,48.11314059709102,5.113140597091018
2017-04-10 02:00:00,4,3,0,1,0,4.185484216959911,1.1854842169599111
2017-04-10 02:00:00,2,21,0,1,0,15.703087412484804,5.296912587515196
2017-04-10 03:00:00,2,14,0,1,0,17.443312621383313,3.4433126213833134
2017-04-10 03:00:00,1,35,0,1,0,39.33322803132597,4.333228031325973
2017-04-10 03:00:00,3,8,0,1,0,9.619033107120572,1.619033107120572
2017-04-10 03:00:00,4,4,0,1,0,4.0081608954011285,0.00816089540112852
2017-04-10 04:00:00,1,32,0,1,0,32.45642608331561,0.45642608331561263
2017-04-10 04:00:00,4,6,0,1,0,3.8405954596839305,2.1594045403160695
2017-04-10 04:00:00,2,14,0,1,0,13.075201827086849,0.9247981729131514
2017-04-10 04:00:00,3,8,0,1,0,7.79120118791528,0.20879881208472018
2017-04-10 05:00:00,3,4,0,1,0,7.047788671629341,3.047788671629341
2017-04-10 05:00:00,1,33,0,1,0,30.63684895914575,2.3631510408542518
2017-04-10 05:00:00,4,1,0,1,0,4.22184556424627,3.22184556424627
2017-04-10 05:00:00,2,15,0,1,0,12.834903706869481,2.165096293130519
2017-04-10 06:00:00,1,42,0,1,0,35.68505901992166,6.31494098007834
2017-04-10 06:00:00,3,8,0,1,0,6.37897791958346,1.62102208041654
2017-04-10 06:00:00,2,15,0,1,0,14.095674819816608,0.9043251801833918
2017-04-10 06:00:00,4,1,0,1,0,4.390710508705716,3.390710508705716
2017-04-10 07:00:00,2,16,0,1,1,16.545833321705082,0.5458333217050821
2017-04-10 07:00:00,4,2,0,1,1,4.7577742483315575,2.7577742483315575
2017-04-10 07:00:00,3,8,0,1,1,7.875620809948601,0.12437919005139886
2017-04-10 07:00:00,1,48,0,1,1,46.21144763679384,1.7885523632061577
2017-04-10 08:00:00,2,23,0,1,1,17.750820486643473,5.249179513356527
2017-04-10 08:00:00,4,4,0,1,1,5.240878274433029,1.2408782744330287
2017-04-10 08:00:00,1,51,0,1,1,53.43540231662373,2.4354023166237297
2017-04-10 08:00:00,3,16,0,1,1,8.83176399373207,7.1682360062679304
2017-04-10 09:00:00,3,19,0,1,1,16.41382570840859,2.5861742915914085
2017-04-10 09:00:00,1,63,0,1,1,60.35493548522238,2.645064514777623
2017-04-10 09:00:00,2,23,0,1,1,24.586297413267026,1.586297413267026
2017-04-10 09:00:00,4,4,0,1,1,6.231891422637115,2.2318914226371147
2017-04-10 10:00:00,3,22,0,1,0,21.502251146336846,0.497748853663154
2017-04-10 10:00:00,4,4,0,1,0,6.944247514320634,2.944247514320634
2017-04-10 10:00:00,1,78,0,1,0,76.84087284176307,1.1591271582369274
2017-04-10 10:00:00,2,29,0,1,0,26.143180058949024,2.8568199410509756
2017-04-10 11:00:00,1,114,0,1,0,84.9805450493286,29.019454950671403
2017-04-10 11:00:00,3,34,0,1,0,23.907941520594196,10.092058479405804
2017-04-10 11:00:00,4,9,0,1,0,7.26421566209479,1.7357843379052103
2017-04-10 11:00:00,2,31,0,1,0,31.448242074750052,0.44824207475005196
2017-04-10 12:00:00,3,30,0,1,0,32.44426652758188,2.444266527581881
2017-04-10 12:00:00,1,109,0,1,0,94.0646497593721,14.935350240627898
2017-04-10 12:00:00,4,9,0,1,0,8.520346186369581,0.4796538136304189
2017-04-10 12:00:00,2,30,0,1,0,29.79455567517074,0.20544432482925856
2017-04-10 13:00:00,1,95,0,1,0,94.09511314435466,0.9048868556453442
2017-04-10 13:00:00,4,6,0,1,0,8.165707555408643,2.165707555408643
2017-04-10 13:00:00,2,33,0,1,0,28.456466841061914,4.543533158938086
2017-04-10 13:00:00,3,32,0,1,0,27.910501656511475,4.0894983434885255
2017-04-10 14:00:00,3,31,0,1,0,32.948198862167665,1.948198862167665
2017-04-10 14:00:00,1,99,0,1,0,102.57794144131168,3.5779414413116797
2017-04-10 14:00:00,4,12,0,1,0,8.7608424621108,3.2391575378892004
2017-04-10 14:00:00,2,31,0,1,0,33.09985189836565,2.0998518983656496
2017-04-10 15:00:00,3,28,0,1,0,30.219352225522343,2.219352225522343
2017-04-10 15:00:00,4,9,0,1,0,10.40895849230266,1.4089584923026592
2017-04-10 15:00:00,1,97,0,1,0,98.13650566371331,1.136505663713308
2017-04-10 15:00:00,2,29,0,1,0,30.207173289995048,1.2071732899950476
2017-04-10 16:00:00,4,9,0,1,0,9.239295908127586,0.23929590812758583
2017-04-10 16:00:00,1,96,0,1,0,91.6173966660426,4.382603333957405
2017-04-10 16:00:00,3,25,0,1,0,27.07952141428281,2.0795214142828087
2017-04-10 16:00:00,2,28,0,1,0,27.819875655171163,0.18012434482883677
2017-04-10 17:00:00,2,31,0,1,1,27.29739774249762,3.702602257502381
2017-04-10 17:00:00,4,8,0,1,1,9.213807368671551,1.2138073686715511
2017-04-10 17:00:00,3,26,0,1,1,25.406645934563613,0.5933540654363867
2017-04-10 17:00:00,1,96,0,1,1,91.71680584070025,4.283194159299754
2017-04-10 18:00:00,4,6,0,1,1,8.420044806879496,2.4200448068794955
2017-04-10 18:00:00,2,36,0,1,1,30.652898129064436,5.347101870935564
2017-04-10 18:00:00,3,24,0,1,1,26.086831721767613,2.086831721767613
2017-04-10 18:00:00,1,98,0,1,1,95.81716461021615,2.182835389783847
2017-04-10 19:00:00,2,32,0,1,1,36.53509138444771,4.5350913844477105
2017-04-10 19:00:00,4,9,0,1,1,7.7545068753798,1.2454931246202001
2017-04-10 19:00:00,3,23,0,1,1,25.580227180809572,2.5802271808095725
2017-04-10 19:00:00,1,107,0,1,1,98.74956495269515,8.250435047304848
2017-04-10 20:00:00,2,34,0,1,0,33.11300088359023,0.8869991164097684
2017-04-10 20:00:00,4,5,0,1,0,8.502181729874582,3.5021817298745823
2017-04-10 20:00:00,3,41,0,1,0,23.620682589470018,17.379317410529982
2017-04-10 20:00:00,1,100,0,1,0,100.56158233360111,0.561582333601109
2017-04-10 21:00:00,1,89,0,1,0,94.74578683392073,5.745786833920732
2017-04-10 21:00:00,2,31,0,1,0,33.21797526595709,2.2179752659570866
2017-04-10 21:00:00,4,7,0,1,0,7.039459080383645,0.03945908038364543
2017-04-10 21:00:00,3,29,0,1,0,32.8931760092344,3.893176009234402
2017-04-10 22:00:00,2,32,0,1,0,30.78766536215271,1.2123346378472917
2017-04-10 22:00:00,1,86,0,1,0,87.35085393705614,1.3508539370561436
2017-04-10 22:00:00,4,6,0,1,0,7.784060932966429,1.7840609329664288
2017-04-10 22:00:00,3,31,0,1,0,26.848375606692905,4.151624393307095
2017-04-10 23:00:00,2,29,0,1,0,30.696136764701,1.6961367647009986
2017-04-10 23:00:00,4,5,0,1,0,6.658000394738285,1.658000394738285
2017-04-10 23:00:00,1,83,0,1,0,80.52523626050895,2.4747637394910527
2017-04-10 23:00:00,3,32,0,1,0,29.416652357707306,2.5833476422926935
2017-04-11 00:00:00,3,20,0,1,0,29.503248882583424,9.503248882583424
2017-04-11 00:00:00,4,6,0,1,0,5.804265722297452,0.19573427770254792
2017-04-11 00:00:00,2,30,0,1,0,26.213486007594817,3.786513992405183
2017-04-11 00:00:00,1,77,0,1,0,74.46955442422065,2.5304455757793534
2017-04-11 01:00:00,3,11,0,1,0,15.346254370522866,4.346254370522866
2017-04-11 01:00:00,1,61,0,1,0,65.52006234510353,4.520062345103526
2017-04-11 01:00:00,2,28,0,1,0,25.313540178271143,2.6864598217288567
2017-04-11 01:00:00,4,6,0,1,0,4.794134558087506,1.2058654419124943
2017-04-11 02:00:00,2,25,0,1,0,23.639576885269115,1.3604231147308852
2017-04-11 02:00:00,1,58,0,1,0,54.88212350536928,3.117876494630721
2017-04-11 02:00:00,3,12,0,1,0,9.991887861618617,2.0081121383813834
2017-04-11 02:00:00,4,5,0,1,0,4.78683132425464,0.2131686757453597
2017-04-11 03:00:00,2,17,0,1,0,21.450955313887935,4.450955313887935
2017-04-11 03:00:00,4,7,0,1,0,4.783864489822786,2.2161355101772138
2017-04-11 03:00:00,3,12,0,1,0,9.783801324875013,2.2161986751249874
2017-04-11 03:00:00,1,44,0,1,0,51.71361201758117,7.71361201758117
2017-04-11 04:00:00,1,38,0,1,0,39.29107658614562,1.2910765861456213
2017-04-11 04:00:00,3,6,0,1,0,9.28113899066733,3.28113899066733
2017-04-11 04:00:00,2,17,0,1,0,16.143827682542785,0.8561723174572151
2017-04-11 04:00:00,4,5,0,1,0,5.013225681765754,0.013225681765754338
2017-04-11 05:00:00,1,37,0,1,0,35.61801435398691,1.3819856460130922
2017-04-11 05:00:00,3,11,0,1,0,7.33294909650866,3.66705090349134
2017-04-11 05:00:00,4,2,0,1,0,4.783864489822786,2.7838644898227862
2017-04-11 05:00:00,2,15,0,1,0,16.089289212537295,1.0892892125372953
2017-04-11 06:00:00,4,5,0,1,0,4.61396925921159,0.38603074078841004
2017-04-11 06:00:00,1,43,0,1,0,39.34300331640201,3.6569966835979884
2017-04-11 06:00:00,3,6,0,1,0,9.711962427251738,3.7119624272517378
2017-04-11 06:00:00,2,12,0,1,0,15.754325111268583,3.7543251112685834
2017-04-11 07:00:00,1,49,0,1,1,46.112832481018415,2.8871675189815846
2017-04-11 07:00:00,4,5,0,1,1,5.30317257708533,0.30317257708532974
2017-04-11 07:00:00,3,13,0,1,1,8.433161659226627,4.566838340773373
2017-04-11 07:00:00,2,19,0,1,1,15.324103229085875,3.6758967709141253
2017-04-11 08:00:00,4,7,0,1,1,5.914829811016763,1.0851701889832368
2017-04-11 08:00:00,1,54,0,1,1,54.73449859212982,0.7344985921298175
2017-04-11 08:00:00,3,10,0,1,1,12.684464325844665,2.684464325844665
2017-04-11 08:00:00,2,18,0,1,1,19.160909017258835,1.1609090172588346
2017-04-11 09:00:00,2,22,0,1,1,20.466687046545893,1.5333129534541072
2017-04-11 09:00:00,4,3,0,1,1,8.182392685629248,5.182392685629248
2017-04-11 09:00:00,1,59,0,1,1,63.544015397335805,4.544015397335805
2017-04-11 09:00:00,3,17,0,1,1,13.254176593839265,3.745823406160735
2017-04-11 10:00:00,2,25,0,1,0,24.173030610195593,0.8269693898044075
2017-04-11 10:00:00,1,82,0,1,0,71.48793820654143,10.512061793458571
2017-04-11 10:00:00,4,8,0,1,0,7.589552970038036,0.410447029961964
2017-04-11 10:00:00,3,20,0,1,0,18.534687913434617,1.4653120865653833
2017-04-11 11:00:00,4,5,0,1,0,9.197576834496429,4.197576834496429
2017-04-11 11:00:00,3,28,0,1,0,21.212535375957618,6.787464624042382
2017-04-11 11:00:00,2,29,0,1,0,26.630724748266466,2.3692752517335336
2017-04-11 11:00:00,1,94,0,1,0,85.36117964879847,8.638820351201531
2017-04-11 12:00:00,2,30,0,1,0,27.63327586583621,2.366724134163789
2017-04-11 12:00:00,1,90,0,1,0,90.00028324930047,0.0002832493004660819
2017-04-11 12:00:00,4,9,0,1,0,7.4615070794134954,1.5384929205865046
2017-04-11 12:00:00,3,27,0,1,0,26.450876870171655,0.5491231298283452
2017-04-11 13:00:00,1,99,0,1,0,82.88553513309574,16.114464866904257
2017-04-11 13:00:00,2,28,0,1,0,28.12857482320127,0.12857482320126934
2017-04-11 13:00:00,4,6,0,1,0,8.136057222763327,2.136057222763327
2017-04-11 13:00:00,3,25,0,1,0,25.960249002731963,0.9602490027319632
2017-04-11 14:00:00,2,34,0,1,0,27.978329504398076,6.021670495601924
2017-04-11 14:00:00,3,28,0,1,0,25.927071698146403,2.0729283018535973
2017-04-11 14:00:00,1,101,0,1,0,99.66383405606057,1.3361659439394344
2017-04-11 14:00:00,4,10,0,1,0,7.848630370379888,2.1513696296201124
2017-04-11 15:00:00,1,93,0,1,0,93.86175303725146,0.8617530372514608
2017-04-11 15:00:00,3,30,0,1,0,26.960163324388386,3.039836675611614
2017-04-11 15:00:00,4,5,0,1,0,9.554598065687662,4.554598065687662
2017-04-11 15:00:00,2,35,0,1,0,33.299340080972,1.7006599190279985
2017-04-11 16:00:00,1,91,0,1,0,87.88102726194421,3.1189727380557883
2017-04-11 16:00:00,3,22,0,1,0,28.45055370884226,6.450553708842261
2017-04-11 16:00:00,4,8,0,1,0,7.569176502317983,0.43082349768201667
2017-04-11 16:00:00,2,31,0,1,0,34.61495514589104,3.614955145891038
2017-04-11 17:00:00,3,26,0,1,1,22.236952025013665,3.7630479749863355
2017-04-11 17:00:00,1,90,0,1,1,89.18281485890193,0.8171851410980651
2017-04-11 17:00:00,4,8,0,1,1,8.209570083993567,0.20957008399356702
2017-04-11 17:00:00,2,29,0,1,1,30.973291822485493,1.9732918224854927
2017-04-11 18:00:00,2,34,0,1,1,28.853311350219176,5.146688649780824
2017-04-11 18:00:00,1,99,0,1,1,93.1075180030537,5.892481996946302
2017-04-11 18:00:00,4,8,0,1,1,8.027394950589928,0.027394950589927802
2017-04-11 18:00:00,3,24,0,1,1,25.6617368849505,1.6617368849504999
2017-04-11 19:00:00,1,100,0,1,1,99.22110014349047,0.7788998565095255
2017-04-11 19:00:00,3,17,0,1,1,25.30944408707409,8.309444087074091
2017-04-11 19:00:00,2,39,0,1,1,34.58639742813042,4.413602571869582
2017-04-11 19:00:00,4,9,0,1,1,8.597151231122846,0.4028487688771545
2017-04-11 20:00:00,2,34,0,1,0,39.542422157200356,5.542422157200356
2017-04-11 20:00:00,4,8,0,1,0,8.766811717153526,0.7668117171535265
2017-04-11 20:00:00,3,26,0,1,0,18.85631597189716,7.1436840281028395
2017-04-11 20:00:00,1,93,0,1,0,94.76558307673757,1.7655830767375704
2017-04-11 21:00:00,3,23,0,1,0,24.84317022326383,1.8431702232638294
2017-04-11 21:00:00,1,88,0,1,0,89.06302058659104,1.063020586591037
2017-04-11 21:00:00,4,6,0,1,0,8.47407930096634,2.4740793009663395
2017-04-11 21:00:00,2,29,0,1,0,32.77484053952008,3.7748405395200777
2017-04-11 22:00:00,4,8,0,1,0,7.70503423239739,0.2949657676026103
2017-04-11 22:00:00,2,29,0,1,0,28.654738882049575,0.34526111795042524
2017-04-11 22:00:00,1,90,0,1,0,84.17941907922257,5.820580920777431
2017-04-11 22:00:00,3,23,0,1,0,22.84872875116339,0.15127124883661125
2017-04-11 23:00:00,2,30,0,1,0,26.966223901623977,3.0337760983760234
2017-04-11 23:00:00,3,18,0,1,0,21.842170390187672,3.842170390187672
2017-04-11 23:00:00,4,5,0,1,0,7.791717429312847,2.791717429312847
2017-04-11 23:00:00,1,82,0,1,0,81.7742282280458,0.22577177195420006
2017-04-12 00:00:00,4,4,0,1,0,5.8868428203637615,1.8868428203637615
2017-04-12 00:00:00,1,66,0,1,0,74.05398257779456,8.053982577794557
2017-04-12 00:00:00,2,28,0,1,0,27.178630981129803,0.8213690188701968
2017-04-12 00:00:00,3,17,0,1,0,15.758646444492232,1.241353555507768
2017-04-12 01:00:00,4,4,0,1,0,4.694123797561793,0.6941237975617929
2017-04-12 01:00:00,3,14,0,1,0,13.565661741432748,0.4343382585672515
2017-04-12 01:00:00,2,21,0,1,0,23.639576885269115,2.639576885269115
2017-04-12 01:00:00,1,66,0,1,0,58.23747941234872,7.762520587651281
2017-04-12 02:00:00,4,5,0,1,0,4.121834803720557,0.8781651962794426
2017-04-12 02:00:00,1,50,0,1,0,58.625392935713336,8.625392935713336
2017-04-12 02:00:00,3,12,0,1,0,11.278435715026587,0.7215642849734127
2017-04-12 02:00:00,2,23,0,1,0,18.541763685318397,4.458236314681603
2017-04-12 03:00:00,4,4,0,1,0,4.218878729814416,0.21887872981441614
2017-04-12 03:00:00,3,7,0,1,0,10.079009811444056,3.079009811444056
2017-04-12 03:00:00,2,21,0,1,0,19.417870662612923,1.5821293373870766
2017-04-12 03:00:00,1,42,0,1,0,45.72545745722406,3.72545745722406
2017-04-12 04:00:00,3,7,0,1,0,7.5155935030038306,0.5155935030038306
2017-04-12 04:00:00,4,4,0,1,0,4.121834803720557,0.12183480372055744
2017-04-12 04:00:00,2,18,0,1,0,18.06544073445541,0.06544073445541088
2017-04-12 04:00:00,1,42,0,1,0,38.805859323995726,3.194140676004274
2017-04-12 05:00:00,2,16,0,1,0,16.885235957066616,0.885235957066616
2017-04-12 05:00:00,3,8,0,1,0,6.604246749821885,1.3957532501781147
2017-04-12 05:00:00,1,40,0,1,0,37.824217887408714,2.1757821125912855
2017-04-12 05:00:00,4,2,0,1,0,4.121834803720557,2.1218348037205574
2017-04-12 06:00:00,1,40,0,1,0,42.22207381710037,2.222073817100373
2017-04-12 06:00:00,2,16,0,1,0,17.395122196091076,1.3951221960910765
2017-04-12 06:00:00,4,2,0,1,0,4.138792636870858,2.138792636870858
2017-04-12 06:00:00,3,5,0,1,0,6.926154342252422,1.9261543422524223
2017-04-12 07:00:00,4,7,0,1,1,4.7406568278244885,2.2593431721755115
2017-04-12 07:00:00,2,19,0,1,1,18.29387533058751,0.706124669412489
2017-04-12 07:00:00,3,8,0,1,1,7.508877067120648,0.49112293287935227
2017-04-12 07:00:00,1,49,0,1,1,44.85083907271672,4.149160927283283
2017-04-12 08:00:00,2,19,0,1,1,20.216777346576787,1.2167773465767873
2017-04-12 08:00:00,4,5,0,1,1,6.503983862994253,1.5039838629942528
2017-04-12 08:00:00,3,13,0,1,1,9.07777610708529,3.92222389291471
2017-04-12 08:00:00,1,53,0,1,1,55.38672335034159,2.3867233503415903
2017-04-12 09:00:00,3,12,0,1,1,13.152873543021268,1.1528735430212684
2017-04-12 09:00:00,2,21,0,1,1,21.61833016887335,0.6183301688733494
2017-04-12 09:00:00,1,62,0,1,1,60.92470034008132,1.0752996599186773
2017-04-12 09:00:00,4,4,0,1,1,7.077497461071033,3.077497461071033
2017-04-12 10:00:00,3,21,0,1,0,15.4602262230728,5.5397737769272
2017-04-12 10:00:00,2,21,0,1,0,23.379702480647428,2.3797024806474276
2017-04-12 10:00:00,1,76,0,1,0,73.56459657880447,2.435403421195531
2017-04-12 10:00:00,4,3,0,1,0,7.761126648867525,4.761126648867525
2017-04-12 11:00:00,3,25,0,1,0,21.38068161038893,3.6193183896110703
2017-04-12 11:00:00,1,89,0,1,0,82.97731516399699,6.022684836003009
2017-04-12 11:00:00,2,27,0,1,0,23.045409663242797,3.954590336757203
2017-04-12 11:00:00,4,6,0,1,0,7.235342795867587,1.235342795867587
2017-04-12 12:00:00,3,29,0,1,0,24.52960114367236,4.470398856327641
2017-04-12 12:00:00,1,92,0,1,0,88.60635006950052,3.3936499304994783
2017-04-12 12:00:00,4,9,0,1,0,6.9983492188188405,2.0016507811811595
2017-04-12 12:00:00,2,29,0,1,0,26.40373727652639,2.596262723473611
2017-04-12 13:00:00,1,82,0,1,0,82.33473559383326,0.33473559383325835
2017-04-12 13:00:00,4,4,0,1,0,7.5400407299576795,3.5400407299576795
2017-04-12 13:00:00,3,21,0,1,0,26.797691048358693,5.797691048358693
2017-04-12 13:00:00,2,26,0,1,0,26.54081637649871,0.5408163764987108
2017-04-12 14:00:00,2,31,0,1,0,26.137162332626907,4.862837667373093
2017-04-12 14:00:00,1,91,0,1,0,89.56257620322562,1.4374237967743824
2017-04-12 14:00:00,4,4,0,1,0,7.3811268913649775,3.3811268913649775
2017-04-12 14:00:00,3,30,0,1,0,21.66304601354008,8.336953986459921
2017-04-12 15:00:00,3,26,0,1,0,29.04855283603815,3.0485528360381515
2017-04-12 15:00:00,1,92,0,1,0,89.26840659865321,2.7315934013467853
2017-04-12 15:00:00,2,30,0,1,0,30.105627805895825,0.10562780589582488
2017-04-12 15:00:00,4,7,0,1,0,6.822678284780272,0.17732171521972795
2017-04-12 16:00:00,3,24,0,1,0,24.737673656574085,0.7376736565740849
2017-04-12 16:00:00,1,83,0,1,0,87.3978091968851,4.397809196885106
2017-04-12 16:00:00,4,4,0,1,0,6.53417347447845,2.5341734744784503
2017-04-12 16:00:00,2,28,0,1,0,28.61196601236964,0.6119660123696384
2017-04-12 17:00:00,4,5,0,1,1,5.76067888340276,0.7606788834027602
2017-04-12 17:00:00,3,22,0,1,1,24.78131582800662,2.781315828006619
2017-04-12 17:00:00,1,84,0,1,1,81.70462089721036,2.2953791027896386
2017-04-12 17:00:00,2,29,0,1,1,27.29739774249762,1.702602257502381
2017-04-12 18:00:00,4,4,0,1,1,6.13253457313442,2.1325345731344196
2017-04-12 18:00:00,3,22,0,1,1,22.04374907729468,0.043749077294680916
2017-04-12 18:00:00,2,32,0,1,1,28.576409685711425,3.4235903142885746
2017-04-12 18:00:00,1,92,0,1,1,87.3550859072102,4.644914092789804
2017-04-12 19:00:00,2,36,0,1,1,33.42477003529461,2.575229964705393
2017-04-12 19:00:00,4,9,0,1,1,5.6729863876598,3.3270136123402
2017-04-12 19:00:00,3,24,0,1,1,22.681757137790623,1.3182428622093774
2017-04-12 19:00:00,1,86,0,1,1,93.48083773876319,7.480837738763185
2017-04-12 20:00:00,1,87,0,1,0,86.2878289812827,0.7121710187172994
2017-04-12 20:00:00,2,35,0,1,0,35.69052224919019,0.6905222491901881
2017-04-12 20:00:00,3,21,0,1,0,24.364626916402568,3.3646269164025675
2017-04-12 20:00:00,4,6,0,1,0,7.660884730808868,1.660884730808868
2017-04-12 21:00:00,1,83,0,1,0,85.62505521959889,2.6250552195988917
2017-04-12 21:00:00,4,6,0,1,0,6.832645086603215,0.8326450866032147
2017-04-12 21:00:00,2,32,0,1,0,34.97911849898263,2.979118498982629
2017-04-12 21:00:00,3,32,0,1,0,20.60809472548339,11.39190527451661
2017-04-12 22:00:00,4,6,0,1,0,7.407907982646119,1.407907982646119
2017-04-12 22:00:00,2,31,0,1,0,32.405662541187795,1.4056625411877945
2017-04-12 22:00:00,1,83,0,1,0,80.26971132892638,2.730288671073623
2017-04-12 22:00:00,3,26,0,1,0,32.21949649671799,6.219496496717987
2017-04-12 23:00:00,3,17,0,1,0,24.311690841920765,7.311690841920765
2017-04-12 23:00:00,1,75,0,1,0,75.33269065884836,0.3326906588483638
2017-04-12 23:00:00,4,7,0,1,0,6.6291275285110824,0.37087247148891755
2017-04-12 23:00:00,2,28,0,1,0,29.078139585665873,1.0781395856658733
2017-04-13 00:00:00,2,27,0,1,0,25.363720137334866,1.636279862665134
2017-04-13 00:00:00,3,14,0,1,0,15.450190365595427,1.450190365595427
2017-04-13 00:00:00,1,73,0,1,0,69.18061645495983,3.819383545040168
2017-04-13 00:00:00,4,4,0,1,0,5.875225503245049,1.8752255032450487
2017-04-13 01:00:00,4,5,0,1,0,4.72203893732066,0.2779610626793403
2017-04-13 01:00:00,3,13,0,1,0,11.057443731533459,1.9425562684665412
2017-04-13 01:00:00,1,63,0,1,0,62.677685905017555,0.32231409498244545
2017-04-13 01:00:00,2,23,0,1,0,23.46297820380374,0.4629782038037398
2017-04-13 02:00:00,2,23,0,1,0,19.934808580270953,3.0651914197290466
2017-04-13 02:00:00,1,53,0,1,0,56.166473312675784,3.166473312675784
2017-04-13 02:00:00,3,9,0,1,0,10.715393351386792,1.7153933513867923
2017-04-13 02:00:00,4,3,0,1,0,4.506671639283055,1.5066716392830548
2017-04-13 03:00:00,4,2,0,1,0,4.0081608954011285,2.0081608954011285
2017-04-13 03:00:00,2,19,0,1,0,19.585927793458094,0.5859277934580938
2017-04-13 03:00:00,1,42,0,1,0,47.96422648858229,5.964226488582291
2017-04-13 03:00:00,3,8,0,1,0,8.331091377007056,0.3310913770070556
2017-04-13 04:00:00,2,13,0,1,0,17.336944838529302,4.336944838529302
2017-04-13 04:00:00,3,6,0,1,0,7.345878597490243,1.345878597490243
2017-04-13 04:00:00,4,1,0,1,0,3.6466581813798276,2.6466581813798276
2017-04-13 04:00:00,1,35,0,1,0,38.55819839928613,3.558198399286127
2017-04-13 05:00:00,3,7,0,1,0,6.179398898827747,0.8206011011722527
2017-04-13 05:00:00,1,36,0,1,0,33.03663528951065,2.9633647104893512
2017-04-13 05:00:00,2,17,0,1,0,13.048421204655615,3.9515787953443855
2017-04-13 05:00:00,4,5,0,1,0,3.542689072234146,1.457310927765854
2017-04-13 06:00:00,1,40,0,1,0,38.839338125346465,1.1606618746535347
2017-04-13 06:00:00,4,4,0,1,0,4.281919416094,0.2819194160940004
2017-04-13 06:00:00,2,20,0,1,0,16.20528338500916,3.79471661499084
2017-04-13 06:00:00,3,6,0,1,0,6.758676788100783,0.7586767881007832
2017-04-13 07:00:00,1,46,0,1,1,44.34324913682779,1.6567508631722134
2017-04-13 07:00:00,2,15,0,1,1,20.285986572932924,5.285986572932924
2017-04-13 07:00:00,3,13,0,1,1,7.266332730444945,5.733667269555055
2017-04-13 07:00:00,4,6,0,1,1,4.84462593697017,1.1553740630298304
2017-04-13 08:00:00,4,4,0,1,1,6.1350976367602295,2.1350976367602295
2017-04-13 08:00:00,1,50,0,1,1,51.167225641774166,1.1672256417741664
2017-04-13 08:00:00,3,8,0,1,1,11.953459676687473,3.953459676687473
2017-04-13 08:00:00,2,23,0,1,1,18.56164263021393,4.438357369786068
2017-04-13 09:00:00,4,3,0,1,1,6.917516574260847,3.917516574260847
2017-04-13 09:00:00,3,10,0,1,1,12.075448890212325,2.075448890212325
2017-04-13 09:00:00,1,58,0,1,1,58.37375110756951,0.373751107569511
2017-04-13 09:00:00,2,17,0,1,1,24.484801151601864,7.484801151601864
2017-04-13 10:00:00,3,15,0,1,0,13.680775849871221,1.319224150128779
2017-04-13 10:00:00,1,80,0,1,0,72.20012559695382,7.799874403046175
2017-04-13 10:00:00,2,20,0,1,0,20.699867621446273,0.6998676214462733
2017-04-13 10:00:00,4,5,0,1,0,7.439050097040727,2.4390500970407274
2017-04-13 11:00:00,3,21,0,1,0,15.651908206145817,5.3480917938541825
2017-04-13 11:00:00,2,25,0,1,0,22.20994612406928,2.7900538759307203
2017-04-13 11:00:00,4,6,0,1,0,7.395323682677775,1.395323682677775
2017-04-13 11:00:00,1,89,0,1,0,84.26179690557524,4.738203094424762
2017-04-13 12:00:00,1,92,0,1,0,88.60635006950052,3.3936499304994783
2017-04-13 12:00:00,3,26,0,1,0,20.106471231734233,5.893528768265767
2017-04-13 12:00:00,2,32,0,1,0,24.55492884126242,7.44507115873758
2017-04-13 12:00:00,4,7,0,1,0,6.9983492188188405,0.0016507811811594664
2017-04-13 13:00:00,4,7,0,1,0,7.210451446474322,0.21045144647432235
2017-04-13 13:00:00,2,29,0,1,0,29.874144618372483,0.8741446183724833
2017-04-13 13:00:00,3,17,0,1,0,23.83210891839843,6.832108918398429
2017-04-13 13:00:00,1,76,0,1,0,82.59319736601844,6.593197366018444
2017-04-13 14:00:00,4,8,0,1,0,8.179554098053526,0.17955409805352573
2017-04-13 14:00:00,3,26,0,1,0,18.917794910483106,7.0822050895168935
2017-04-13 14:00:00,1,84,0,1,0,86.29577485574617,2.295774855746174
2017-04-13 14:00:00,2,34,0,1,0,28.40297066295308,5.597029337046919
2017-04-13 15:00:00,3,23,0,1,0,25.013681856815108,2.013681856815108
2017-04-13 15:00:00,1,78,0,1,0,85.4395649410139,7.439564941013899
2017-04-13 15:00:00,2,23,0,1,0,33.667843573999285,10.667843573999285
2017-04-13 15:00:00,4,9,0,1,0,8.427352500384135,0.572647499615865
2017-04-13 16:00:00,1,77,0,1,0,78.77563003840662,1.775630038406618
2017-04-13 16:00:00,2,30,0,1,0,23.3219074512467,6.678092548753298
2017-04-13 16:00:00,3,20,0,1,0,22.715125041379682,2.7151250413796824
2017-04-13 16:00:00,4,4,0,1,0,8.79819740190654,4.79819740190654
2017-04-13 17:00:00,1,73,0,1,1,78.18229552148287,5.182295521482871
2017-04-13 17:00:00,4,6,0,1,1,7.299595589213436,1.2995955892134363
2017-04-13 17:00:00,3,22,0,1,1,20.122348398057966,1.8776516019420342
2017-04-13 17:00:00,2,29,0,1,1,29.504750792480372,0.5047507924803725
2017-04-13 18:00:00,2,30,0,1,1,28.030262433425086,1.9697375665749135
2017-04-13 18:00:00,4,7,0,1,1,6.864009801814441,0.13599019818555913
2017-04-13 18:00:00,3,19,0,1,1,21.857361490078052,2.857361490078052
2017-04-13 18:00:00,1,79,0,1,1,77.72250281559892,1.277497184401085
2017-04-13 19:00:00,2,30,0,1,1,30.658652923680584,0.6586529236805845
2017-04-13 19:00:00,4,7,0,1,1,7.005357080082003,0.005357080082003307
2017-04-13 19:00:00,1,84,0,1,1,82.82548967453397,1.1745103254660307
2017-04-13 19:00:00,3,19,0,1,1,20.144086145762834,1.1440861457628344
2017-04-13 20:00:00,1,80,0,1,0,85.3906939581292,5.390693958129205
2017-04-13 20:00:00,3,24,0,1,0,19.60053429561644,4.399465704383559
2017-04-13 20:00:00,4,7,0,1,0,7.568506225657193,0.5685062256571927
2017-04-13 20:00:00,2,34,0,1,0,29.951885143987553,4.048114856012447
2017-04-13 21:00:00,4,5,0,1,0,7.7892051672318825,2.7892051672318825
2017-04-13 21:00:00,1,75,0,1,0,79.96566450085163,4.965664500851631
2017-04-13 21:00:00,2,28,0,1,0,32.870085004658215,4.870085004658215
2017-04-13 21:00:00,3,32,0,1,0,23.274025120191023,8.725974879808977
2017-04-13 22:00:00,4,7,0,1,0,6.803615895332763,0.19638410466723677
2017-04-13 22:00:00,3,24,0,1,0,29.950576848546074,5.950576848546074
2017-04-13 22:00:00,2,26,0,1,0,27.56437814362386,1.564378143623859
2017-04-13 22:00:00,1,76,0,1,0,76.47054232795016,0.47054232795015594
2017-04-13 23:00:00,3,20,0,1,0,23.42183011342056,3.4218301134205618
2017-04-13 23:00:00,1,72,0,1,0,71.21759774228222,0.7824022577177772
2017-04-13 23:00:00,2,25,0,1,0,24.532168232855863,0.467831767144137
2017-04-13 23:00:00,4,10,0,1,0,6.976407612604196,3.023592387395804
2017-04-14 00:00:00,3,16,1,0,0,18.785847837377126,2.7858478373771263
2017-04-14 00:00:00,4,7,1,0,0,6.804079334162755,0.195920665837245
2017-04-14 00:00:00,2,26,1,0,0,23.25334684829836,2.74665315170164
2017-04-14 00:00:00,1,67,1,0,0,65.20528089631708,1.7947191036829224
2017-04-14 01:00:00,3,13,1,0,0,12.722521553802103,0.27747844619789674
2017-04-14 01:00:00,2,24,1,0,0,22.07796604937501,1.9220339506249893
2017-04-14 01:00:00,4,4,1,0,0,6.048385469695311,2.0483854696953108
2017-04-14 01:00:00,1,56,1,0,0,57.45511322098074,1.455113220980742
2017-04-14 02:00:00,1,49,1,0,0,49.433044868119204,0.43304486811920384
2017-04-14 02:00:00,3,10,1,0,0,10.915900866502378,0.915900866502378
2017-04-14 02:00:00,4,4,1,0,0,5.130722377102468,1.130722377102468
2017-04-14 02:00:00,2,20,1,0,0,20.807026041956618,0.8070260419566182
2017-04-14 03:00:00,1,40,1,0,0,44.287914060074094,4.287914060074094
2017-04-14 03:00:00,4,5,1,0,0,4.128303038645393,0.8716969613546066
2017-04-14 03:00:00,3,8,1,0,0,8.970245978580747,0.9702459785807473
2017-04-14 03:00:00,2,16,1,0,0,17.735885516004334,1.735885516004334
2017-04-14 04:00:00,4,2,1,0,0,4.161697551499898,2.1616975514998984
2017-04-14 04:00:00,1,33,1,0,0,36.07410012477556,3.074100124775562
2017-04-14 04:00:00,3,4,1,0,0,7.592959532438273,3.5929595324382726
2017-04-14 04:00:00,2,14,1,0,0,14.90367914405535,0.9036791440553493
2017-04-14 05:00:00,2,12,1,0,0,12.976809880162746,0.9768098801627456
2017-04-14 05:00:00,3,6,1,0,0,5.8860639794717375,0.11393602052826246
2017-04-14 05:00:00,4,4,1,0,0,3.7834142813694154,0.21658571863058462
2017-04-14 05:00:00,1,34,1,0,0,30.69583455366738,3.3041654463326218
2017-04-14 06:00:00,1,35,1,0,0,35.73160862964763,0.7316086296476314
2017-04-14 06:00:00,3,8,1,0,0,6.13409740882046,1.8659025911795402
2017-04-14 06:00:00,2,15,1,0,0,12.476720904737892,2.523279095262108
2017-04-14 06:00:00,4,2,1,0,0,4.2755487368604435,2.2755487368604435
2017-04-14 07:00:00,3,8,1,0,1,7.627400628811234,0.37259937118876607
2017-04-14 07:00:00,4,3,1,0,1,5.359273847034148,2.3592738470341477
2017-04-14 07:00:00,2,12,1,0,1,15.432239452013837,3.432239452013837
2017-04-14 07:00:00,1,42,1,0,1,39.58988080362227,2.410119196377728
2017-04-14 08:00:00,4,5,1,0,1,5.183697096118511,0.18369709611851093
2017-04-14 08:00:00,3,9,1,0,1,9.16831325524299,0.16831325524299068
2017-04-14 08:00:00,2,17,1,0,1,14.530301002832818,2.469698997167182
2017-04-14 08:00:00,1,43,1,0,1,45.372667038789444,2.3726670387894444
2017-04-14 09:00:00,2,16,1,0,1,18.63625450273255,2.6362545027325517
2017-04-14 09:00:00,4,8,1,0,1,6.299909146510422,1.700090853489578
2017-04-14 09:00:00,3,14,1,0,1,10.946092248331789,3.053907751668211
2017-04-14 09:00:00,1,50,1,0,1,47.82420572441538,2.1757942755846216
2017-04-14 10:00:00,4,9,1,0,0,8.373519856632523,0.6264801433674769
2017-04-14 10:00:00,2,18,1,0,0,18.526974048643954,0.5269740486439538
2017-04-14 10:00:00,1,60,1,0,0,59.11480876672502,0.8851912332749805
2017-04-14 10:00:00,3,18,1,0,0,15.176550372084227,2.823449627915773
2017-04-14 11:00:00,1,68,1,0,0,69.09590204047333,1.0959020404733337
2017-04-14 11:00:00,2,19,1,0,0,19.55587224469925,0.5558722446992483
2017-04-14 11:00:00,4,8,1,0,0,9.613239019124832,1.6132390191248316
2017-04-14 11:00:00,3,20,1,0,0,18.107861125298157,1.8921388747018426
2017-04-14 12:00:00,2,23,1,0,0,19.16880337221923,3.83119662778077
2017-04-14 12:00:00,1,69,1,0,0,69.73789738177746,0.7378973817774579
2017-04-14 12:00:00,4,10,1,0,0,9.751769413252097,0.2482305867479031
2017-04-14 12:00:00,3,18,1,0,0,19.96564734629475,1.9656473462947517
2017-04-14 13:00:00,4,5,1,0,0,9.026997236330812,4.026997236330812
2017-04-14 13:00:00,1,58,1,0,0,64.08532212065084,6.085322120650844
2017-04-14 13:00:00,2,13,1,0,0,22.22144614226126,9.22144614226126
2017-04-14 13:00:00,3,19,1,0,0,17.661457113750636,1.338542886249364
2017-04-14 14:00:00,1,60,1,0,0,62.45050169846231,2.450501698462311
2017-04-14 14:00:00,3,21,1,0,0,19.295321029319993,1.704678970680007
2017-04-14 14:00:00,2,26,1,0,0,16.356481288604417,9.643518711395583
2017-04-14 14:00:00,4,7,1,0,0,7.891983206095149,0.8919832060951487
2017-04-14 15:00:00,3,16,1,0,0,20.511129640407066,4.511129640407066
2017-04-14 15:00:00,4,9,1,0,0,8.089444025541848,0.910555974458152
2017-04-14 15:00:00,1,59,1,0,0,61.08587692902891,2.085876929028913
2017-04-14 15:00:00,2,22,1,0,0,24.90846120914249,2.908461209142491
2017-04-14 16:00:00,4,6,1,0,0,8.147702320112327,2.1477023201123266
2017-04-14 16:00:00,1,58,1,0,0,59.0906789876352,1.0906789876352008
2017-04-14 16:00:00,3,23,1,0,0,17.410678025988567,5.589321974011433
2017-04-14 16:00:00,2,20,1,0,0,21.392050240867288,1.3920502408672881
2017-04-14 17:00:00,4,9,1,0,1,7.497345891689247,1.502654108310753
2017-04-14 17:00:00,3,24,1,0,1,22.586707652569206,1.4132923474307937
2017-04-14 17:00:00,1,60,1,0,1,58.25849330238195,1.7415066976180498
2017-04-14 17:00:00,2,23,1,0,1,20.045254258467647,2.954745741532353
2017-04-14 18:00:00,1,65,1,0,1,62.928469517421775,2.0715304825782255
2017-04-14 18:00:00,3,18,1,0,1,24.255279468044268,6.255279468044268
2017-04-14 18:00:00,4,5,1,0,1,8.720922510315397,3.720922510315397
2017-04-14 18:00:00,2,25,1,0,1,22.971765091154744,2.0282349088452563
2017-04-14 19:00:00,1,68,1,0,1,69.35920374275346,1.359203742753465
2017-04-14 19:00:00,2,18,1,0,1,25.586788185471562,7.586788185471562
2017-04-14 19:00:00,4,8,1,0,1,7.143571131254841,0.8564288687451587
2017-04-14 19:00:00,3,16,1,0,1,19.608771059582953,3.6087710595829527
2017-04-14 20:00:00,1,70,1,0,0,67.57305708595561,2.426942914044389
2017-04-14 20:00:00,2,24,1,0,0,19.130340183252716,4.8696598167472835
2017-04-14 20:00:00,4,8,1,0,0,8.05839010437802,0.05839010437802017
2017-04-14 20:00:00,3,19,1,0,0,18.26205328064383,0.7379467193561702
2017-04-14 21:00:00,1,69,1,0,0,68.72383424080562,0.27616575919438446
2017-04-14 21:00:00,4,5,1,0,0,7.952084583749979,2.952084583749979
2017-04-14 21:00:00,2,20,1,0,0,23.80747674477462,3.8074767447746183
2017-04-14 21:00:00,3,17,1,0,0,17.912548240335653,0.9125482403356528
2017-04-14 22:00:00,4,3,1,0,0,7.390039116554078,4.390039116554078
2017-04-14 22:00:00,2,20,1,0,0,19.594088316303594,0.40591168369640585
2017-04-14 22:00:00,1,66,1,0,0,65.99000977781611,0.009990222183887454
2017-04-14 22:00:00,3,18,1,0,0,16.948063308205754,1.0519366917942463
2017-04-14 23:00:00,1,67,1,0,0,63.216229378763764,3.7837706212362363
2017-04-14 23:00:00,3,15,1,0,0,16.654771475785328,1.6547714757853278
2017-04-14 23:00:00,2,19,1,0,0,18.790636030401103,0.20936396959889692
2017-04-14 23:00:00,4,7,1,0,0,5.733186427674722,1.2668135723252778
2017-04-15 00:00:00,3,18,0,0,0,13.219795552606309,4.780204447393691
2017-04-15 00:00:00,4,4,0,0,0,5.26316028491286,1.2631602849128596
2017-04-15 00:00:00,1,57,0,0,0,60.04465427849068,3.0446542784906825
2017-04-15 00:00:00,2,21,0,0,0,18.260100470334145,2.7398995296658555
2017-04-15 01:00:00,3,12,0,0,0,13.698756628310022,1.6987566283100222
2017-04-15 01:00:00,4,3,0,0,0,3.9594358428315792,0.9594358428315792
2017-04-15 01:00:00,2,15,0,0,0,17.646333394849496,2.6463333948494956
2017-04-15 01:00:00,1,48,0,0,0,49.5772915891643,1.5772915891642967
2017-04-15 02:00:00,4,5,0,0,0,3.8963023294809798,1.1036976705190202
2017-04-15 02:00:00,2,19,0,0,0,13.549041912917865,5.450958087082135
2017-04-15 02:00:00,3,10,0,0,0,10.06242245827154,0.06242245827153958
2017-04-15 02:00:00,1,40,0,0,0,41.92793521804162,1.9279352180416183
2017-04-15 03:00:00,4,4,0,0,0,3.8796723472554095,0.12032765274459045
2017-04-15 03:00:00,2,15,0,0,0,16.23744226145439,1.2374422614543903
2017-04-15 03:00:00,3,5,0,0,0,8.582858004592579,3.5828580045925786
2017-04-15 03:00:00,1,33,0,0,0,35.58865193766265,2.5886519376626467
2017-04-15 04:00:00,3,5,0,0,0,6.742249947497989,1.7422499474979887
2017-04-15 04:00:00,2,10,0,0,0,13.186609348225527,3.1866093482255273
2017-04-15 04:00:00,4,1,0,0,0,3.7826284211615517,2.7826284211615517
2017-04-15 04:00:00,1,28,0,0,0,29.21893167827639,1.218931678276391
2017-04-15 05:00:00,2,8,0,0,0,10.28088215734893,2.2808821573489304
2017-04-15 05:00:00,4,1,0,0,0,3.4988202986710535,2.4988202986710535
2017-04-15 05:00:00,3,5,0,0,0,5.552211962644171,0.5522119626441713
2017-04-15 05:00:00,1,26,0,0,0,27.0497708520197,1.0497708520197016
2017-04-15 06:00:00,4,1,0,0,0,3.8377578807455994,2.8377578807455994
2017-04-15 06:00:00,1,27,0,0,0,27.621892267883155,0.6218922678831547
2017-04-15 06:00:00,2,12,0,0,0,8.709876362239532,3.290123637760468
2017-04-15 06:00:00,3,9,0,0,0,5.1835117650346225,3.8164882349653775
2017-04-15 07:00:00,1,29,0,0,1,30.470962922323224,1.4709629223232241
2017-04-15 07:00:00,2,14,0,0,1,11.445604026733287,2.554395973266713
2017-04-15 07:00:00,3,7,0,0,1,7.528566175233095,0.5285661752330952
2017-04-15 07:00:00,4,3,0,0,1,4.543591180844909,1.543591180844909
2017-04-15 08:00:00,2,10,0,0,1,13.751611885561063,3.751611885561063
2017-04-15 08:00:00,4,5,0,0,1,5.092311454060013,0.09231145406001318
2017-04-15 08:00:00,3,11,0,0,1,8.711480974752153,2.2885190252478473
2017-04-15 08:00:00,1,36,0,0,1,31.556381690928283,4.4436183090717165
2017-04-15 09:00:00,3,11,0,0,1,11.641084639217704,0.6410846392177039
2017-04-15 09:00:00,4,3,0,0,1,5.972157318237681,2.972157318237681
2017-04-15 09:00:00,1,41,0,0,1,41.4928752968587,0.49287529685869913
2017-04-15 09:00:00,2,12,0,0,1,13.745295516645914,1.745295516645914
2017-04-15 10:00:00,4,4,0,0,0,6.343010131950825,2.343010131950825
2017-04-15 10:00:00,1,50,0,0,0,46.39666770400567,3.6033322959943277
2017-04-15 10:00:00,2,12,0,0,0,13.851982212536425,1.8519822125364254
2017-04-15 10:00:00,3,12,0,0,0,13.326816529088953,1.326816529088953
2017-04-15 11:00:00,4,6,0,0,0,6.319351950777786,0.31935195077778644
2017-04-15 11:00:00,1,52,0,0,0,56.946408119433784,4.946408119433784
2017-04-15 11:00:00,2,13,0,0,0,13.389381812794216,0.38938181279421613
2017-04-15 11:00:00,3,11,0,0,0,13.681762521719866,2.6817625217198664
2017-04-15 12:00:00,2,16,0,0,0,14.071963156045042,1.928036843954958
2017-04-15 12:00:00,3,15,0,0,0,12.73112526165586,2.26887473834414
2017-04-15 12:00:00,1,49,0,0,0,54.546490177551426,5.546490177551426
2017-04-15 12:00:00,4,10,0,0,0,6.316238106376236,3.683761893623764
2017-04-15 13:00:00,1,48,0,0,0,47.12768238294284,0.8723176170571634
2017-04-15 13:00:00,2,15,0,0,0,14.53654556334001,0.4634544366599904
2017-04-15 13:00:00,4,5,0,0,0,7.830372877620402,2.830372877620402
2017-04-15 13:00:00,3,14,0,0,0,13.73097603774869,0.2690239622513104
2017-04-15 14:00:00,4,3,0,0,0,7.300360536355681,4.300360536355681
2017-04-15 14:00:00,2,13,0,0,0,15.611562772902094,2.6115627729020936
2017-04-15 14:00:00,3,22,0,0,0,14.268482325412432,7.731517674587568
2017-04-15 14:00:00,1,46,0,0,0,48.13311656524711,2.133116565247107
2017-04-15 15:00:00,2,13,0,0,0,14.710718013158557,1.7107180131585569
2017-04-15 15:00:00,3,19,0,0,0,20.624680240618527,1.6246802406185274
2017-04-15 15:00:00,1,45,0,0,0,45.89717138442872,0.8971713844287166
2017-04-15 15:00:00,4,7,0,0,0,6.575487151908184,0.42451284809181633
2017-04-15 16:00:00,2,12,0,0,0,13.868495040539742,1.8684950405397416
2017-04-15 16:00:00,1,44,0,0,0,43.989419378639425,0.010580621360574582
2017-04-15 16:00:00,4,5,0,0,0,6.177126000374325,1.177126000374325
2017-04-15 16:00:00,3,21,0,0,0,18.67870445936945,2.321295540630551
2017-04-15 17:00:00,3,15,0,0,1,20.162385254265946,5.162385254265946
2017-04-15 17:00:00,1,47,0,0,1,44.33337740516711,2.666622594832887
2017-04-15 17:00:00,4,6,0,0,1,5.557353961667809,0.44264603833219063
2017-04-15 17:00:00,2,13,0,0,1,13.062121523737074,0.06212152373707447
2017-04-15 18:00:00,3,21,0,0,1,17.869750924639316,3.130249075360684
2017-04-15 18:00:00,2,15,0,0,1,13.570299781200596,1.429700218799404
2017-04-15 18:00:00,1,53,0,0,1,50.63757378176216,2.362426218237843
2017-04-15 18:00:00,4,2,0,0,1,6.8310982378923955,4.8310982378923955
2017-04-15 19:00:00,3,44,0,0,1,21.78340333059362,22.21659666940638
2017-04-15 19:00:00,1,59,0,0,1,56.91829949152381,2.081700508476189
2017-04-15 19:00:00,2,21,0,0,1,15.297392990581926,5.702607009418074
2017-04-15 19:00:00,4,6,0,0,1,6.079822128900169,0.07982212890016882
2017-04-15 20:00:00,2,19,0,0,0,20.462282635440616,1.4622826354406158
2017-04-15 20:00:00,3,65,0,0,0,73.14615200701844,8.146152007018443
2017-04-15 20:00:00,4,6,0,0,0,6.228258917916935,0.22825891791693476
2017-04-15 20:00:00,1,57,0,0,0,60.714243438722406,3.7142434387224057
2017-04-15 21:00:00,2,18,0,0,0,18.51610336755597,0.5161033675559707
2017-04-15 21:00:00,3,49,0,0,0,51.211191048000444,2.211191048000444
2017-04-15 21:00:00,4,7,0,0,0,5.788548521026652,1.2114514789733484
2017-04-15 21:00:00,1,56,0,0,0,56.004466873402784,0.004466873402783733
2017-04-15 22:00:00,2,20,0,0,0,18.13287891733255,1.867121082667449
2017-04-15 22:00:00,3,26,0,0,0,41.438098240204695,15.438098240204695
2017-04-15 22:00:00,4,7,0,0,0,7.235893979245657,0.23589397924565692
2017-04-15 22:00:00,1,54,0,0,0,54.19921263067703,0.19921263067703165
2017-04-15 23:00:00,2,18,0,0,0,19.2870446795778,1.2870446795778
2017-04-15 23:00:00,1,51,0,0,0,51.93009110210477,0.9300911021047682
2017-04-15 23:00:00,3,23,0,0,0,21.94491406939034,1.0550859306096605
2017-04-15 23:00:00,4,6,0,0,0,7.257083870067783,1.2570838700677829
2017-04-16 00:00:00,1,51,0,0,0,45.546217794620425,5.453782205379575
2017-04-16 00:00:00,4,4,0,0,0,5.885748930803312,1.8857489308033122
2017-04-16 00:00:00,3,21,0,0,0,18.196774607661435,2.8032253923385646
2017-04-16 00:00:00,2,17,0,0,0,16.85250971763925,0.14749028236074935
2017-04-16 01:00:00,1,43,0,0,0,43.7985953462839,0.7985953462839035
2017-04-16 01:00:00,2,16,0,0,0,15.138893806897592,0.8611061931024082
2017-04-16 01:00:00,4,2,0,0,0,4.496506463081083,2.496506463081083
2017-04-16 01:00:00,3,13,0,0,0,15.375667165463327,2.3756671654633266
2017-04-16 02:00:00,2,15,0,0,0,14.010002889959381,0.9899971100406191
2017-04-16 02:00:00,1,34,0,0,0,37.56401147920528,3.564011479205277
2017-04-16 02:00:00,4,2,0,0,0,3.7826284211615517,1.7826284211615517
2017-04-16 02:00:00,3,9,0,0,0,10.674429348785099,1.6744293487850985
2017-04-16 03:00:00,3,6,0,0,0,8.78526288777376,2.7852628877737597
2017-04-16 03:00:00,4,2,0,0,0,3.394851189525372,1.394851189525372
2017-04-16 03:00:00,2,16,0,0,0,12.876103960159462,3.123896039840538
2017-04-16 03:00:00,1,28,0,0,0,29.678240164785944,1.6782401647859437
2017-04-16 04:00:00,2,12,0,0,0,13.404961952318878,1.404961952318878
2017-04-16 04:00:00,4,4,0,0,0,3.394851189525372,0.6051488104746281
2017-04-16 04:00:00,1,25,0,0,0,24.506079525526776,0.4939204744732244
2017-04-16 04:00:00,3,9,0,0,0,6.73285267327578,2.2671473267242197
2017-04-16 05:00:00,3,5,0,0,0,6.530468528795198,1.5304685287951978
2017-04-16 05:00:00,4,1,0,0,0,3.394851189525372,2.394851189525372
2017-04-16 05:00:00,1,26,0,0,0,23.961291865349086,2.038708134650914
2017-04-16 05:00:00,2,13,0,0,0,11.0392429172869,1.9607570827130996
2017-04-16 06:00:00,2,10,0,0,0,12.338622952491754,2.338622952491754
2017-04-16 06:00:00,4,4,0,0,0,3.8377578807455994,0.16224211925440057
2017-04-16 06:00:00,1,31,0,0,0,27.215120095284114,3.7848799047158863
2017-04-16 06:00:00,3,5,0,0,0,6.235772408406411,1.2357724084064108
2017-04-16 07:00:00,1,30,0,0,1,33.38024012586394,3.380240125863942
2017-04-16 07:00:00,2,14,0,0,1,12.281591333117204,1.7184086668827963
2017-04-16 07:00:00,3,8,0,0,1,6.854629045183551,1.1453709548164488
2017-04-16 07:00:00,4,4,0,0,1,4.543591180844909,0.543591180844909
2017-04-16 08:00:00,3,12,0,0,1,8.177515971794971,3.8224840282050287
2017-04-16 08:00:00,1,36,0,0,1,33.01986888014695,2.9801311198530485
2017-04-16 08:00:00,2,15,0,0,1,14.006242848781131,0.993757151218869
2017-04-16 08:00:00,4,2,0,0,1,5.092311454060013,3.092311454060013
2017-04-16 09:00:00,4,4,0,0,1,5.766093578298208,1.7660935782982081
2017-04-16 09:00:00,1,37,0,0,1,41.515670521427936,4.515670521427936
2017-04-16 09:00:00,3,11,0,0,1,11.938111699445706,0.9381116994457059
2017-04-16 09:00:00,2,12,0,0,1,16.30028836268643,4.30028836268643
2017-04-16 10:00:00,3,12,0,0,0,13.874730074269513,1.8747300742695128
2017-04-16 10:00:00,1,42,0,0,0,41.65453430408013,0.3454656959198701
2017-04-16 10:00:00,4,3,0,0,0,6.226767445177523,3.226767445177523
2017-04-16 10:00:00,2,15,0,0,0,15.072470297325744,0.07247029732574362
2017-04-16 11:00:00,3,21,0,0,0,14.029605053076503,6.970394946923497
2017-04-16 11:00:00,1,47,0,0,0,44.83503694192935,2.164963058070647
2017-04-16 11:00:00,4,5,0,0,0,5.931574719141605,0.9315747191416053
2017-04-16 11:00:00,2,19,0,0,0,16.270380940830297,2.7296190591697034
2017-04-16 12:00:00,3,17,0,0,0,19.35553703158983,2.3555370315898294
2017-04-16 12:00:00,1,50,0,0,0,47.21867482061431,2.7813251793856892
2017-04-16 12:00:00,4,8,0,0,0,6.159619693872122,1.8403803061278783
2017-04-16 12:00:00,2,12,0,0,0,18.310908992923473,6.310908992923473
2017-04-16 13:00:00,1,42,0,0,0,47.09958402569961,5.099584025699613
2017-04-16 13:00:00,4,6,0,0,0,6.406931173481072,0.40693117348107233
2017-04-16 13:00:00,2,13,0,0,0,14.512550048001577,1.512550048001577
2017-04-16 13:00:00,3,16,0,0,0,16.608055901825292,0.608055901825292
2017-04-16 14:00:00,4,6,0,0,0,6.690131565861907,0.6901315658619067
2017-04-16 14:00:00,3,18,0,0,0,17.27627604528613,0.7237239547138685
2017-04-16 14:00:00,2,12,0,0,0,14.400484227744341,2.4004842277443412
2017-04-16 14:00:00,1,43,0,0,0,43.16906815331598,0.16906815331598324
2017-04-16 15:00:00,4,4,0,0,0,6.93080433403748,2.9308043340374796
2017-04-16 15:00:00,1,47,0,0,0,43.0521574239771,3.9478425760229
2017-04-16 15:00:00,2,14,0,0,0,12.800475316132308,1.1995246838676916
2017-04-16 15:00:00,3,17,0,0,0,17.514498414814863,0.514498414814863
2017-04-16 16:00:00,1,42,0,0,0,46.63666838650217,4.636668386502173
2017-04-16 16:00:00,4,7,0,0,0,5.762944145344881,1.237055854655119
2017-04-16 16:00:00,3,15,0,0,0,17.33511948502564,2.33511948502564
2017-04-16 16:00:00,2,13,0,0,0,13.837836979447768,0.8378369794477685
2017-04-16 17:00:00,1,49,0,0,1,43.633341604977986,5.366658395022014
2017-04-16 17:00:00,4,5,0,0,1,6.622563266024764,1.6225632660247644
2017-04-16 17:00:00,3,20,0,0,1,16.110587835964566,3.889412164035434
2017-04-16 17:00:00,2,17,0,0,1,13.787248182064753,3.2127518179352474
2017-04-16 18:00:00,1,52,0,0,1,53.86448255287234,1.8644825528723388
2017-04-16 18:00:00,4,3,0,0,1,6.133640109705031,3.1336401097050306
2017-04-16 18:00:00,3,23,0,0,1,20.351353663115695,2.6486463368843047
2017-04-16 18:00:00,2,15,0,0,1,17.082614022277617,2.0826140222776175
2017-04-16 19:00:00,3,22,0,0,1,24.445470863526257,2.445470863526257
2017-04-16 19:00:00,1,58,0,0,1,57.09431414400725,0.9056858559927505
2017-04-16 19:00:00,4,8,0,0,1,6.109454441646867,1.890545558353133
2017-04-16 19:00:00,2,18,0,0,1,17.01775496335495,0.9822450366450504
2017-04-16 20:00:00,2,16,0,0,0,18.164668556619233,2.164668556619233
2017-04-16 20:00:00,1,62,0,0,0,58.598189940448464,3.4018100595515364
2017-04-16 20:00:00,3,54,0,0,0,23.446537583986405,30.553462416013595
2017-04-16 20:00:00,4,3,0,0,0,7.286964398983018,4.286964398983018
2017-04-16 21:00:00,2,19,0,0,0,16.53546643425241,2.4645335657475904
2017-04-16 21:00:00,3,61,0,0,0,49.10663649799343,11.893363502006572
2017-04-16 21:00:00,1,59,0,0,0,59.74570126863532,0.7457012686353224
2017-04-16 21:00:00,4,6,0,0,0,5.67840307083996,0.32159692916004
2017-04-16 22:00:00,4,9,0,0,0,6.548606547163609,2.451393452836391
2017-04-16 22:00:00,3,43,0,0,0,43.31042363291885,0.3104236329188481
2017-04-16 22:00:00,1,61,0,0,0,57.69179432937285,3.308205670627153
2017-04-16 22:00:00,2,19,0,0,0,18.277586284061297,0.7224137159387034
2017-04-16 23:00:00,1,58,0,0,0,58.157963828318906,0.15796382831890554
2017-04-16 23:00:00,2,22,0,0,0,18.17483378427099,3.825166215729009
2017-04-16 23:00:00,3,30,0,0,0,35.68434094660569,5.684340946605687
2017-04-16 23:00:00,4,7,0,0,0,7.501454079663598,0.5014540796635982
2017-04-17 00:00:00,4,9,0,1,0,6.494626544133187,2.5053734558668133
2017-04-17 00:00:00,2,20,0,1,0,19.874633288880595,0.12536671111940478
2017-04-17 00:00:00,3,20,0,1,0,23.638899858324883,3.6388998583248835
2017-04-17 00:00:00,1,51,0,1,0,51.65044086644084,0.6504408664408388
2017-04-17 01:00:00,2,18,0,1,0,17.478051686382255,0.5219483136177452
2017-04-17 01:00:00,1,43,0,1,0,45.642706851412036,2.6427068514120364
2017-04-17 01:00:00,4,6,0,1,0,6.162126387173169,0.16212638717316885
2017-04-17 01:00:00,3,12,0,1,0,14.319050184566636,2.3190501845666365
2017-04-17 02:00:00,1,35,0,1,0,38.808705312082374,3.808705312082374
2017-04-17 02:00:00,4,7,0,1,0,5.5566094787854174,1.4433905212145826
2017-04-17 02:00:00,3,7,0,1,0,10.41878689557798,3.4187868955779805
2017-04-17 02:00:00,2,15,0,1,0,16.163970889460476,1.1639708894604759
2017-04-17 03:00:00,1,34,0,1,0,32.53095347289419,1.4690465271058102
2017-04-17 03:00:00,3,9,0,1,0,8.291744855091542,0.708255144908458
2017-04-17 03:00:00,4,4,0,1,0,5.430925769734489,1.4309257697344888
2017-04-17 03:00:00,2,14,0,1,0,13.972487650849265,0.02751234915073475
2017-04-17 04:00:00,1,30,0,1,0,30.5659753499973,0.5659753499972986
2017-04-17 04:00:00,3,9,0,1,0,7.115806083694286,1.8841939163057138
2017-04-17 04:00:00,4,5,0,1,0,4.715300367157653,0.28469963284234723
2017-04-17 04:00:00,2,9,0,1,0,12.417456460384042,3.4174564603840416
2017-04-17 05:00:00,2,13,0,1,0,9.556843949836411,3.443156050163589
2017-04-17 05:00:00,3,8,0,1,0,7.083702371855345,0.9162976281446547
2017-04-17 05:00:00,4,6,0,1,0,4.53515144271178,1.46484855728822
2017-04-17 05:00:00,1,32,0,1,0,28.794256764655994,3.2057432353440056
2017-04-17 06:00:00,4,4,0,1,0,4.806109236405382,0.8061092364053817
2017-04-17 06:00:00,1,39,0,1,0,34.848706957142404,4.151293042857596
2017-04-17 06:00:00,3,10,0,1,0,7.644066279323293,2.355933720676707
2017-04-17 06:00:00,2,17,0,1,0,12.094255499988487,4.905744500011513
2017-04-17 07:00:00,3,12,0,1,1,10.33627301882131,1.6637269811786908
2017-04-17 07:00:00,2,20,0,1,1,17.05851323731317,2.9414867626868286
2017-04-17 07:00:00,1,45,0,1,1,43.843863230127226,1.1561367698727736
2017-04-17 07:00:00,4,5,0,1,1,5.469912369509734,0.4699123695097338
2017-04-17 08:00:00,1,49,0,1,1,48.406365711838376,0.5936342881616241
2017-04-17 08:00:00,2,17,0,1,1,20.526796982252556,3.526796982252556
2017-04-17 08:00:00,4,6,0,1,1,6.120632936004269,0.12063293600426928
2017-04-17 08:00:00,3,15,0,1,1,12.242326480709771,2.757673519290229
2017-04-17 09:00:00,4,7,0,1,1,7.154590588393041,0.15459058839304074
2017-04-17 09:00:00,1,58,0,1,1,58.70631833334542,0.7063183333454219
2017-04-17 09:00:00,2,20,0,1,1,20.72238132126999,0.7223813212699888
2017-04-17 09:00:00,3,17,0,1,1,16.56260870992787,0.4373912900721315
2017-04-17 10:00:00,4,6,0,1,0,9.149213212130192,3.149213212130192
2017-04-17 10:00:00,3,30,0,1,0,19.611314832336102,10.388685167663898
2017-04-17 10:00:00,2,20,0,1,0,22.466559201466836,2.4665592014668363
2017-04-17 10:00:00,1,87,0,1,0,73.11512734359096,13.884872656409044
2017-04-17 11:00:00,3,31,0,1,0,32.191965681170835,1.191965681170835
2017-04-17 11:00:00,2,25,0,1,0,22.010797803855027,2.989202196144973
2017-04-17 11:00:00,1,87,0,1,0,89.94275689927157,2.942756899271572
2017-04-17 11:00:00,4,7,0,1,0,8.677882634690715,1.6778826346907145
2017-04-17 12:00:00,2,26,0,1,0,24.767956352021958,1.232043647978042
2017-04-17 12:00:00,1,89,0,1,0,87.64077134204618,1.359228657953821
2017-04-17 12:00:00,4,9,0,1,0,8.754606539267032,0.2453934607329682
2017-04-17 12:00:00,3,30,0,1,0,29.79903435925491,0.20096564074508905
2017-04-17 13:00:00,4,8,0,1,0,8.198554126684709,0.19855412668470862
2017-04-17 13:00:00,3,27,0,1,0,28.497125580017922,1.4971255800179222
2017-04-17 13:00:00,2,21,0,1,0,24.653505670014294,3.653505670014294
2017-04-17 13:00:00,1,76,0,1,0,81.26044694497365,5.260446944973651
2017-04-17 14:00:00,1,84,0,1,0,87.74353642262498,3.7435364226249845
2017-04-17 14:00:00,3,33,0,1,0,27.95793119323361,5.042068806766391
2017-04-17 14:00:00,2,25,0,1,0,21.736475029657008,3.263524970342992
2017-04-17 14:00:00,4,6,0,1,0,9.332275047641344,3.3322750476413443
2017-04-17 15:00:00,1,84,0,1,0,86.29637705381593,2.296377053815931
2017-04-17 15:00:00,4,8,0,1,0,8.204440921208844,0.20444092120884427
2017-04-17 15:00:00,3,25,0,1,0,32.546618211087875,7.546618211087875
2017-04-17 15:00:00,2,25,0,1,0,24.86535769299389,0.13464230700611068
2017-04-17 16:00:00,1,80,0,1,0,83.65204607393258,3.6520460739325813
2017-04-17 16:00:00,4,6,0,1,0,8.079653873327464,2.079653873327464
2017-04-17 16:00:00,3,28,0,1,0,24.469193175736635,3.5308068242633652
2017-04-17 16:00:00,2,24,0,1,0,24.236051481156625,0.23605148115662544
2017-04-17 17:00:00,1,82,0,1,1,79.31024140096412,2.6897585990358834
2017-04-17 17:00:00,2,25,0,1,1,24.473750185433655,0.526249814566345
2017-04-17 17:00:00,4,10,0,1,1,7.031037073983364,2.968962926016636
2017-04-17 17:00:00,3,27,0,1,1,27.533681930623697,0.5336819306236968
2017-04-17 18:00:00,1,82,0,1,1,84.35941339851497,2.359413398514974
2017-04-17 18:00:00,3,28,0,1,1,27.291760657842453,0.7082393421575475
2017-04-17 18:00:00,2,26,0,1,1,25.266840311991,0.7331596880089997
2017-04-17 18:00:00,4,9,0,1,1,9.219259548252928,0.21925954825292848
2017-04-17 19:00:00,2,29,0,1,1,26.680162013298816,2.3198379867011845
2017-04-17 19:00:00,3,41,0,1,1,28.22990123848469,12.77009876151531
2017-04-17 19:00:00,1,82,0,1,1,84.58294260100597,2.5829426010059677
2017-04-17 19:00:00,4,9,0,1,1,8.718608012812687,0.2813919871873125
2017-04-17 20:00:00,3,48,0,1,0,41.04720413419848,6.952795865801519
2017-04-17 20:00:00,2,28,0,1,0,27.96683017419267,0.033169825807330966
2017-04-17 20:00:00,1,87,0,1,0,82.42488602787921,4.575113972120789
2017-04-17 20:00:00,4,11,0,1,0,8.867647112046727,2.1323528879532727
2017-04-17 21:00:00,2,25,0,1,0,26.760897367584175,1.7608973675841746
2017-04-17 21:00:00,3,41,0,1,0,39.065348546290785,1.9346514537092148
2017-04-17 21:00:00,1,83,0,1,0,84.2475027143489,1.2475027143488973
2017-04-17 21:00:00,4,6,0,1,0,9.685152933330048,3.6851529333300483
2017-04-17 22:00:00,3,30,0,1,0,38.9362545925014,8.936254592501399
2017-04-17 22:00:00,4,7,0,1,0,7.798478091847789,0.7984780918477892
2017-04-17 22:00:00,1,82,0,1,0,79.42758402634723,2.5724159736527668
2017-04-17 22:00:00,2,32,0,1,0,24.971612554789672,7.028387445210328
2017-04-17 23:00:00,2,28,0,1,0,30.405849129598355,2.405849129598355
2017-04-17 23:00:00,1,77,0,1,0,75.24617804124885,1.7538219587511463
2017-04-17 23:00:00,3,28,0,1,0,27.0981893139502,0.9018106860497994
2017-04-17 23:00:00,4,9,0,1,0,8.280189741670684,0.719810258329316
2017-04-18 00:00:00,3,21,0,1,0,25.145658616169072,4.145658616169072
2017-04-18 00:00:00,1,70,0,1,0,71.36952274817143,1.369522748171434
2017-04-18 00:00:00,4,4,0,1,0,6.512352526629627,2.512352526629627
2017-04-18 00:00:00,2,28,0,1,0,26.64379225644612,1.356207743553881
2017-04-18 01:00:00,1,61,0,1,0,60.72462065293881,0.2753793470611896
2017-04-18 01:00:00,2,27,0,1,0,23.668056688697828,3.3319433113021724
2017-04-18 01:00:00,4,6,0,1,0,5.241024570427213,0.7589754295727866
2017-04-18 01:00:00,3,14,0,1,0,15.301821199022028,1.3018211990220276
2017-04-18 02:00:00,3,13,0,1,0,11.265433867870094,1.7345661321299062
2017-04-18 02:00:00,2,22,0,1,0,23.507981494899578,1.5079814948995782
2017-04-18 02:00:00,4,4,0,1,0,4.973712538678737,0.9737125386787371
2017-04-18 02:00:00,1,51,0,1,0,54.552435968489185,3.552435968489185
2017-04-18 03:00:00,2,19,0,1,0,19.026969321671924,0.026969321671924007
2017-04-18 03:00:00,4,1,0,1,0,4.1782297469081495,3.1782297469081495
2017-04-18 03:00:00,1,42,0,1,0,46.65397354212918,4.6539735421291795
2017-04-18 03:00:00,3,7,0,1,0,10.766967565090017,3.7669675650900167
2017-04-18 04:00:00,2,16,0,1,0,17.31922720859608,1.3192272085960788
2017-04-18 04:00:00,4,6,0,1,0,3.8690752631126535,2.1309247368873465
2017-04-18 04:00:00,1,35,0,1,0,38.51181625015238,3.5118162501523784
2017-04-18 04:00:00,3,9,0,1,0,7.674353005661255,1.3256469943387454
2017-04-18 05:00:00,3,12,0,1,0,7.325912299478613,4.674087700521387
2017-04-18 05:00:00,1,38,0,1,0,33.227023716076886,4.772976283923114
2017-04-18 05:00:00,4,2,0,1,0,4.009012770819059,2.0090127708190586
2017-04-18 05:00:00,2,12,0,1,0,15.314759168985939,3.3147591689859386
2017-04-18 06:00:00,3,9,0,1,0,9.837186998977504,0.8371869989775043
2017-04-18 06:00:00,4,6,0,1,0,4.302277877873427,1.6977221221265726
2017-04-18 06:00:00,2,19,0,1,0,14.365549031274275,4.634450968725725
2017-04-18 06:00:00,1,45,0,1,0,41.01167386164829,3.9883261383517095
2017-04-18 07:00:00,2,21,0,1,1,19.046563880201635,1.953436119798365
2017-04-18 07:00:00,3,10,0,1,1,10.700867233527855,0.7008672335278554
2017-04-18 07:00:00,4,3,0,1,1,5.488270793018171,2.488270793018171
2017-04-18 07:00:00,1,49,0,1,1,48.003746484404665,0.9962535155953347
2017-04-18 08:00:00,1,54,0,1,1,54.81909145079811,0.819091450798112
2017-04-18 08:00:00,4,4,0,1,1,5.673743885448857,1.6737438854488573
2017-04-18 08:00:00,2,24,0,1,1,21.889667539173065,2.1103324608269354
2017-04-18 08:00:00,3,16,0,1,1,11.676933413808493,4.323066586191507
2017-04-18 09:00:00,3,18,0,1,1,17.05829194392641,0.9417080560735904
2017-04-18 09:00:00,2,22,0,1,1,26.60284261117794,4.602842611177941
2017-04-18 09:00:00,4,5,0,1,1,6.888015784158817,1.8880157841588172
2017-04-18 09:00:00,1,59,0,1,1,63.57758455193396,4.57758455193396
2017-04-18 10:00:00,3,24,0,1,0,20.47575435751747,3.52424564248253
2017-04-18 10:00:00,2,24,0,1,0,25.406246868452612,1.4062468684526124
2017-04-18 10:00:00,1,74,0,1,0,71.5725310652097,2.427468934790298
2017-04-18 10:00:00,4,7,0,1,0,7.5427097451874126,0.5427097451874126
2017-04-18 11:00:00,4,6,0,1,0,8.459575132748895,2.4595751327488955
2017-04-18 11:00:00,1,84,0,1,0,81.1491981745943,2.8508018254056964
2017-04-18 11:00:00,2,25,0,1,0,26.24129314109657,1.2412931410965697
2017-04-18 11:00:00,3,32,0,1,0,25.885699253038503,6.114300746961497
2017-04-18 12:00:00,4,13,0,1,0,8.124289758327658,4.875710241672342
2017-04-18 12:00:00,2,30,0,1,0,24.842639924844853,5.157360075155147
2017-04-18 12:00:00,1,94,0,1,0,86.33410454052364,7.66589545947636
2017-04-18 12:00:00,3,25,0,1,0,31.21803896672226,6.218038966722261
2017-04-18 13:00:00,2,28,0,1,0,28.097671969071033,0.09767196907103326
2017-04-18 13:00:00,3,25,0,1,0,24.185707923540125,0.8142920764598749
2017-04-18 13:00:00,1,80,0,1,0,81.80793001656643,1.8079300165664307
2017-04-18 13:00:00,4,10,0,1,0,9.992946139886072,0.0070538601139276125
2017-04-18 14:00:00,3,24,0,1,0,25.992066418062223,1.9920664180622225
2017-04-18 14:00:00,4,7,0,1,0,10.777310390692957,3.777310390692957
2017-04-18 14:00:00,2,33,0,1,0,27.6307233541013,5.369276645898701
2017-04-18 14:00:00,1,86,0,1,0,88.81975206744978,2.819752067449784
2017-04-18 15:00:00,3,25,0,1,0,24.644558110251733,0.35544188974826696
2017-04-18 15:00:00,1,85,0,1,0,85.60289222949397,0.6028922294939747
2017-04-18 15:00:00,2,35,0,1,0,32.521776178164075,2.4782238218359254
2017-04-18 15:00:00,4,7,0,1,0,9.349221689491932,2.349221689491932
2017-04-18 16:00:00,3,23,0,1,0,24.225358019478403,1.2253580194784028
2017-04-18 16:00:00,4,6,0,1,0,8.460331746807492,2.4603317468074923
2017-04-18 16:00:00,1,84,0,1,0,82.75915749723433,1.2408425027656733
2017-04-18 16:00:00,2,35,0,1,0,34.0520276681963,0.9479723318036974
2017-04-18 17:00:00,2,34,0,1,1,35.289871983530425,1.2898719835304249
2017-04-18 17:00:00,1,87,0,1,1,83.23865122189217,3.7613487781078305
2017-04-18 17:00:00,4,9,0,1,1,7.0109904380676165,1.9890095619323835
2017-04-18 17:00:00,3,30,0,1,1,23.122682587856243,6.877317412143757
2017-04-18 18:00:00,1,88,0,1,1,87.9885424658807,0.011457534119301727
2017-04-18 18:00:00,4,8,0,1,1,8.259579671398154,0.2595796713981535
2017-04-18 18:00:00,2,32,0,1,1,35.0477579724655,3.0477579724654973
2017-04-18 18:00:00,3,29,0,1,1,29.21180828439456,0.2118082843945608
2017-04-18 19:00:00,4,8,0,1,1,8.29569450088383,0.29569450088382965
2017-04-18 19:00:00,2,30,0,1,1,34.56669577350855,4.566695773508549
2017-04-18 19:00:00,3,32,0,1,1,28.665508398412246,3.3344916015877537
2017-04-18 19:00:00,1,95,0,1,1,89.07848008293135,5.92151991706865
2017-04-18 20:00:00,4,10,0,1,0,8.635115148310907,1.3648848516890926
2017-04-18 20:00:00,3,36,0,1,0,32.44059871235245,3.559401287647553
2017-04-18 20:00:00,1,92,0,1,0,91.36455302903053,0.6354469709694683
2017-04-18 20:00:00,2,35,0,1,0,30.263556020141962,4.736443979858038
2017-04-18 21:00:00,2,33,0,1,0,34.25236684761871,1.2523668476187098
2017-04-18 21:00:00,4,6,0,1,0,8.846286979802986,2.8462869798029864
2017-04-18 21:00:00,3,36,0,1,0,34.576797376158844,1.4232026238411564
2017-04-18 21:00:00,1,89,0,1,0,89.35449102014786,0.3544910201478615
2017-04-18 22:00:00,2,31,0,1,0,32.4811221816638,1.4811221816637996
2017-04-18 22:00:00,4,9,0,1,0,7.949773618892976,1.0502263811070236
2017-04-18 22:00:00,3,24,0,1,0,35.07028877784714,11.07028877784714
2017-04-18 22:00:00,1,80,0,1,0,86.05981403213441,6.059814032134412
2017-04-18 23:00:00,2,31,0,1,0,29.00932963773271,1.9906703622672914
2017-04-18 23:00:00,3,19,0,1,0,23.576456682839236,4.576456682839236
2017-04-18 23:00:00,1,78,0,1,0,74.84635490527226,3.153645094727736
2017-04-18 23:00:00,4,9,0,1,0,8.42361222934969,0.5763877706503102
2017-04-19 00:00:00,1,68,0,1,0,73.17998687949945,5.179986879499452
2017-04-19 00:00:00,4,8,0,1,0,7.265430470970829,0.7345695290291712
2017-04-19 00:00:00,3,18,0,1,0,18.55145915341781,0.5514591534178095
2017-04-19 00:00:00,2,29,0,1,0,27.841751783871167,1.1582482161288326
2017-04-19 01:00:00,1,59,0,1,0,58.10516514985004,0.8948348501499623
2017-04-19 01:00:00,3,15,0,1,0,14.14753902452714,0.8524609754728605
2017-04-19 01:00:00,2,32,0,1,0,24.414820413510963,7.585179586489037
2017-04-19 01:00:00,4,4,0,1,0,6.086740541715286,2.086740541715286
2017-04-19 02:00:00,1,51,0,1,0,53.46757939768949,2.467579397689491
2017-04-19 02:00:00,4,4,0,1,0,5.201919258657013,1.2019192586570133
2017-04-19 02:00:00,3,12,0,1,0,12.100608539746318,0.10060853974631812
2017-04-19 02:00:00,2,26,0,1,0,27.73071784896738,1.7307178489673802
2017-04-19 03:00:00,1,41,0,1,0,46.65397354212918,5.6539735421291795
2017-04-19 03:00:00,4,5,0,1,0,4.438107516617921,0.5618924833820786
2017-04-19 03:00:00,3,7,0,1,0,10.10119269070574,3.1011926907057408
2017-04-19 03:00:00,2,24,0,1,0,22.05826425241065,1.9417357475893517
2017-04-19 04:00:00,3,6,0,1,0,7.61723634710559,1.6172363471055897
2017-04-19 04:00:00,1,35,0,1,0,37.619789217296294,2.6197892172962938
2017-04-19 04:00:00,4,3,0,1,0,4.247358533243141,1.2473585332431414
2017-04-19 04:00:00,2,16,0,1,0,20.902926870915167,4.9029268709151665
2017-04-19 05:00:00,4,4,0,1,0,4.036640698829854,0.03664069882985377
2017-04-19 05:00:00,1,34,0,1,0,33.13775163584607,0.8622483641539276
2017-04-19 05:00:00,2,17,0,1,0,16.122873389649698,0.8771266103503024
2017-04-19 05:00:00,3,10,0,1,0,6.555787432344551,3.444212567655449
2017-04-19 06:00:00,4,4,0,1,0,4.528775154320886,0.5287751543208863
2017-04-19 06:00:00,2,18,0,1,0,17.866249516182563,0.13375048381743682
2017-04-19 06:00:00,1,43,0,1,0,36.588032319006274,6.411967680993726
2017-04-19 06:00:00,3,9,0,1,0,7.902164396035079,1.0978356039649206
2017-04-19 07:00:00,1,49,0,1,1,46.2010907083934,2.7989092916065985
2017-04-19 07:00:00,4,3,0,1,1,5.067043018702998,2.0670430187029982
2017-04-19 07:00:00,3,10,0,1,1,9.187383920422986,0.8126160795770137
2017-04-19 07:00:00,2,16,0,1,1,19.41416445617015,3.4141644561701483
2017-04-19 08:00:00,4,7,0,1,1,5.615763291918102,1.3842367080818976
2017-04-19 08:00:00,2,19,0,1,1,19.08880613294558,0.0888061329455816
2017-04-19 08:00:00,1,55,0,1,1,54.8040042275403,0.19599577245970323
2017-04-19 08:00:00,3,14,0,1,1,11.291902412362255,2.708097587637745
2017-04-19 09:00:00,3,19,0,1,1,14.818583136983843,4.181416863016157
2017-04-19 09:00:00,2,22,0,1,1,21.25340126129103,0.7465987387089683
2017-04-19 09:00:00,1,61,0,1,1,65.40451652400813,4.40451652400813
2017-04-19 09:00:00,4,5,0,1,1,7.682794404477316,2.682794404477316
2017-04-19 10:00:00,3,21,0,1,0,20.96784282983634,0.03215717016366071
2017-04-19 10:00:00,4,8,0,1,0,7.749140794049746,0.25085920595025435
2017-04-19 10:00:00,2,24,0,1,0,24.207110683252406,0.2071106832524059
2017-04-19 10:00:00,1,88,0,1,0,72.17580857183437,15.824191428165634
2017-04-19 11:00:00,3,28,0,1,0,22.945596491247525,5.0544035087524755
2017-04-19 11:00:00,2,28,0,1,0,25.90723432902481,2.09276567097519
2017-04-19 11:00:00,1,102,0,1,0,88.33762071380589,13.66237928619411
2017-04-19 11:00:00,4,6,0,1,0,9.402753238233478,3.402753238233478
2017-04-19 12:00:00,1,96,0,1,0,93.62769006666194,2.372309933338059
2017-04-19 12:00:00,4,11,0,1,0,8.192589245295038,2.8074107547049625
2017-04-19 12:00:00,2,31,0,1,0,26.6834224007398,4.316577599260199
2017-04-19 12:00:00,3,28,0,1,0,26.53546972883993,1.4645302711600685
2017-04-19 13:00:00,4,6,0,1,0,9.461650068780108,3.4616500687801075
2017-04-19 13:00:00,2,26,0,1,0,28.83806276871448,2.8380627687144795
2017-04-19 13:00:00,3,31,0,1,0,25.862218268163975,5.137781731836025
2017-04-19 13:00:00,1,86,0,1,0,84.9647955609305,1.0352044390695028
2017-04-19 14:00:00,4,10,0,1,0,8.66682156597164,1.3331784340283601
2017-04-19 14:00:00,2,31,0,1,0,26.487886243863098,4.512113756136902
2017-04-19 14:00:00,3,36,0,1,0,30.90209119076255,5.097908809237449
2017-04-19 14:00:00,1,93,0,1,0,93.34244340152115,0.3424434015211517
2017-04-19 15:00:00,4,9,0,1,0,9.71685904702244,0.7168590470224405
2017-04-19 15:00:00,3,34,0,1,0,35.224253604779285,1.2242536047792854
2017-04-19 15:00:00,2,28,0,1,0,30.272168009910867,2.2721680099108674
2017-04-19 15:00:00,1,92,0,1,0,89.84400550831589,2.155994491684112
2017-04-19 16:00:00,2,28,0,1,0,26.34229278188048,1.6577072181195192
2017-04-19 16:00:00,1,85,0,1,0,89.43645163396988,4.436451633969881
2017-04-19 16:00:00,4,9,0,1,0,8.690133368887697,0.3098666311123033
2017-04-19 16:00:00,3,33,0,1,0,33.24561791567885,0.24561791567884939
2017-04-19 17:00:00,4,36,0,1,1,8.654066271855797,27.345933728144203
2017-04-19 17:00:00,2,30,0,1,1,27.1725706580893,2.827429341910701
2017-04-19 17:00:00,3,44,0,1,1,33.273062059996946,10.726937940003054
2017-04-19 17:00:00,1,90,0,1,1,83.96623701444281,6.033762985557189
2017-04-19 18:00:00,4,27,0,1,1,39.491508444891295,12.491508444891295
2017-04-19 18:00:00,2,34,0,1,1,29.942088083467784,4.057911916532216
2017-04-19 18:00:00,1,97,0,1,1,93.11841137167478,3.8815886283252183
2017-04-19 18:00:00,3,67,0,1,1,43.57889851913284,23.421101480867158
2017-04-19 19:00:00,4,13,0,1,1,24.972163353989778,11.972163353989778
2017-04-19 19:00:00,1,96,0,1,1,100.71860001724943,4.718600017249429
2017-04-19 19:00:00,2,35,0,1,1,34.576580074012305,0.4234199259876945
2017-04-19 19:00:00,3,52,0,1,1,68.9304581561349,16.930458156134904
2017-04-19 20:00:00,4,11,0,1,0,15.580155320358466,4.580155320358466
2017-04-19 20:00:00,2,34,0,1,0,35.86865186436701,1.8686518643670098
2017-04-19 20:00:00,3,54,0,1,0,48.10599867560202,5.894001324397983
2017-04-19 20:00:00,1,97,0,1,0,92.1950913661589,4.8049086338410945
2017-04-19 21:00:00,4,19,0,1,0,11.806208726714006,7.193791273285994
2017-04-19 21:00:00,1,91,0,1,0,93.01690862765128,2.0169086276512758
2017-04-19 21:00:00,2,36,0,1,0,33.682469151082614,2.317530848917386
2017-04-19 21:00:00,3,69,0,1,0,47.48879075576808,21.51120924423192
2017-04-19 22:00:00,2,29,0,1,0,34.97259673857997,5.972596738579973
2017-04-19 22:00:00,4,10,0,1,0,14.657133310680006,4.657133310680006
2017-04-19 22:00:00,3,52,0,1,0,51.57273672966018,0.4272632703398216
2017-04-19 22:00:00,1,81,0,1,0,86.99145901627908,5.99145901627908
2017-04-19 23:00:00,1,81,0,1,0,75.46350573591346,5.536494264086542
2017-04-19 23:00:00,3,52,0,1,0,45.02658400129029,6.9734159987097115
2017-04-19 23:00:00,4,11,0,1,0,11.641957838480925,0.6419578384809252
2017-04-19 23:00:00,2,32,0,1,0,27.35861134665878,4.64138865334122
2017-04-20 00:00:00,1,79,0,1,0,72.96236543721669,6.03763456278331
2017-04-20 00:00:00,4,13,0,1,0,10.401729990188596,2.5982700098114044
2017-04-20 00:00:00,3,77,0,1,0,38.41414472040967,38.58585527959033
2017-04-20 00:00:00,2,30,0,1,0,30.617071114129693,0.6170711141296934
2017-04-20 01:00:00,1,63,0,1,0,67.322015647468,4.322015647468007
2017-04-20 01:00:00,2,27,0,1,0,25.32549649403273,1.6745035059672695
2017-04-20 01:00:00,4,8,0,1,0,8.214241043349999,0.2142410433499986
2017-04-20 01:00:00,3,31,0,1,0,47.807356157819314,16.807356157819314
2017-04-20 02:00:00,4,7,0,1,0,6.888569731694671,0.11143026830532943
2017-04-20 02:00:00,3,17,0,1,0,21.139899169027306,4.139899169027306
2017-04-20 02:00:00,1,54,0,1,0,56.46171559090273,2.4617155909027275
2017-04-20 02:00:00,2,25,0,1,0,23.491458007232453,1.5085419927675474
2017-04-20 03:00:00,3,15,0,1,0,14.166898141239221,0.833101858760779
2017-04-20 03:00:00,2,18,0,1,0,21.462911629649522,3.462911629649522
2017-04-20 03:00:00,1,44,0,1,0,48.611547685929686,4.611547685929686
2017-04-20 03:00:00,4,3,0,1,0,5.932352458070148,2.932352458070148
2017-04-20 04:00:00,2,19,0,1,0,16.658754288160864,2.341245711839136
2017-04-20 04:00:00,3,12,0,1,0,11.926804535457043,0.07319546454295711
2017-04-20 04:00:00,1,38,0,1,0,39.3536071845393,1.3536071845392996
2017-04-20 04:00:00,4,3,0,1,0,4.822806749557847,1.8228067495578468
2017-04-20 05:00:00,2,18,0,1,0,17.82113536033112,0.17886463966888044
2017-04-20 05:00:00,1,41,0,1,0,35.68608372498807,5.313916275011927
2017-04-20 05:00:00,3,15,0,1,0,10.410175541500843,4.589824458499157
2017-04-20 05:00:00,4,7,0,1,0,4.150314607149283,2.8496853928507173
2017-04-20 06:00:00,3,17,0,1,0,13.482321651576592,3.5176783484234075
2017-04-20 06:00:00,2,16,0,1,0,17.815356871254085,1.8153568712540853
2017-04-20 06:00:00,1,46,0,1,0,42.511969422961066,3.488030577038934
2017-04-20 06:00:00,4,5,0,1,0,5.021008814419625,0.02100881441962521
2017-04-20 07:00:00,2,23,0,1,1,19.073621877162886,3.9263781228371144
2017-04-20 07:00:00,4,4,0,1,1,5.5669562956035925,1.5669562956035925
2017-04-20 07:00:00,3,24,0,1,1,17.783135411281723,6.216864588718277
2017-04-20 07:00:00,1,49,0,1,1,49.70771298704572,0.7077129870457171
2017-04-20 08:00:00,4,5,0,1,1,6.219079187781529,1.2190791877815288
2017-04-20 08:00:00,1,54,0,1,1,55.067836140411266,1.0678361404112664
2017-04-20 08:00:00,2,19,0,1,1,23.659365093227972,4.659365093227972
2017-04-20 08:00:00,3,31,0,1,1,24.72626692652214,6.27373307347786
2017-04-20 09:00:00,4,8,0,1,1,7.047996670969004,0.9520033290309957
2017-04-20 09:00:00,1,63,0,1,1,63.62260560349308,0.6226056034930778
2017-04-20 09:00:00,2,23,0,1,1,22.122046761681386,0.8779532383186144
2017-04-20 09:00:00,3,33,0,1,1,35.14850743119955,2.1485074311995476
2017-04-20 10:00:00,1,79,0,1,0,74.91452472133214,4.085475278667857
2017-04-20 10:00:00,2,25,0,1,0,26.17713716908085,1.1771371690808508
2017-04-20 10:00:00,3,49,0,1,0,40.11033340260805,8.889666597391951
2017-04-20 10:00:00,4,5,0,1,0,8.971793887729955,3.9717938877299552
2017-04-20 11:00:00,2,26,0,1,0,26.920443053806817,0.9204430538068173
2017-04-20 11:00:00,1,86,0,1,0,84.31748893465915,1.6825110653408473
2017-04-20 11:00:00,3,53,0,1,0,55.48551366467204,2.485513664672041
2017-04-20 11:00:00,4,10,0,1,0,8.703237617473409,1.296762382526591
2017-04-20 12:00:00,1,93,0,1,0,87.64693428377514,5.353065716224862
2017-04-20 12:00:00,4,14,0,1,0,10.131303206752582,3.868696793247418
2017-04-20 12:00:00,2,29,0,1,0,25.387300505729876,3.6126994942701245
2017-04-20 12:00:00,3,54,0,1,0,50.38766991312136,3.612330086878643
2017-04-20 13:00:00,3,36,0,1,0,45.060533749435734,9.060533749435734
2017-04-20 13:00:00,4,9,0,1,0,10.733391682871328,1.7333916828713285
2017-04-20 13:00:00,1,78,0,1,0,82.39649172638688,4.396491726386884
2017-04-20 13:00:00,2,28,0,1,0,26.718681719415766,1.2813182805842338
2017-04-20 14:00:00,2,32,0,1,0,27.6307233541013,4.369276645898701
2017-04-20 14:00:00,1,85,0,1,0,88.46168853062109,3.461688530621089
2017-04-20 14:00:00,4,6,0,1,0,10.64992839036836,4.649928390368361
2017-04-20 14:00:00,3,41,0,1,0,34.6518983401463,6.348101659853697
2017-04-20 15:00:00,2,28,0,1,0,32.01005394513996,4.010053945139958
2017-04-20 15:00:00,1,90,0,1,0,85.60289222949397,4.397107770506025
2017-04-20 15:00:00,4,7,0,1,0,8.999790371302268,1.999790371302268
2017-04-20 15:00:00,3,43,0,1,0,40.50816448418048,2.491835515819517
2017-04-20 16:00:00,2,33,0,1,0,26.64957156801272,6.350428431987279
2017-04-20 16:00:00,3,33,0,1,0,41.06129771898527,8.061297718985273
2017-04-20 16:00:00,1,83,0,1,0,86.55808533720064,3.5580853372006374
2017-04-20 16:00:00,4,11,0,1,0,7.9129772286748175,3.0870227713251825
2017-04-20 17:00:00,3,39,0,1,1,33.73340925671216,5.266590743287843
2017-04-20 17:00:00,2,31,0,1,1,32.86288054862783,1.8628805486278281
2017-04-20 17:00:00,4,8,0,1,1,9.54154141793756,1.5415414179375606
2017-04-20 17:00:00,1,81,0,1,1,80.8736686964783,0.1263313035216953
2017-04-20 18:00:00,3,35,0,1,1,38.95023092618302,3.9502309261830177
2017-04-20 18:00:00,4,11,0,1,1,8.615738463810029,2.384261536189971
2017-04-20 18:00:00,1,86,0,1,1,83.49011423190206,2.509885768097945
2017-04-20 18:00:00,2,28,0,1,1,30.797956184866987,2.7979561848669867
2017-04-20 19:00:00,3,39,0,1,1,36.9098521016507,2.0901478983493007
2017-04-20 19:00:00,1,87,0,1,1,87.72657143200817,0.7265714320081713
2017-04-20 19:00:00,2,38,0,1,1,28.816971182396504,9.183028817603496
2017-04-20 19:00:00,4,6,0,1,1,9.889222899893177,3.889222899893177
2017-04-20 20:00:00,1,87,0,1,0,85.48259180939604,1.517408190603959
2017-04-20 20:00:00,4,8,0,1,0,8.247927340525063,0.24792734052506304
2017-04-20 20:00:00,3,39,0,1,0,39.436538963684,0.4365389636840007
2017-04-20 20:00:00,2,30,0,1,0,38.899818944955605,8.899818944955605
2017-04-20 21:00:00,4,5,0,1,0,8.4142796902471,3.414279690247101
2017-04-20 21:00:00,2,31,0,1,0,29.88383821352805,1.1161617864719489
2017-04-20 21:00:00,3,45,0,1,0,37.17997796769034,7.820022032309659
2017-04-20 21:00:00,1,83,0,1,0,85.0554185800661,2.055418580066103
2017-04-20 22:00:00,1,78,0,1,0,80.18133899767713,2.1813389976771305
2017-04-20 22:00:00,4,9,0,1,0,6.778820473842242,2.2211795261577576
2017-04-20 22:00:00,2,28,0,1,0,30.271853554566135,2.2718535545661354
2017-04-20 22:00:00,3,32,0,1,0,41.98562462668883,9.985624626688832
2017-04-20 23:00:00,1,74,0,1,0,74.06629168147522,0.0662916814752208
2017-04-20 23:00:00,2,30,0,1,0,25.823076663401036,4.176923336598964
2017-04-20 23:00:00,3,28,0,1,0,31.30109611464786,3.3010961146478586
2017-04-20 23:00:00,4,6,0,1,0,7.8818779490684765,1.8818779490684765
2017-04-21 00:00:00,1,70,0,1,0,67.27266064014795,2.727339359852053
2017-04-21 00:00:00,4,6,0,1,0,6.209940550669555,0.20994055066955486
2017-04-21 00:00:00,2,32,0,1,0,27.202825770180002,4.797174229819998
2017-04-21 00:00:00,3,31,0,1,0,25.343057494472077,5.6569425055279225
2017-04-21 01:00:00,4,2,0,1,0,5.353147368667957,3.3531473686679574
2017-04-21 01:00:00,3,16,0,1,0,24.49566812064102,8.495668120641021
2017-04-21 01:00:00,2,31,0,1,0,27.699700360150718,3.300299639849282
2017-04-21 01:00:00,1,59,0,1,0,59.76430315062903,0.7643031506290328
2017-04-21 02:00:00,3,14,0,1,0,12.935371856868654,1.0646281431313458
2017-04-21 02:00:00,2,24,0,1,0,25.76208983060642,1.7620898306064205
2017-04-21 02:00:00,1,51,0,1,0,52.80859958897287,1.8085995889728679
2017-04-21 02:00:00,4,7,0,1,0,4.135854034207198,2.864145965792802
2017-04-21 03:00:00,3,11,0,1,0,11.21827731003302,0.2182773100330202
2017-04-21 03:00:00,2,22,0,1,0,20.863584467965847,1.1364155320341531
2017-04-21 03:00:00,1,43,0,1,0,46.29219276277496,3.2921927627749596
2017-04-21 03:00:00,4,3,0,1,0,4.399363563740942,1.399363563740942
2017-04-21 04:00:00,3,8,0,1,0,9.711611955170952,1.7116119551709517
2017-04-21 04:00:00,1,34,0,1,0,38.21771436069452,4.217714360694522
2017-04-21 04:00:00,4,3,0,1,0,3.957863958683262,0.9578639586832618
2017-04-21 04:00:00,2,19,0,1,0,18.79929419119972,0.20070580880027933
2017-04-21 05:00:00,2,13,0,1,0,17.828628797575604,4.828628797575604
2017-04-21 05:00:00,4,4,0,1,0,4.107938894448331,0.10793889444833127
2017-04-21 05:00:00,1,34,0,1,0,31.686065111981605,2.3139348880183945
2017-04-21 05:00:00,3,12,0,1,0,7.844962770865222,4.155037229134778
2017-04-21 06:00:00,2,18,0,1,0,15.945787851690147,2.054212148309853
2017-04-21 06:00:00,4,2,0,1,0,4.202591319129433,2.202591319129433
2017-04-21 06:00:00,3,12,0,1,0,10.359135469841355,1.6408645301586446
2017-04-21 06:00:00,1,38,0,1,0,36.33745860966395,1.6625413903360524
2017-04-21 07:00:00,3,12,0,1,1,12.453586789080148,0.4535867890801484
2017-04-21 07:00:00,4,3,0,1,1,4.804455510083064,1.8044555100830637
2017-04-21 07:00:00,2,14,0,1,1,18.390418953578838,4.390418953578838
2017-04-21 07:00:00,1,48,0,1,1,42.944071089194146,5.055928910805854
2017-04-21 08:00:00,4,8,0,1,1,5.353175783298168,2.646824216701832
2017-04-21 08:00:00,3,15,0,1,1,13.627187910344801,1.3728120896551985
2017-04-21 08:00:00,1,50,0,1,1,52.54630868227136,2.546308682271359
2017-04-21 08:00:00,2,21,0,1,1,17.240987491532294,3.7590125084677055
2017-04-21 09:00:00,3,22,0,1,1,17.422342430904415,4.577657569095585
2017-04-21 09:00:00,4,3,0,1,1,8.140638339382342,5.140638339382342
2017-04-21 09:00:00,1,56,0,1,1,57.698016691473136,1.6980166914731356
2017-04-21 09:00:00,2,20,0,1,1,21.809575266040376,1.809575266040376
2017-04-21 10:00:00,1,72,0,1,0,68.406030802088,3.5939691979120028
2017-04-21 10:00:00,3,26,0,1,0,24.290328636040382,1.7096713639596182
2017-04-21 10:00:00,4,10,0,1,0,7.807850626277889,2.1921493737221107
2017-04-21 10:00:00,2,25,0,1,0,22.372120580247035,2.627879419752965
2017-04-21 11:00:00,2,25,0,1,0,26.829314833728034,1.8293148337280343
2017-04-21 11:00:00,3,35,0,1,0,27.82193620316202,7.178063796837979
2017-04-21 11:00:00,1,80,0,1,0,78.51313642696029,1.486863573039713
2017-04-21 11:00:00,4,10,0,1,0,10.434425048645428,0.4344250486454282
2017-04-21 12:00:00,3,50,0,1,0,34.41090568027991,15.58909431972009
2017-04-21 12:00:00,2,28,0,1,0,25.016402176794028,2.9835978232059723
2017-04-21 12:00:00,1,98,0,1,0,79.855593738318,18.144406261681993
2017-04-21 12:00:00,4,13,0,1,0,10.216229391864657,2.7837706081353435
2017-04-21 13:00:00,2,27,0,1,0,25.934872388490735,1.065127611509265
2017-04-21 13:00:00,3,32,0,1,0,45.3199882258889,13.319988225888899
2017-04-21 13:00:00,1,81,0,1,0,82.98519290827652,1.9851929082765167
2017-04-21 13:00:00,4,11,0,1,0,10.634117105751608,0.3658828942483918
2017-04-21 14:00:00,2,30,0,1,0,27.514538330380837,2.4854616696191627
2017-04-21 14:00:00,3,35,0,1,0,33.15925049873266,1.8407495012673394
2017-04-21 14:00:00,1,87,0,1,0,83.06639340402747,3.9336065959725346
2017-04-21 14:00:00,4,6,0,1,0,11.558595252892717,5.558595252892717
2017-04-21 15:00:00,2,31,0,1,0,29.386292474262316,1.6137075257376843
2017-04-21 15:00:00,1,86,0,1,0,83.73358539844229,2.266414601557713
2017-04-21 15:00:00,3,35,0,1,0,34.65436426671955,0.34563573328045294
2017-04-21 15:00:00,4,8,0,1,0,9.173566846176513,1.173566846176513
2017-04-21 16:00:00,4,6,0,1,0,8.470467454600827,2.4704674546008274
2017-04-21 16:00:00,1,78,0,1,0,80.54899364891342,2.5489936489134237
2017-04-21 16:00:00,3,41,0,1,0,34.40169720445816,6.598302795541841
2017-04-21 16:00:00,2,26,0,1,0,29.271813239788184,3.271813239788184
2017-04-21 17:00:00,3,32,0,1,1,40.44930044913498,8.44930044913498
2017-04-21 17:00:00,1,80,0,1,1,76.99786345752092,3.0021365424790787
2017-04-21 17:00:00,2,25,0,1,1,25.878524537441972,0.8785245374419723
2017-04-21 17:00:00,4,6,0,1,1,6.977984369141926,0.9779843691419261
2017-04-21 18:00:00,3,32,0,1,1,35.158692716788956,3.1586927167889556
2017-04-21 18:00:00,4,6,0,1,1,7.132561959186852,1.1325619591868517
2017-04-21 18:00:00,1,85,0,1,1,81.56784173764268,3.4321582623573192
2017-04-21 18:00:00,2,27,0,1,1,25.636832560081377,1.363167439918623
2017-04-21 19:00:00,3,39,0,1,1,33.87441771165315,5.125582288346848
2017-04-21 19:00:00,4,7,0,1,1,6.9096824676417015,0.09031753235829854
2017-04-21 19:00:00,1,84,0,1,1,85.73280728098652,1.7328072809865205
2017-04-21 19:00:00,2,29,0,1,1,28.039659134231286,0.960340865768714
2017-04-21 20:00:00,2,24,0,1,0,27.96683017419267,3.966830174192669
2017-04-21 20:00:00,3,34,0,1,0,39.09956942798765,5.099569427987653
2017-04-21 20:00:00,4,4,0,1,0,7.347948200036015,3.347948200036015
2017-04-21 20:00:00,1,82,0,1,0,82.77474017422789,0.7747401742278868
2017-04-21 21:00:00,4,4,0,1,0,6.344339634500493,2.3443396345004928
2017-04-21 21:00:00,1,76,0,1,0,79.53531426097929,3.535314260979291
2017-04-21 21:00:00,3,32,0,1,0,33.566035788769035,1.5660357887690353
2017-04-21 21:00:00,2,28,0,1,0,24.486853469555367,3.513146530444633
2017-04-21 22:00:00,2,26,0,1,0,26.572955088820343,0.5729550888203434
2017-04-21 22:00:00,4,6,0,1,0,5.635337817928683,0.3646621820713172
2017-04-21 22:00:00,1,70,0,1,0,74.6503685497959,4.6503685497959
2017-04-21 22:00:00,3,31,0,1,0,32.18628242475988,1.1862824247598809
2017-04-21 23:00:00,1,65,0,1,0,66.68400311615429,1.6840031161542868
2017-04-21 23:00:00,4,8,0,1,0,5.552240195024324,2.447759804975676
2017-04-21 23:00:00,2,25,0,1,0,23.981909491629867,1.0180905083701326
2017-04-21 23:00:00,3,28,0,1,0,29.11496711295988,1.1149671129598815
2017-04-22 00:00:00,3,26,0,0,0,24.55244545994727,1.4475545400527317
2017-04-22 00:00:00,1,61,0,0,0,60.37418661230599,0.6258133876940093
2017-04-22 00:00:00,4,7,0,0,0,5.955268100807336,1.044731899192664
2017-04-22 00:00:00,2,25,0,0,0,23.190512020433033,1.809487979566967
2017-04-22 01:00:00,2,25,0,0,0,21.25717693799789,3.7428230620021097
2017-04-22 01:00:00,3,17,0,0,0,19.781105046636778,2.781105046636778
2017-04-22 01:00:00,4,7,0,0,0,5.292080848282658,1.7079191517173422
2017-04-22 01:00:00,1,55,0,0,0,52.01836457126717,2.9816354287328295
2017-04-22 02:00:00,4,3,0,0,0,5.176913492066187,2.176913492066187
2017-04-22 02:00:00,2,18,0,0,0,21.164393227357174,3.1643932273571735
2017-04-22 02:00:00,3,15,0,0,0,13.489143044792252,1.510856955207748
2017-04-22 02:00:00,1,46,0,0,0,48.36427488684128,2.3642748868412795
2017-04-22 03:00:00,4,5,0,0,0,4.461288089489351,0.5387119105106493
2017-04-22 03:00:00,2,16,0,0,0,16.403867479110925,0.40386747911092513
2017-04-22 03:00:00,3,12,0,0,0,11.689594109042517,0.31040589095748317
2017-04-22 03:00:00,1,40,0,0,0,40.790836227257124,0.7908362272571239
2017-04-22 04:00:00,2,14,0,0,0,14.555633888978724,0.5556338889787238
2017-04-22 04:00:00,1,36,0,0,0,35.58428679484869,0.41571320515131305
2017-04-22 04:00:00,3,9,0,0,0,9.972268143270826,0.972268143270826
2017-04-22 04:00:00,4,4,0,0,0,4.056995668814193,0.056995668814193046
2017-04-22 05:00:00,3,10,0,0,0,8.071401986566546,1.9285980134334544
2017-04-22 05:00:00,1,26,0,0,0,32.31515360826702,6.315153608267018
2017-04-22 05:00:00,2,13,0,0,0,12.484624518615838,0.5153754813841616
2017-04-22 05:00:00,4,3,0,0,0,3.7826284211615517,0.7826284211615517
2017-04-22 06:00:00,2,13,0,0,0,13.064540325687455,0.06454032568745482
2017-04-22 06:00:00,3,9,0,0,0,9.1734138519502,0.17341385195019932
2017-04-22 06:00:00,4,4,0,0,0,4.22553511238178,0.22553511238178015
2017-04-22 06:00:00,1,30,0,0,0,27.981593496913835,2.0184065030861653
2017-04-22 07:00:00,3,12,0,0,1,9.47758380338645,2.52241619661355
2017-04-22 07:00:00,1,32,0,0,1,32.52695391338483,0.5269539133848298
2017-04-22 07:00:00,2,14,0,0,1,14.593227527648363,0.593227527648363
2017-04-22 07:00:00,4,5,0,0,1,4.763802976763892,0.23619702323610792
2017-04-22 08:00:00,1,38,0,0,1,36.22160302192728,1.7783969780727205
2017-04-22 08:00:00,4,6,0,0,1,5.640069572506382,0.3599304274936177
2017-04-22 08:00:00,2,11,0,0,1,15.213779376177078,4.213779376177078
2017-04-22 08:00:00,3,18,0,0,1,12.20796549028984,5.7920345097101595
2017-04-22 09:00:00,3,18,0,0,1,18.827291493039567,0.8272914930395672
2017-04-22 09:00:00,1,41,0,0,1,43.73051696504175,2.730516965041751
2017-04-22 09:00:00,2,16,0,0,1,14.483503750716626,1.5164962492833745
2017-04-22 09:00:00,4,4,0,0,1,6.430150413342362,2.4301504133423624
2017-04-22 10:00:00,2,15,0,0,0,16.504949891917896,1.5049498919178959
2017-04-22 10:00:00,1,46,0,0,0,46.63029373918521,0.6302937391852126
2017-04-22 10:00:00,4,5,0,0,0,6.74587948275756,1.7458794827575597
2017-04-22 10:00:00,3,22,0,0,0,20.53493327678184,1.4650667232181611
2017-04-22 11:00:00,1,54,0,0,0,50.687855912544826,3.3121440874551737
2017-04-22 11:00:00,3,22,0,0,0,23.376191394177436,1.376191394177436
2017-04-22 11:00:00,2,14,0,0,0,16.900812565500182,2.900812565500182
2017-04-22 11:00:00,4,11,0,0,0,6.656656159146755,4.343343840853245
2017-04-22 12:00:00,2,14,0,0,0,15.82921285404108,1.8292128540410797
2017-04-22 12:00:00,3,25,0,0,0,21.795107399041438,3.204892600958562
2017-04-22 12:00:00,4,16,0,0,0,9.73021027913459,6.269789720865409
2017-04-22 12:00:00,1,58,0,0,0,55.58508816721366,2.4149118327863377
2017-04-22 13:00:00,4,15,0,0,0,11.887993827981274,3.1120061720187255
2017-04-22 13:00:00,2,15,0,0,0,14.152712801001746,0.847287198998254
2017-04-22 13:00:00,1,48,0,0,0,55.51462695362312,7.514626953623122
2017-04-22 13:00:00,3,27,0,0,0,23.75395086965108,3.2460491303489185
2017-04-22 14:00:00,4,12,0,0,0,13.69630874664801,1.6963087466480093
2017-04-22 14:00:00,1,47,0,0,0,48.6314885400255,1.6314885400255008
2017-04-22 14:00:00,2,18,0,0,0,14.933266190409423,3.066733809590577
2017-04-22 14:00:00,3,20,0,0,0,26.27358282182297,6.27358282182297
2017-04-22 15:00:00,3,20,0,0,0,20.243927423570714,0.24392742357071384
2017-04-22 15:00:00,1,48,0,0,0,47.240034788523076,0.7599652114769242
2017-04-22 15:00:00,2,17,0,0,0,16.7429502318462,0.25704976815379865
2017-04-22 15:00:00,4,16,0,0,0,12.61265440157091,3.387345598429089
2017-04-22 16:00:00,1,47,0,0,0,46.86851193641852,0.1314880635814788
2017-04-22 16:00:00,4,15,0,0,0,13.466244027943215,1.5337559720567846
2017-04-22 16:00:00,3,27,0,0,0,19.760038888165145,7.239961111834855
2017-04-22 16:00:00,2,13,0,0,0,16.93064545926107,3.9306454592610685
2017-04-22 17:00:00,1,52,0,0,1,47.35750819708582,4.642491802914179
2017-04-22 17:00:00,3,29,0,0,1,26.290124873814698,2.7098751261853025
2017-04-22 17:00:00,2,17,0,0,1,15.367357429817748,1.6326425701822522
2017-04-22 17:00:00,4,9,0,0,1,14.016730385344385,5.016730385344385
2017-04-22 18:00:00,4,6,0,0,1,11.518449464791766,5.518449464791766
2017-04-22 18:00:00,3,23,0,0,1,28.78631107145304,5.786311071453039
2017-04-22 18:00:00,1,56,0,0,1,55.884723975484,0.11527602451599961
2017-04-22 18:00:00,2,16,0,0,1,17.516983113847605,1.5169831138476049
2017-04-22 19:00:00,2,19,0,0,1,18.10455750446434,0.8954424955356615
2017-04-22 19:00:00,1,57,0,0,1,59.16207871020797,2.1620787102079717
2017-04-22 19:00:00,4,4,0,0,1,8.95757386424846,4.9575738642484595
2017-04-22 19:00:00,3,26,0,0,1,25.57120934945177,0.42879065054822973
2017-04-22 20:00:00,1,65,0,0,0,57.602654503965894,7.397345496034106
2017-04-22 20:00:00,4,10,0,0,0,7.094461016706449,2.9055389832935514
2017-04-22 20:00:00,2,19,0,0,0,19.757481629768474,0.7574816297684741
2017-04-22 20:00:00,3,28,0,0,0,27.0877320174395,0.9122679825605005
2017-04-22 21:00:00,4,7,0,0,0,8.142966273582305,1.1429662735823047
2017-04-22 21:00:00,3,24,0,0,0,27.133298860516486,3.1332988605164864
2017-04-22 21:00:00,2,18,0,0,0,18.420900051132026,0.4209000511320262
2017-04-22 21:00:00,1,61,0,0,0,63.90980569208998,2.909805692089982
2017-04-22 22:00:00,3,27,0,0,0,25.35019431276218,1.6498056872378193
2017-04-22 22:00:00,2,19,0,0,0,17.784937769937223,1.2150622300627774
2017-04-22 22:00:00,4,10,0,0,0,7.8140029545762415,2.1859970454237585
2017-04-22 22:00:00,1,63,0,0,0,58.36307261526932,4.636927384730683
2017-04-22 23:00:00,3,24,0,0,0,26.519578106687632,2.519578106687632
2017-04-22 23:00:00,2,20,0,0,0,18.63166787934682,1.3683321206531787
2017-04-22 23:00:00,1,56,0,0,0,60.46521477075908,4.465214770759083
2017-04-22 23:00:00,4,8,0,0,0,8.998776245388386,0.9987762453883864
2017-04-23 00:00:00,3,25,0,0,0,21.337456440609976,3.6625435593900235
2017-04-23 00:00:00,4,5,0,0,0,7.058600033582076,2.058600033582076
2017-04-23 00:00:00,2,21,0,0,0,18.293113418192974,2.7068865818070265
2017-04-23 00:00:00,1,54,0,0,0,50.416013879281294,3.5839861207187056
2017-04-23 01:00:00,1,46,0,0,0,46.57779781382868,0.5777978138286812
2017-04-23 01:00:00,3,16,0,0,0,18.679544086545917,2.679544086545917
2017-04-23 01:00:00,4,3,0,0,0,5.318112305703839,2.3181123057038393
2017-04-23 01:00:00,2,19,0,0,0,17.545007574279264,1.4549924257207358
2017-04-23 02:00:00,4,7,0,0,0,4.184095238949619,2.8159047610503807
2017-04-23 02:00:00,2,17,0,0,0,16.91499527734117,0.08500472265883019
2017-04-23 02:00:00,3,12,0,0,0,12.645602261571401,0.6456022615714012
2017-04-23 02:00:00,1,36,0,0,0,40.65589203589726,4.65589203589726
2017-04-23 03:00:00,2,16,0,0,0,15.156382895936432,0.8436171040635685
2017-04-23 03:00:00,1,38,0,0,0,31.293083075052675,6.7069169249473255
2017-04-23 03:00:00,3,9,0,0,0,10.260540821789728,1.2605408217897285
2017-04-23 03:00:00,4,5,0,0,0,4.274862081260291,0.7251379187397093
2017-04-23 04:00:00,2,12,0,0,0,14.151410922915229,2.151410922915229
2017-04-23 04:00:00,1,35,0,0,0,33.40511544634002,1.5948845536599805
2017-04-23 04:00:00,3,10,0,0,0,7.919361342465872,2.080638657534128
2017-04-23 04:00:00,4,2,0,0,0,4.08491080857306,2.08491080857306
2017-04-23 05:00:00,2,12,0,0,0,11.379302524173987,0.6206974758260131
2017-04-23 05:00:00,1,33,0,0,0,31.50649523120756,1.493504768792441
2017-04-23 05:00:00,3,7,0,0,0,7.8597879831872515,0.8597879831872515
2017-04-23 05:00:00,4,2,0,0,0,3.8963023294809798,1.8963023294809798
2017-04-23 06:00:00,3,9,0,0,0,7.222677837853625,1.7773221621463753
2017-04-23 06:00:00,2,11,0,0,0,11.822466707195659,0.8224667071956588
2017-04-23 06:00:00,4,1,0,0,0,3.8377578807455994,2.8377578807455994
2017-04-23 06:00:00,1,33,0,0,0,34.786866123103756,1.7868661231037564
2017-04-23 07:00:00,1,34,0,0,1,36.867975946817836,2.867975946817836
2017-04-23 07:00:00,2,13,0,0,1,12.4159425321236,0.5840574678764003
2017-04-23 07:00:00,4,3,0,0,1,4.543591180844909,1.543591180844909
2017-04-23 07:00:00,3,10,0,0,1,9.020232040041622,0.9797679599583784
2017-04-23 08:00:00,2,15,0,0,1,13.977355486900587,1.0226445130994133
2017-04-23 08:00:00,4,4,0,0,1,5.092311454060013,1.0923114540600132
2017-04-23 08:00:00,3,12,0,0,1,10.3522210890129,1.6477789109870997
2017-04-23 08:00:00,1,39,0,0,1,37.69275309109883,1.3072469089011705
2017-04-23 09:00:00,3,17,0,0,1,13.083908222122163,3.9160917778778366
2017-04-23 09:00:00,1,45,0,0,1,44.19519929733665,0.8048007026633499
2017-04-23 09:00:00,2,15,0,0,1,16.225723336360694,1.2257233363606943
2017-04-23 09:00:00,4,3,0,0,1,5.662124469152527,2.662124469152527
2017-04-23 10:00:00,3,18,0,0,0,18.20360095999611,0.20360095999610905
2017-04-23 10:00:00,1,53,0,0,0,48.32812805928267,4.671871940717331
2017-04-23 10:00:00,2,15,0,0,0,16.810472654093434,1.8104726540934344
2017-04-23 10:00:00,4,7,0,0,0,6.226767445177523,0.773232554822477
2017-04-23 11:00:00,3,22,0,0,0,19.19054014881591,2.8094598511840907
2017-04-23 11:00:00,1,52,0,0,0,60.66132210714886,8.661322107148862
2017-04-23 11:00:00,2,16,0,0,0,16.975862017361454,0.9758620173614538
2017-04-23 11:00:00,4,6,0,0,0,7.227804479415714,1.2278044794157141
2017-04-23 12:00:00,1,62,0,0,0,54.04912733096504,7.950872669034958
2017-04-23 12:00:00,3,26,0,0,0,21.669549990511886,4.330450009488114
2017-04-23 12:00:00,4,7,0,0,0,6.696295251733791,0.30370474826620875
2017-04-23 12:00:00,2,15,0,0,0,16.968185927400906,1.9681859274009064
2017-04-23 13:00:00,2,13,0,0,0,15.409824175187213,2.4098241751872127
2017-04-23 13:00:00,1,57,0,0,0,58.98917476194779,1.9891747619477869
2017-04-23 13:00:00,3,23,0,0,0,24.054630934037142,1.0546309340371423
2017-04-23 13:00:00,4,4,0,0,0,6.995032885553455,2.9950328855534547
2017-04-23 14:00:00,2,17,0,0,0,14.783467454381537,2.2165325456184632
2017-04-23 14:00:00,1,53,0,0,0,58.709277673504985,5.709277673504985
2017-04-23 14:00:00,3,22,0,0,0,23.00480516827419,1.0048051682741885
2017-04-23 14:00:00,4,7,0,0,0,6.219689504917265,0.7803104950827349
2017-04-23 15:00:00,3,23,0,0,0,21.813945731586237,1.1860542684137627
2017-04-23 15:00:00,4,7,0,0,0,7.0571987863926795,0.0571987863926795
2017-04-23 15:00:00,2,18,0,0,0,15.977828787729669,2.0221712122703313
2017-04-23 15:00:00,1,53,0,0,0,52.69405901708151,0.3059409829184929
2017-04-23 16:00:00,3,25,0,0,0,22.548953425404378,2.4510465745956225
2017-04-23 16:00:00,1,49,0,0,0,52.23720867189952,3.2372086718995234
2017-04-23 16:00:00,4,9,0,0,0,7.011194332451253,1.988805667548747
2017-04-23 16:00:00,2,17,0,0,0,16.986700931277838,0.013299068722162133
2017-04-23 17:00:00,3,24,0,0,1,24.65994417095346,0.6599441709534588
2017-04-23 17:00:00,4,7,0,0,1,8.054241783249147,1.0542417832491466
2017-04-23 17:00:00,2,18,0,0,1,17.99770075293796,0.0022992470620408767
2017-04-23 17:00:00,1,54,0,0,1,49.92019912666813,4.07980087333187
2017-04-23 18:00:00,1,63,0,0,1,56.564157201271,6.435842798728999
2017-04-23 18:00:00,2,21,0,0,1,18.957843090090446,2.0421569099095542
2017-04-23 18:00:00,4,5,0,0,1,8.077467444392743,3.0774674443927434
2017-04-23 18:00:00,3,23,0,0,1,25.784707258958843,2.784707258958843
2017-04-23 19:00:00,1,68,0,0,1,68.3014198795291,0.30141987952910654
2017-04-23 19:00:00,2,22,0,0,1,21.606289828567437,0.3937101714325628
2017-04-23 19:00:00,3,22,0,0,1,25.34300078478231,3.3430007847823084
2017-04-23 19:00:00,4,9,0,0,1,7.787254762191558,1.2127452378084422
2017-04-23 20:00:00,1,64,0,0,0,68.77209997679404,4.772099976794038
2017-04-23 20:00:00,4,8,0,0,0,8.497644900944612,0.49764490094461244
2017-04-23 20:00:00,3,28,0,0,0,23.7245205984544,4.275479401545599
2017-04-23 20:00:00,2,22,0,0,0,22.643191873133937,0.6431918731339366
2017-04-23 21:00:00,1,65,0,0,0,62.70377161305819,2.296228386941813
2017-04-23 21:00:00,3,35,0,0,0,26.28789215549284,8.712107844507159
2017-04-23 21:00:00,2,20,0,0,0,21.997100603971106,1.9971006039711057
2017-04-23 21:00:00,4,5,0,0,0,7.918957519009114,2.9189575190091137
2017-04-23 22:00:00,1,65,0,0,0,63.709151430974984,1.290848569025016
2017-04-23 22:00:00,4,6,0,0,0,7.4463149979543015,1.4463149979543015
2017-04-23 22:00:00,2,27,0,0,0,20.065245615737897,6.934754384262103
2017-04-23 22:00:00,3,31,0,0,0,34.051652118711125,3.051652118711125
2017-04-23 23:00:00,1,59,0,0,0,62.97183442190983,3.9718344219098327
2017-04-23 23:00:00,2,23,0,0,0,25.853967747268076,2.853967747268076
2017-04-23 23:00:00,4,10,0,0,0,6.6716408964073155,3.3283591035926845
2017-04-23 23:00:00,3,28,0,0,0,30.41565202895922,2.4156520289592187
2017-04-24 00:00:00,4,7,0,1,0,7.101172214144417,0.1011722141444169
2017-04-24 00:00:00,3,32,0,1,0,25.510972581229222,6.489027418770778
2017-04-24 00:00:00,1,59,0,1,0,54.102805324738746,4.897194675261254
2017-04-24 00:00:00,2,23,0,1,0,21.86936852740747,1.1306314725925297
2017-04-24 01:00:00,4,3,0,1,0,5.754183921820098,2.754183921820098
2017-04-24 01:00:00,2,19,0,1,0,19.65300569585507,0.6530056958550716
2017-04-24 01:00:00,1,50,0,1,0,51.44342418593151,1.4434241859315122
2017-04-24 01:00:00,3,11,0,1,0,26.447772651334855,15.447772651334855
2017-04-24 02:00:00,2,23,0,1,0,17.40402274092628,5.59597725907372
2017-04-24 02:00:00,1,42,0,1,0,44.786121287254645,2.7861212872546446
2017-04-24 02:00:00,3,8,0,1,0,9.383839778765978,1.383839778765978
2017-04-24 02:00:00,4,4,0,1,0,4.949823160657095,0.949823160657095
2017-04-24 03:00:00,2,20,0,1,0,19.37572728838614,0.6242727116138589
2017-04-24 03:00:00,1,38,0,1,0,38.89648445351366,0.8964844535136578
2017-04-24 03:00:00,3,8,0,1,0,11.266896872866138,3.2668968728661376
2017-04-24 03:00:00,4,3,0,1,0,4.150314607149283,1.1503146071492827
2017-04-24 04:00:00,2,18,0,1,0,17.56891559496692,0.4310844050330793
2017-04-24 04:00:00,3,9,0,1,0,7.076268475058066,1.9237315249419336
2017-04-24 04:00:00,4,6,0,1,0,3.7528325763393533,2.2471674236606467
2017-04-24 04:00:00,1,35,0,1,0,34.83678502042984,0.16321497957015652
2017-04-24 05:00:00,4,2,0,1,0,4.2503253676749955,2.2503253676749955
2017-04-24 05:00:00,1,35,0,1,0,32.441386796210736,2.558613203789264
2017-04-24 05:00:00,3,6,0,1,0,6.886233252306038,0.8862332523060381
2017-04-24 05:00:00,2,13,0,1,0,16.91371576049533,3.9137157604953288
2017-04-24 06:00:00,4,3,0,1,0,4.419190312134441,1.4191903121344414
2017-04-24 06:00:00,3,13,0,1,0,6.873303887259445,6.126696112740555
2017-04-24 06:00:00,2,18,0,1,0,15.474924180434344,2.5250758195656555
2017-04-24 06:00:00,1,48,0,1,0,38.275557869417625,9.724442130582375
2017-04-24 07:00:00,4,4,0,1,1,5.067043018702998,1.0670430187029982
2017-04-24 07:00:00,3,15,0,1,1,11.734001880294024,3.2659981197059764
2017-04-24 07:00:00,2,18,0,1,1,18.420822561250716,0.4208225612507164
2017-04-24 07:00:00,1,55,0,1,1,50.069818611318176,4.930181388681824
2017-04-24 08:00:00,3,15,0,1,1,14.841073031394464,0.15892696860553635
2017-04-24 08:00:00,2,21,0,1,1,19.60077077400272,1.3992292259972814
2017-04-24 08:00:00,1,57,0,1,1,57.11259449774355,0.1125944977435509
2017-04-24 08:00:00,4,4,0,1,1,5.395551495999119,1.3955514959991193
2017-04-24 09:00:00,3,22,0,1,1,18.127125170575432,3.8728748294245676
2017-04-24 09:00:00,2,21,0,1,1,22.809273630403574,1.809273630403574
2017-04-24 09:00:00,4,4,0,1,1,6.6067764401221885,2.6067764401221885
2017-04-24 09:00:00,1,61,0,1,1,65.52797982767386,4.52797982767386
2017-04-24 10:00:00,4,10,0,1,0,7.382728858377225,2.6172711416227754
2017-04-24 10:00:00,1,77,0,1,0,70.98847100283186,6.011528997168142
2017-04-24 10:00:00,2,24,0,1,0,23.754063366394217,0.24593663360578333
2017-04-24 10:00:00,3,26,0,1,0,24.316488591123797,1.6835114088762033
2017-04-24 11:00:00,2,23,0,1,0,26.0212315558181,3.021231555818101
2017-04-24 11:00:00,4,8,0,1,0,10.034842084483069,2.034842084483069
2017-04-24 11:00:00,3,27,0,1,0,27.82193620316202,0.8219362031620214
2017-04-24 11:00:00,1,97,0,1,0,84.68119399016825,12.318806009831746
2017-04-24 12:00:00,2,32,0,1,0,23.333445096125036,8.666554903874964
2017-04-24 12:00:00,3,30,0,1,0,26.747971587290582,3.252028412709418
2017-04-24 12:00:00,4,11,0,1,0,9.423894267611074,1.5761057323889265
2017-04-24 12:00:00,1,97,0,1,0,94.9365398261429,2.063460173857095
2017-04-24 13:00:00,3,19,0,1,0,28.097187807201827,9.097187807201827
2017-04-24 13:00:00,4,8,0,1,0,9.775030605366126,1.7750306053661262
2017-04-24 13:00:00,1,89,0,1,0,89.69522221348541,0.6952222134854082
2017-04-24 13:00:00,2,31,0,1,0,30.326069668783155,0.6739303312168445
2017-04-24 14:00:00,2,33,0,1,0,30.502305313939157,2.497694686060843
2017-04-24 14:00:00,3,24,0,1,0,20.681782647078062,3.3182173529219376
2017-04-24 14:00:00,4,8,0,1,0,9.617148686792865,1.6171486867928646
2017-04-24 14:00:00,1,93,0,1,0,96.05470547503187,3.0547054750318665
2017-04-24 15:00:00,4,12,0,1,0,9.127533053719878,2.872466946280122
2017-04-24 15:00:00,3,23,0,1,0,24.45330690128696,1.453306901286961
2017-04-24 15:00:00,2,37,0,1,0,32.86966643946295,4.1303335605370535
2017-04-24 15:00:00,1,87,0,1,0,89.63617090886356,2.636170908863562
2017-04-24 16:00:00,3,24,0,1,0,22.55901197070733,1.4409880292926687
2017-04-24 16:00:00,4,10,0,1,0,9.971148976781718,0.028851023218281924
2017-04-24 16:00:00,1,87,0,1,0,84.49408636665335,2.505913633346651
2017-04-24 16:00:00,2,32,0,1,0,35.26676622464142,3.2667662246414224
2017-04-24 17:00:00,2,32,0,1,1,33.04835989593856,1.0483598959385603
2017-04-24 17:00:00,1,86,0,1,1,84.18488519926167,1.8151148007383284
2017-04-24 17:00:00,3,28,0,1,1,24.19673808499798,3.8032619150020217
2017-04-24 17:00:00,4,8,0,1,1,9.680551594285012,1.6805515942850118
2017-04-24 18:00:00,4,7,0,1,1,9.099792314983901,2.099792314983901
2017-04-24 18:00:00,1,92,0,1,1,87.63730046732145,4.362699532678548
2017-04-24 18:00:00,2,35,0,1,1,33.09757366341087,1.90242633658913
2017-04-24 18:00:00,3,31,0,1,1,26.70806440470277,4.291935595297229
2017-04-24 19:00:00,3,29,0,1,1,30.958245202216478,1.958245202216478
2017-04-24 19:00:00,2,37,0,1,1,36.34733110353523,0.6526688964647676
2017-04-24 19:00:00,1,98,0,1,1,95.62200109306384,2.3779989069361562
2017-04-24 19:00:00,4,10,0,1,1,8.440342822076918,1.5596571779230821
2017-04-24 20:00:00,1,96,0,1,0,95.6456561895195,0.35434381048050057
2017-04-24 20:00:00,4,7,0,1,0,9.234596897910125,2.2345968979101247
2017-04-24 20:00:00,2,41,0,1,0,37.065176145589355,3.934823854410645
2017-04-24 20:00:00,3,38,0,1,0,28.321792735178896,9.678207264821104
2017-04-24 21:00:00,3,40,0,1,0,36.61787772821461,3.3821222717853914
2017-04-24 21:00:00,4,10,0,1,0,8.331070803478742,1.6689291965212583
2017-04-24 21:00:00,1,92,0,1,0,91.31718984163463,0.6828101583653705
2017-04-24 21:00:00,2,32,0,1,0,39.341893219486366,7.341893219486366
2017-04-24 22:00:00,1,88,0,1,0,87.69944374819946,0.30055625180054335
2017-04-24 22:00:00,2,29,0,1,0,33.22196775466393,4.221967754663929
2017-04-24 22:00:00,3,34,0,1,0,38.009033532454076,4.009033532454076
2017-04-24 22:00:00,4,13,0,1,0,9.15475149341476,3.8452485065852393
2017-04-24 23:00:00,2,32,0,1,0,27.283123266968275,4.716876733031725
2017-04-24 23:00:00,4,16,0,1,0,10.268502008582397,5.731497991417603
2017-04-24 23:00:00,3,20,0,1,0,31.933061450835407,11.933061450835407
2017-04-24 23:00:00,1,81,0,1,0,79.27641784106285,1.7235821589371483
2017-04-25 00:00:00,2,32,0,1,0,29.779362313415465,2.220637686584535
2017-04-25 00:00:00,3,24,0,1,0,18.48354114579361,5.516458854206391
2017-04-25 00:00:00,1,77,0,1,0,72.91499819111107,4.085001808888933
2017-04-25 00:00:00,4,9,0,1,0,11.985040606192362,2.985040606192362
2017-04-25 01:00:00,3,18,0,1,0,18.135643282111246,0.13564328211124632
2017-04-25 01:00:00,4,4,0,1,0,7.985780641931635,3.985780641931635
2017-04-25 01:00:00,2,29,0,1,0,27.73071784896738,1.2692821510326198
2017-04-25 01:00:00,1,63,0,1,0,66.5974395048576,3.597439504857604
2017-04-25 02:00:00,3,12,0,1,0,13.982367706350917,1.9823677063509173
2017-04-25 02:00:00,1,52,0,1,0,56.63526856485032,4.635268564850321
2017-04-25 02:00:00,4,5,0,1,0,6.104461839258669,1.1044618392586694
2017-04-25 02:00:00,2,25,0,1,0,24.414820413510963,0.585179586489037
2017-04-25 03:00:00,2,22,0,1,0,21.417509938054923,0.5824900619450766
2017-04-25 03:00:00,3,10,0,1,0,10.526635630250416,0.526635630250416
2017-04-25 03:00:00,1,48,0,1,0,48.05707504674216,0.05707504674216324
2017-04-25 03:00:00,4,7,0,1,0,4.8691166206106455,2.1308833793893545
2017-04-25 04:00:00,2,20,0,1,0,19.049788236954118,0.950211763045882
2017-04-25 04:00:00,3,11,0,1,0,8.795092919089694,2.2049070809103064
2017-04-25 04:00:00,1,40,0,1,0,42.10317460205081,2.1031746020508066
2017-04-25 04:00:00,4,3,0,1,0,4.753017855157878,1.7530178551578777
2017-04-25 05:00:00,1,40,0,1,0,36.990608654575794,3.0093913454242056
2017-04-25 05:00:00,4,3,0,1,0,4.241879160147503,1.2418791601475032
2017-04-25 05:00:00,3,9,0,1,0,8.561874830994256,0.43812516900574394
2017-04-25 05:00:00,2,15,0,1,0,18.216180952282205,3.2161809522822047
2017-04-25 06:00:00,3,11,0,1,0,8.447240540980662,2.552759459019338
2017-04-25 06:00:00,1,47,0,1,0,42.42456746680151,4.575432533198487
2017-04-25 06:00:00,2,23,0,1,0,17.131265382543052,5.868734617456948
2017-04-25 06:00:00,4,4,0,1,0,4.642449062640315,0.6424490626403152
2017-04-25 07:00:00,4,9,0,1,1,4.950800331929696,4.049199668070304
2017-04-25 07:00:00,2,22,0,1,1,23.212902399429048,1.2129023994290478
2017-04-25 07:00:00,1,55,0,1,1,49.752364631803225,5.247635368196775
2017-04-25 07:00:00,3,9,0,1,1,11.64337536766729,2.6433753676672893
2017-04-25 08:00:00,3,16,0,1,1,11.280693680314801,4.719306319685199
2017-04-25 08:00:00,1,57,0,1,1,56.72987505907046,0.2701249409295414
2017-04-25 08:00:00,2,23,0,1,1,23.512644705344435,0.5126447053444352
2017-04-25 08:00:00,4,5,0,1,1,7.541708449699838,2.541708449699838
2017-04-25 09:00:00,4,10,0,1,1,8.414080885978564,1.5859191140214364
2017-04-25 09:00:00,3,18,0,1,1,17.220355834796003,0.7796441652039974
2017-04-25 09:00:00,2,20,0,1,1,25.745289847971137,5.7452898479711365
2017-04-25 09:00:00,1,69,0,1,1,65.32471655492503,3.6752834450749674
2017-04-25 10:00:00,4,7,0,1,0,11.949179688838267,4.949179688838267
2017-04-25 10:00:00,2,22,0,1,0,23.734062274100364,1.7340622741003635
2017-04-25 10:00:00,3,25,0,1,0,20.682710373556414,4.317289626443586
2017-04-25 10:00:00,1,78,0,1,0,78.36611441904354,0.3661144190435408
2017-04-25 11:00:00,2,31,0,1,0,24.251749115497176,6.7482508845028235
2017-04-25 11:00:00,4,10,0,1,0,9.781791939026284,0.2182080609737156
2017-04-25 11:00:00,1,87,0,1,0,84.31748893465915,2.6825110653408473
2017-04-25 11:00:00,3,25,0,1,0,26.567563059060078,1.5675630590600775
2017-04-25 12:00:00,1,92,0,1,0,87.3605187113968,4.639481288603207
2017-04-25 12:00:00,3,33,0,1,0,24.996403271109447,8.003596728890553
2017-04-25 12:00:00,2,38,0,1,0,29.487488839781253,8.512511160218747
2017-04-25 12:00:00,4,8,0,1,0,10.795274940204395,2.7952749402043953
2017-04-25 13:00:00,4,7,0,1,0,8.520568870365334,1.5205688703653344
2017-04-25 13:00:00,3,33,0,1,0,30.973896444686297,2.0261035553137035
2017-04-25 13:00:00,2,38,0,1,0,36.79495733198529,1.2050426680147126
2017-04-25 13:00:00,1,85,0,1,0,82.39649172638688,2.603508273613116
2017-04-25 14:00:00,4,7,0,1,0,9.1533799761026,2.1533799761026007
2017-04-25 14:00:00,3,27,0,1,0,32.9535218818945,5.953521881894503
2017-04-25 14:00:00,2,38,0,1,0,39.52293219664282,1.5229321966428202
2017-04-25 14:00:00,1,93,0,1,0,92.83795989226134,0.16204010773866173
2017-04-25 15:00:00,4,7,0,1,0,8.370753210705223,1.3707532107052227
2017-04-25 15:00:00,3,29,0,1,0,27.617760747786082,1.3822392522139175
2017-04-25 15:00:00,2,33,0,1,0,38.77903887149082,5.779038871490819
2017-04-25 15:00:00,1,87,0,1,0,89.20784211650317,2.2078421165031727
2017-04-25 16:00:00,3,27,0,1,0,27.774837038651036,0.7748370386510359
2017-04-25 16:00:00,4,8,0,1,0,7.888581606467342,0.11141839353265759
2017-04-25 16:00:00,2,33,0,1,0,32.97832078639143,0.0216792136085715
2017-04-25 16:00:00,1,88,0,1,0,84.32816320797546,3.6718367920245356
2017-04-25 17:00:00,1,82,0,1,1,83.96623701444281,1.966237014442811
2017-04-25 17:00:00,3,22,0,1,1,26.755327806750245,4.755327806750245
2017-04-25 17:00:00,2,33,0,1,1,33.115848280194086,0.11584828019408633
2017-04-25 17:00:00,4,8,0,1,1,7.923821840904265,0.07617815909573533
2017-04-25 18:00:00,1,89,0,1,1,84.25605420647739,4.743945793522613
2017-04-25 18:00:00,4,5,0,1,1,8.29623440592188,3.2962344059218793
2017-04-25 18:00:00,3,29,0,1,1,22.479317586058723,6.520682413941277
2017-04-25 18:00:00,2,36,0,1,1,33.558264832558336,2.4417351674416636
2017-04-25 19:00:00,3,30,0,1,1,28.527650518837472,1.472349481162528
2017-04-25 19:00:00,4,5,0,1,1,7.483988331310427,2.483988331310427
2017-04-25 19:00:00,2,39,0,1,1,36.75864292659574,2.2413570734042594
2017-04-25 19:00:00,1,94,0,1,1,91.06664194959967,2.9333580504003294
2017-04-25 20:00:00,2,42,0,1,0,39.6590990015138,2.340900998486198
2017-04-25 20:00:00,4,11,0,1,0,6.9255455595819,4.0744544404181
2017-04-25 20:00:00,3,54,0,1,0,29.27673162142698,24.72326837857302
2017-04-25 20:00:00,1,93,0,1,0,89.65463243863556,3.3453675613644407
2017-04-25 21:00:00,4,8,0,1,0,9.235149320186244,1.2351493201862436
2017-04-25 21:00:00,3,32,0,1,0,44.56178427054246,12.56178427054246
2017-04-25 21:00:00,1,89,0,1,0,89.35449102014786,0.3544910201478615
2017-04-25 21:00:00,2,37,0,1,0,39.88832957631239,2.888329576312387
2017-04-25 22:00:00,4,5,0,1,0,8.741807541254003,3.741807541254003
2017-04-25 22:00:00,1,83,0,1,0,86.05981403213441,3.059814032134412
2017-04-25 22:00:00,3,26,0,1,0,29.33359819426683,3.3335981942668305
2017-04-25 22:00:00,2,33,0,1,0,34.92037096699389,1.920370966993893
2017-04-25 23:00:00,3,21,0,1,0,22.823597101051956,1.8235971010519556
2017-04-25 23:00:00,4,7,0,1,0,7.9378470494176065,0.9378470494176065
2017-04-25 23:00:00,1,79,0,1,0,76.78655914532915,2.21344085467085
2017-04-25 23:00:00,2,33,0,1,0,32.98054711180662,0.01945288819337776
2017-04-26 00:00:00,4,6,0,1,0,6.0627779774491115,0.06277797744911151
2017-04-26 00:00:00,2,31,0,1,0,30.39487591191174,0.6051240880882602
2017-04-26 00:00:00,1,71,0,1,0,73.17998687949945,2.1799868794994524
2017-04-26 00:00:00,3,19,0,1,0,20.213333245008506,1.2133332450085064
2017-04-26 01:00:00,2,23,0,1,0,25.793107319423083,2.7931073194230827
2017-04-26 01:00:00,3,13,0,1,0,15.374839733910118,2.374839733910118
2017-04-26 01:00:00,1,61,0,1,0,61.46056557130077,0.46056557130076925
2017-04-26 01:00:00,4,4,0,1,0,5.036846052029336,1.036846052029336
2017-04-26 02:00:00,4,7,0,1,0,4.715300367157653,2.2846996328423472
2017-04-26 02:00:00,2,23,0,1,0,19.955339969250357,3.044660030749643
2017-04-26 02:00:00,1,55,0,1,0,54.552435968489185,0.44756403151081514
2017-04-26 02:00:00,3,7,0,1,0,10.964750503916363,3.9647505039163633
2017-04-26 03:00:00,3,9,0,1,0,8.256297759690144,0.7437022403098563
2017-04-26 03:00:00,4,7,0,1,0,4.855388934440243,2.144611065559757
2017-04-26 03:00:00,1,46,0,1,0,49.576856264912365,3.576856264912365
2017-04-26 03:00:00,2,22,0,1,0,19.680542207897435,2.3194577921025648
2017-04-26 04:00:00,2,19,0,1,0,18.654063777404875,0.3459362225951246
2017-04-26 04:00:00,1,41,0,1,0,41.12682321440625,0.12682321440625088
2017-04-26 04:00:00,4,3,0,1,0,5.069620624953346,2.0696206249533464
2017-04-26 04:00:00,3,11,0,1,0,7.173871655377938,3.826128344622062
2017-04-26 05:00:00,1,38,0,1,0,37.49645081373935,0.5035491862606492
2017-04-26 05:00:00,2,20,0,1,0,17.744863217544683,2.255136782455317
2017-04-26 05:00:00,4,2,0,1,0,4.715300367157653,2.7153003671576528
2017-04-26 05:00:00,3,8,0,1,0,8.177957155795868,0.1779571557958679
2017-04-26 06:00:00,3,5,0,1,0,8.110074291211882,3.110074291211882
2017-04-26 06:00:00,1,43,0,1,0,41.286400989696766,1.7135990103032341
2017-04-26 06:00:00,4,6,0,1,0,4.602005630067517,1.3979943699324826
2017-04-26 06:00:00,2,16,0,1,0,20.14799650540453,4.147996505404532
2017-04-26 07:00:00,2,18,0,1,1,19.179966306440225,1.1799663064402246
2017-04-26 07:00:00,4,7,0,1,1,5.246958196162235,1.7530418038377649
2017-04-26 07:00:00,3,9,0,1,1,8.51045688811114,0.48954311188886024
2017-04-26 07:00:00,1,49,0,1,1,46.23969691634177,2.760303083658229
2017-04-26 08:00:00,4,3,0,1,1,6.822992325550615,3.822992325550615
2017-04-26 08:00:00,3,12,0,1,1,9.337854559514362,2.662145440485638
2017-04-26 08:00:00,2,18,0,1,1,19.892251045699755,1.892251045699755
2017-04-26 08:00:00,1,54,0,1,1,54.81909145079811,0.819091450798112
2017-04-26 09:00:00,2,23,0,1,1,20.865590399840727,2.134409600159273
2017-04-26 09:00:00,4,7,0,1,1,7.268072929516371,0.26807292951637063
2017-04-26 09:00:00,1,63,0,1,1,63.6286082560041,0.6286082560040995
2017-04-26 09:00:00,3,16,0,1,1,12.820031711295682,3.179968288704318
2017-04-26 10:00:00,4,5,0,1,0,8.790386605368608,3.7903866053686084
2017-04-26 10:00:00,2,27,0,1,0,25.13956872220704,1.8604312777929586
2017-04-26 10:00:00,1,78,0,1,0,74.91452472133214,3.0854752786678574
2017-04-26 10:00:00,3,26,0,1,0,18.242287818263488,7.757712181736512
2017-04-26 11:00:00,4,9,0,1,0,7.659107401196036,1.340892598803964
2017-04-26 11:00:00,1,89,0,1,0,84.31748893465915,4.682511065340847
2017-04-26 11:00:00,3,20,0,1,0,27.24688525262302,7.24688525262302
2017-04-26 11:00:00,2,27,0,1,0,30.216822093136848,3.216822093136848
2017-04-26 12:00:00,4,13,0,1,0,9.367952473826845,3.632047526173155
2017-04-26 12:00:00,2,34,0,1,0,26.95123985328039,7.048760146719609
2017-04-26 12:00:00,1,94,0,1,0,89.69096647096733,4.309033529032675
2017-04-26 12:00:00,3,24,0,1,0,20.52454175229221,3.4754582477077918
2017-04-26 13:00:00,2,30,0,1,0,32.14504726220294,2.1450472622029366
2017-04-26 13:00:00,1,78,0,1,0,82.65495349857207,4.65495349857207
2017-04-26 13:00:00,3,21,0,1,0,23.713196589455723,2.7131965894557233
2017-04-26 13:00:00,4,13,0,1,0,10.185604368535563,2.8143956314644374
2017-04-26 14:00:00,3,32,0,1,0,21.407827576262118,10.592172423737882
2017-04-26 14:00:00,2,32,0,1,0,30.482774408331025,1.517225591668975
2017-04-26 14:00:00,1,88,0,1,0,88.46168853062109,0.46168853062108894
2017-04-26 14:00:00,4,10,0,1,0,12.097108919014438,2.0971089190144383
2017-04-26 15:00:00,4,10,0,1,0,11.30315227728379,1.3031522772837896
2017-04-26 15:00:00,3,26,0,1,0,31.47672984503052,5.476729845030519
2017-04-26 15:00:00,1,89,0,1,0,85.60289222949397,3.3971077705060253
2017-04-26 15:00:00,2,34,0,1,0,32.357944206438816,1.642055793561184
2017-04-26 16:00:00,3,22,0,1,0,24.701069336255067,2.701069336255067
2017-04-26 16:00:00,4,8,0,1,0,9.877088057416541,1.8770880574165414
2017-04-26 16:00:00,2,30,0,1,0,32.62160271903596,2.6216027190359625
2017-04-26 16:00:00,1,86,0,1,0,85.44828063350654,0.5517193664934581
2017-04-26 17:00:00,4,7,0,1,1,8.515058814314653,1.5150588143146528
2017-04-26 17:00:00,1,89,0,1,1,83.23865122189217,5.7613487781078305
2017-04-26 17:00:00,2,33,0,1,1,30.1731104538474,2.8268895461526
2017-04-26 17:00:00,3,25,0,1,1,22.182577334813413,2.8174226651865872
2017-04-26 18:00:00,4,10,0,1,1,8.413463815656952,1.586536184343048
2017-04-26 18:00:00,1,96,0,1,1,90.22404945603665,5.775950543963347
2017-04-26 18:00:00,2,42,0,1,1,33.558264832558336,8.441735167441664
2017-04-26 18:00:00,3,23,0,1,1,25.214104043455272,2.214104043455272
2017-04-26 19:00:00,1,95,0,1,1,100.12387497188263,5.123874971882628
2017-04-26 19:00:00,2,39,0,1,1,43.87094486275443,4.870944862754428
2017-04-26 19:00:00,4,11,0,1,1,9.148755483874377,1.8512445161256235
2017-04-26 19:00:00,3,19,0,1,1,24.091255609771935,5.091255609771935
2017-04-26 20:00:00,4,7,0,1,0,9.651898740580766,2.6518987405807657
2017-04-26 20:00:00,3,21,0,1,0,20.05889929798495,0.9411007020150493
2017-04-26 20:00:00,1,88,0,1,0,91.92143025264028,3.9214302526402776
2017-04-26 20:00:00,2,40,0,1,0,39.57549690214001,0.42450309785998996
2017-04-26 21:00:00,4,10,0,1,0,8.440090856709352,1.559909143290648
2017-04-26 21:00:00,3,27,0,1,0,20.176099927587114,6.823900072412886
2017-04-26 21:00:00,1,78,0,1,0,85.91652565315572,7.916525653155716
2017-04-26 21:00:00,2,36,0,1,0,38.757585397569216,2.7575853975692155
2017-04-26 22:00:00,4,7,0,1,0,9.125878627187559,2.125878627187559
2017-04-26 22:00:00,3,26,0,1,0,24.94776130128389,1.0522386987161099
2017-04-26 22:00:00,1,84,0,1,0,79.20522694710574,4.794773052894257
2017-04-26 22:00:00,2,32,0,1,0,35.46211775978413,3.462117759784128
2017-04-26 23:00:00,1,78,0,1,0,78.52573720495198,0.5257372049519802
2017-04-26 23:00:00,2,35,0,1,0,31.254716377899324,3.7452836221006756
2017-04-26 23:00:00,3,19,0,1,0,24.103895747507355,5.103895747507355
2017-04-26 23:00:00,4,9,0,1,0,8.104327449561262,0.8956725504387375
2017-04-27 00:00:00,3,17,0,1,0,19.32442820261367,2.324428202613671
2017-04-27 00:00:00,2,34,0,1,0,32.301631885902594,1.6983681140974056
2017-04-27 00:00:00,1,76,0,1,0,73.23910205068982,2.760897949310177
2017-04-27 00:00:00,4,3,0,1,0,6.91362210587685,3.9136221058768497
2017-04-27 01:00:00,3,13,0,1,0,13.306912933459277,0.3069129334592766
2017-04-27 01:00:00,4,7,0,1,0,4.9895601604095345,2.0104398395904655
2017-04-27 01:00:00,1,65,0,1,0,64.30282190917525,0.6971780908247496
2017-04-27 01:00:00,2,30,0,1,0,28.910991939171044,1.0890080608289558
2017-04-27 02:00:00,4,5,0,1,0,4.940076401558242,0.059923598441757875
2017-04-27 02:00:00,3,11,0,1,0,10.827273243250978,0.1727267567490216
2017-04-27 02:00:00,2,26,0,1,0,25.346214203759832,0.6537857962401681
2017-04-27 02:00:00,1,54,0,1,0,57.28749485835717,3.287494858357171
2017-04-27 03:00:00,4,4,0,1,0,4.338923086241362,0.3389230862413619
2017-04-27 03:00:00,2,21,0,1,0,22.041740764743523,1.0417407647435226
2017-04-27 03:00:00,3,8,0,1,0,9.604288416468352,1.6042884164683517
2017-04-27 03:00:00,1,45,0,1,0,48.380410248887216,3.380410248887216
2017-04-27 04:00:00,1,39,0,1,0,40.362733994988545,1.3627339949885453
2017-04-27 04:00:00,2,18,0,1,0,18.511239810980094,0.5112398109800935
2017-04-27 04:00:00,4,4,0,1,0,4.438107516617921,0.43810751661792136
2017-04-27 04:00:00,3,6,0,1,0,7.819680991344005,1.819680991344005
2017-04-27 05:00:00,4,6,0,1,0,4.150314607149283,1.8496853928507173
2017-04-27 05:00:00,3,8,0,1,0,6.610220933640107,1.3897790663598926
2017-04-27 05:00:00,2,20,0,1,0,17.07846899366762,2.92153100633238
2017-04-27 05:00:00,1,38,0,1,0,35.42638572454408,2.573614275455917
2017-04-27 06:00:00,1,43,0,1,0,41.04508130330102,1.9549186966989822
2017-04-27 06:00:00,2,16,0,1,0,19.5468823244071,3.5468823244071004
2017-04-27 06:00:00,3,9,0,1,0,6.954634145681148,2.0453658543188524
2017-04-27 06:00:00,4,4,0,1,0,4.742459823166028,0.742459823166028
2017-04-27 07:00:00,4,2,0,1,1,5.406262956270382,3.406262956270382
2017-04-27 07:00:00,1,53,0,1,1,46.18090185201958,6.819098147980419
2017-04-27 07:00:00,3,8,0,1,1,8.750846439127455,0.7508464391274554
2017-04-27 07:00:00,2,20,0,1,1,19.1634428187731,0.836557181226901
2017-04-27 08:00:00,2,19,0,1,1,21.200217534600004,2.2002175346000037
2017-04-27 08:00:00,1,53,0,1,1,55.70445540271376,2.704455402713762
2017-04-27 08:00:00,3,12,0,1,1,9.989058000300627,2.010941999699373
2017-04-27 08:00:00,4,6,0,1,1,5.7833287276353005,0.21667127236469952
2017-04-27 09:00:00,3,15,0,1,1,13.194805380740855,1.8051946192591455
2017-04-27 09:00:00,1,61,0,1,1,61.24931734092373,0.24931734092373148
2017-04-27 09:00:00,4,6,0,1,1,6.97726726683426,0.9772672668342599
2017-04-27 09:00:00,2,23,0,1,1,21.646809972302062,1.3531900276979378
2017-04-27 10:00:00,3,23,0,1,0,17.351359902226477,5.648640097773523
2017-04-27 10:00:00,2,23,0,1,0,26.042675318681333,3.042675318681333
2017-04-27 10:00:00,4,11,0,1,0,7.728435884995079,3.271564115004921
2017-04-27 10:00:00,1,83,0,1,0,71.33060750418147,11.669392495818528
2017-04-27 11:00:00,4,7,0,1,0,11.336038345784456,4.336038345784456
2017-04-27 11:00:00,1,91,0,1,0,85.77104553918777,5.228954460812233
2017-04-27 11:00:00,2,30,0,1,0,25.266567114015945,4.733432885984055
2017-04-27 11:00:00,3,21,0,1,0,23.89663513703538,2.8966351370353784
2017-04-27 12:00:00,1,89,0,1,0,89.80074763186289,0.8007476318628903
2017-04-27 12:00:00,4,12,0,1,0,9.966031649160907,2.0339683508390927
2017-04-27 12:00:00,2,29,0,1,0,29.001478613961005,0.0014786139610052373
2017-04-27 12:00:00,3,25,0,1,0,21.068983103566747,3.9310168964332526
2017-04-27 13:00:00,4,8,0,1,0,10.188891658309746,2.188891658309746
2017-04-27 13:00:00,3,19,0,1,0,24.094073855025115,5.0940738550251154
2017-04-27 13:00:00,2,29,0,1,0,26.65612393413314,2.3438760658668585
2017-04-27 13:00:00,1,85,0,1,0,80.71723489847007,4.282765101529932
2017-04-27 14:00:00,4,10,0,1,0,9.679699916634883,0.32030008336511706
2017-04-27 14:00:00,1,84,0,1,0,92.47056112491553,8.470561124915534
2017-04-27 14:00:00,3,19,0,1,0,20.18068759381678,1.1806875938167813
2017-04-27 14:00:00,2,31,0,1,0,28.783194303333044,2.216805696666956
2017-04-27 15:00:00,2,35,0,1,0,30.259504912514366,4.740495087485634
2017-04-27 15:00:00,4,9,0,1,0,9.990172655794275,0.9901726557942752
2017-04-27 15:00:00,3,19,0,1,0,19.690934262564518,0.6909342625645181
2017-04-27 15:00:00,1,85,0,1,0,85.19341050632788,0.19341050632787926
2017-04-27 16:00:00,3,18,0,1,0,18.679726978249303,0.6797269782493025
2017-04-27 16:00:00,4,8,0,1,0,8.782203920313187,0.7822039203131865
2017-04-27 16:00:00,2,30,0,1,0,34.0520276681963,4.052027668196303
2017-04-27 16:00:00,1,79,0,1,0,83.64002877799902,4.640028777999021
2017-04-27 17:00:00,3,26,0,1,1,18.319302475038086,7.680697524961914
2017-04-27 17:00:00,2,31,0,1,1,29.92780775235599,1.0721922476440113
2017-04-27 17:00:00,1,81,0,1,1,79.18468951334468,1.8153104866553207
2017-04-27 17:00:00,4,10,0,1,1,8.515058814314653,1.4849411856853472
2017-04-27 18:00:00,2,34,0,1,1,30.99097103624518,3.009028963754819
2017-04-27 18:00:00,1,85,0,1,1,83.17707365592723,1.8229263440727692
2017-04-27 18:00:00,4,9,0,1,1,9.25123821196414,0.2512382119641394
2017-04-27 18:00:00,3,31,0,1,1,25.103142533264247,5.896857466735753
2017-04-27 19:00:00,2,31,0,1,1,34.73145548393297,3.7314554839329688
2017-04-27 19:00:00,1,83,0,1,1,87.5911055890638,4.591105589063801
2017-04-27 19:00:00,4,7,0,1,1,8.80950008197679,1.8095000819767897
2017-04-27 19:00:00,3,22,0,1,1,30.43460800359923,8.43460800359923
2017-04-27 20:00:00,1,87,0,1,0,82.58423590092235,4.4157640990776486
2017-04-27 20:00:00,4,6,0,1,0,8.272774563349941,2.272774563349941
2017-04-27 20:00:00,2,40,0,1,0,31.26134804893248,8.73865195106752
2017-04-27 20:00:00,3,27,0,1,0,22.753937773643784,4.246062226356216
2017-04-27 21:00:00,2,31,0,1,0,38.06902138425847,7.06902138425847
2017-04-27 21:00:00,3,19,0,1,0,26.164487478402876,7.164487478402876
2017-04-27 21:00:00,4,8,0,1,0,7.41633441367453,0.5836655863254698
2017-04-27 21:00:00,1,79,0,1,0,85.0554185800661,6.055418580066103
2017-04-27 22:00:00,3,18,0,1,0,19.337590226231598,1.3375902262315975
2017-04-27 22:00:00,2,31,0,1,0,30.459432956157,0.5405670438430015
2017-04-27 22:00:00,1,79,0,1,0,77.50151558774971,1.498484412250292
2017-04-27 22:00:00,4,8,0,1,0,7.882166888251064,0.1178331117489364
2017-04-27 23:00:00,1,76,0,1,0,74.09165462303504,1.9083453769649594
2017-04-27 23:00:00,4,9,0,1,0,7.757611524911213,1.242388475088787
2017-04-27 23:00:00,3,16,0,1,0,18.349770430889052,2.349770430889052
2017-04-27 23:00:00,2,32,0,1,0,29.44058984172615,2.559410158273849
2017-04-28 00:00:00,1,65,0,1,0,68.12113921250369,3.1211392125036923
2017-04-28 00:00:00,2,30,0,1,0,29.76486831226593,0.23513168773407145
2017-04-28 00:00:00,4,4,0,1,0,7.050430279784491,3.050430279784491
2017-04-28 00:00:00,3,16,0,1,0,14.0256817700654,1.9743182299345996
2017-04-28 01:00:00,4,7,0,1,0,5.320355478197695,1.679644521802305
2017-04-28 01:00:00,2,26,0,1,0,25.311002492883194,0.688997507116806
2017-04-28 01:00:00,1,60,0,1,0,56.32760259867584,3.6723974013241616
2017-04-28 01:00:00,3,10,0,1,0,12.570740425282779,2.5707404252827786
2017-04-28 02:00:00,3,9,0,1,0,9.228426022717464,0.22842602271746415
2017-04-28 02:00:00,2,24,0,1,0,22.063815376044662,1.936184623955338
2017-04-28 02:00:00,1,53,0,1,0,53.575213744294196,0.5752137442941958
2017-04-28 02:00:00,4,6,0,1,0,5.1491650988749695,0.8508349011250305
2017-04-28 03:00:00,4,5,0,1,0,4.772935414982414,0.22706458501758586
2017-04-28 03:00:00,2,23,0,1,0,20.863584467965847,2.136415532034153
2017-04-28 03:00:00,3,9,0,1,0,7.85770722161105,1.14229277838895
2017-04-28 03:00:00,1,41,0,1,0,47.321891726739416,6.321891726739416
2017-04-28 04:00:00,3,10,0,1,0,7.325172188339652,2.6748278116603483
2017-04-28 04:00:00,2,20,0,1,0,19.59991359573727,0.4000864042627299
2017-04-28 04:00:00,4,5,0,1,0,4.956285131304798,0.04371486869520158
2017-04-28 04:00:00,1,37,0,1,0,37.194762440052884,0.1947624400528838
2017-04-28 05:00:00,1,35,0,1,0,33.978179724644384,1.0218202753556156
2017-04-28 05:00:00,2,17,0,1,0,18.511567404886403,1.511567404886403
2017-04-28 05:00:00,3,9,0,1,0,7.7025599776160245,1.2974400223839755
2017-04-28 05:00:00,4,3,0,1,0,4.492775730010829,1.4927757300108286
2017-04-28 06:00:00,3,12,0,1,0,8.063832259535966,3.9361677404640343
2017-04-28 06:00:00,4,6,0,1,0,4.600073349939364,1.3999266500606362
2017-04-28 06:00:00,1,39,0,1,0,37.91314403812865,1.0868559618713505
2017-04-28 06:00:00,2,17,0,1,0,18.509081849150952,1.5090818491509523
2017-04-28 07:00:00,3,12,0,1,1,12.068630643287298,0.06863064328729784
2017-04-28 07:00:00,4,4,0,1,1,5.44589508031722,1.4458950803172197
2017-04-28 07:00:00,1,50,0,1,1,42.8779886020896,7.1220113979103985
2017-04-28 07:00:00,2,18,0,1,1,19.47462935371316,1.4746293537131585
2017-04-28 08:00:00,4,4,0,1,1,5.912607516784535,1.9126075167845347
2017-04-28 08:00:00,1,47,0,1,1,54.885161720165115,7.885161720165115
2017-04-28 08:00:00,3,12,0,1,1,12.870089407788514,0.8700894077885142
2017-04-28 08:00:00,2,20,0,1,1,19.649994205201622,0.3500057947983777
2017-04-28 09:00:00,1,53,0,1,1,54.22898688743018,1.2289868874301817
2017-04-28 09:00:00,4,7,0,1,1,6.845640071457866,0.1543599285421342
2017-04-28 09:00:00,3,14,0,1,1,15.463168352283123,1.4631683522831231
2017-04-28 09:00:00,2,16,0,1,1,22.080710376341845,6.080710376341845
2017-04-28 10:00:00,3,13,0,1,0,16.95768189783063,3.9576818978306285
2017-04-28 10:00:00,1,64,0,1,0,64.4491932859319,0.4491932859318979
2017-04-28 10:00:00,2,20,0,1,0,19.93490382179837,0.06509617820163172
2017-04-28 10:00:00,4,8,0,1,0,8.219932808087004,0.21993280808700355
2017-04-28 11:00:00,1,81,0,1,0,72.273987358578,8.726012641422003
2017-04-28 11:00:00,2,25,0,1,0,21.758128784855504,3.2418712151444957
2017-04-28 11:00:00,4,8,0,1,0,9.169338522709678,1.169338522709678
2017-04-28 11:00:00,3,19,0,1,0,16.25268112551907,2.7473188744809285
2017-04-28 12:00:00,4,8,0,1,0,9.624552055262006,1.624552055262006
2017-04-28 12:00:00,3,16,0,1,0,18.710674798612455,2.7106747986124553
2017-04-28 12:00:00,1,78,0,1,0,79.68299298900621,1.682992989006209
2017-04-28 12:00:00,2,23,0,1,0,24.621751330049463,1.621751330049463
2017-04-28 13:00:00,2,26,0,1,0,22.697109294303623,3.3028907056963774
2017-04-28 13:00:00,4,7,0,1,0,8.470721521652269,1.470721521652269
2017-04-28 13:00:00,1,73,0,1,0,72.57469745970184,0.42530254029816206
2017-04-28 13:00:00,3,18,0,1,0,16.585645931477295,1.4143540685227052
2017-04-28 14:00:00,4,6,0,1,0,8.781443189426886,2.781443189426886
2017-04-28 14:00:00,3,20,0,1,0,18.524242157905004,1.4757578420949962
2017-04-28 14:00:00,2,28,0,1,0,25.69295742855088,2.30704257144912
2017-04-28 14:00:00,1,74,0,1,0,77.38364837731537,3.3836483773153674
2017-04-28 15:00:00,3,21,0,1,0,19.871998692796843,1.1280013072031565
2017-04-28 15:00:00,2,31,0,1,0,26.893818974191902,4.106181025808098
2017-04-28 15:00:00,4,5,0,1,0,7.8481568053967745,2.8481568053967745
2017-04-28 15:00:00,1,73,0,1,0,73.91820502223563,0.9182050222356253
2017-04-28 16:00:00,4,9,0,1,0,6.814961602280219,2.185038397719781
2017-04-28 16:00:00,1,70,0,1,0,72.2540276424061,2.2540276424061005
2017-04-28 16:00:00,2,27,0,1,0,29.17026775568896,2.170267755688961
2017-04-28 16:00:00,3,16,0,1,0,20.025533023816326,4.025533023816326
2017-04-28 17:00:00,2,23,0,1,1,27.045243032877,4.045243032877
2017-04-28 17:00:00,1,68,0,1,1,69.6390950139991,1.6390950139990963
2017-04-28 17:00:00,4,5,0,1,1,7.621351756310397,2.621351756310397
2017-04-28 17:00:00,3,21,0,1,1,17.763912824263144,3.2360871757368557
2017-04-28 18:00:00,2,26,0,1,1,23.648255920419675,2.3517440795803246
2017-04-28 18:00:00,1,68,0,1,1,71.91001109998558,3.9100110999855815
2017-04-28 18:00:00,4,10,0,1,1,6.8902324139491835,3.1097675860508165
2017-04-28 18:00:00,3,27,0,1,1,20.144366228688096,6.855633771311904
2017-04-28 19:00:00,2,28,0,1,1,26.484863915963007,1.5151360840369925
2017-04-28 19:00:00,3,26,0,1,1,26.756483234794434,0.7564832347944339
2017-04-28 19:00:00,1,69,0,1,1,72.65864657578689,3.6586465757868893
2017-04-28 19:00:00,4,5,0,1,1,9.219078272484554,4.219078272484554
2017-04-28 20:00:00,2,27,0,1,0,26.998048637325798,0.0019513626742018175
2017-04-28 20:00:00,3,23,0,1,0,25.413041527141832,2.413041527141832
2017-04-28 20:00:00,1,73,0,1,0,68.59224312990051,4.40775687009949
2017-04-28 20:00:00,4,7,0,1,0,7.251100386054023,0.25110038605402263
2017-04-28 21:00:00,1,66,0,1,0,72.07740666223026,6.07740666223026
2017-04-28 21:00:00,2,26,0,1,0,26.675988498373094,0.6759884983730942
2017-04-28 21:00:00,3,28,0,1,0,23.347358366475934,4.652641633524066
2017-04-28 21:00:00,4,6,0,1,0,7.75663121518585,1.75663121518585
2017-04-28 22:00:00,2,26,0,1,0,25.39961542683049,0.6003845731695101
2017-04-28 22:00:00,3,24,0,1,0,26.273281540128284,2.273281540128284
2017-04-28 22:00:00,1,62,0,1,0,65.69524505990725,3.6952450599072506
2017-04-28 22:00:00,4,7,0,1,0,6.79473505952939,0.2052649404706104
2017-04-28 23:00:00,2,25,0,1,0,23.989244953164732,1.0107550468352677
2017-04-28 23:00:00,3,19,0,1,0,23.317885261847366,4.3178852618473655
2017-04-28 23:00:00,1,64,0,1,0,58.82594879027973,5.174051209720268
2017-04-28 23:00:00,4,8,0,1,0,7.199047388162792,0.8009526118372081
2017-04-29 00:00:00,3,18,0,0,0,22.431020402768176,4.431020402768176
2017-04-29 00:00:00,1,60,0,0,0,57.55186749146843,2.4481325085315717
2017-04-29 00:00:00,4,6,0,0,0,6.313945130146908,0.31394513014690784
2017-04-29 00:00:00,2,26,0,0,0,23.190512020433033,2.809487979566967
2017-04-29 01:00:00,3,16,0,0,0,13.934223722723909,2.0657762772760915
2017-04-29 01:00:00,2,22,0,0,0,21.897931252353615,0.10206874764638485
2017-04-29 01:00:00,1,52,0,0,0,51.82815373581581,0.17184626418418958
2017-04-29 01:00:00,4,7,0,0,0,5.224087901766916,1.7759120982330838
2017-04-29 02:00:00,2,21,0,0,0,18.773852610974174,2.226147389025826
2017-04-29 02:00:00,1,42,0,0,0,47.04172782246375,5.0417278224637485
2017-04-29 02:00:00,4,4,0,0,0,5.174285376624616,1.1742853766246162
2017-04-29 02:00:00,3,11,0,0,0,12.574366921992432,1.5743669219924321
2017-04-29 03:00:00,1,40,0,0,0,37.31291427778623,2.687085722213773
2017-04-29 03:00:00,4,5,0,0,0,4.461288089489351,0.5387119105106493
2017-04-29 03:00:00,2,16,0,0,0,17.79790762135185,1.7979076213518503
2017-04-29 03:00:00,3,8,0,0,0,9.554757195795812,1.554757195795812
2017-04-29 04:00:00,1,30,0,0,0,35.58428679484869,5.584286794848687
2017-04-29 04:00:00,4,6,0,0,0,4.281139165043478,1.718860834956522
2017-04-29 04:00:00,2,12,0,0,0,14.398665111734159,2.398665111734159
2017-04-29 04:00:00,3,7,0,0,0,7.754839682111935,0.7548396821119354
2017-04-29 05:00:00,1,27,0,0,0,28.52807877484711,1.5280787748471099
2017-04-29 05:00:00,3,6,0,0,0,6.472957389649763,0.4729573896497632
2017-04-29 05:00:00,4,2,0,0,0,4.059962503246047,2.059962503246047
2017-04-29 05:00:00,2,14,0,0,0,12.00382172041708,1.9961782795829208
2017-04-29 06:00:00,1,33,0,0,0,29.012975055645594,3.987024944354406
2017-04-29 06:00:00,3,5,0,0,0,6.3799052540390875,1.3799052540390875
2017-04-29 06:00:00,2,11,0,0,0,12.830790610572167,1.8307906105721674
2017-04-29 06:00:00,4,6,0,0,0,4.397189614231964,1.602810385768036
2017-04-29 07:00:00,2,12,0,0,1,13.060177443687598,1.0601774436875981
2017-04-29 07:00:00,1,29,0,0,1,36.586101048726476,7.586101048726476
2017-04-29 07:00:00,4,5,0,0,1,5.185030751079065,0.18503075107906497
2017-04-29 07:00:00,3,5,0,0,1,6.912609638714307,1.912609638714307
2017-04-29 08:00:00,2,12,0,0,1,13.461199241604488,1.461199241604488
2017-04-29 08:00:00,1,35,0,0,1,32.000231895302385,2.9997681046976155
2017-04-29 08:00:00,4,5,0,0,1,5.811724074356566,0.8117240743565661
2017-04-29 08:00:00,3,8,0,0,1,6.846413205397773,1.1535867946022274
2017-04-29 09:00:00,1,39,0,0,1,41.42197785836196,2.421977858361963
2017-04-29 09:00:00,4,7,0,0,1,6.645633047745125,0.3543669522548747
2017-04-29 09:00:00,2,11,0,0,1,13.86352580453047,2.86352580453047
2017-04-29 09:00:00,3,13,0,0,1,8.665604891911185,4.334395108088815
2017-04-29 10:00:00,1,54,0,0,0,45.15302157308516,8.846978426914838
2017-04-29 10:00:00,2,14,0,0,0,13.58067856831848,0.4193214316815208
2017-04-29 10:00:00,3,13,0,0,0,13.283855877418846,0.283855877418846
2017-04-29 10:00:00,4,5,0,0,0,7.947106180886595,2.9471061808865953
2017-04-29 11:00:00,3,18,0,0,0,14.671697121700017,3.328302878299983
2017-04-29 11:00:00,4,4,0,0,0,7.389621468756666,3.3896214687566664
2017-04-29 11:00:00,2,18,0,0,0,14.918236646778398,3.0817633532216018
2017-04-29 11:00:00,1,55,0,0,0,61.23821992682361,6.238219926823611
2017-04-29 12:00:00,2,15,0,0,0,16.93421165305564,1.934211653055641
2017-04-29 12:00:00,3,21,0,0,0,17.15642715993139,3.84357284006861
2017-04-29 12:00:00,1,52,0,0,0,55.84179334797685,3.8417933479768465
2017-04-29 12:00:00,4,10,0,0,0,6.435389267208162,3.564610732791838
2017-04-29 13:00:00,1,47,0,0,0,49.49582383664904,2.4958238366490377
2017-04-29 13:00:00,4,6,0,0,0,7.70861415119322,1.7086141511932196
2017-04-29 13:00:00,2,13,0,0,0,15.590105789380893,2.5901057893808925
2017-04-29 13:00:00,3,19,0,0,0,19.6047022553734,0.6047022553734003
2017-04-29 14:00:00,4,10,0,0,0,7.002843089149607,2.997156910850393
2017-04-29 14:00:00,1,47,0,0,0,47.90127301533076,0.9012730153307587
2017-04-29 14:00:00,3,16,0,0,0,18.83147984849838,2.831479848498379
2017-04-29 14:00:00,2,12,0,0,0,15.157255547376241,3.1572555473762414
2017-04-29 15:00:00,4,4,0,0,0,8.764605447440859,4.764605447440859
2017-04-29 15:00:00,3,16,0,0,0,17.38380321234795,1.3838032123479493
2017-04-29 15:00:00,1,43,0,0,0,46.93866511396295,3.938665113962948
2017-04-29 15:00:00,2,17,0,0,0,13.421751469365446,3.5782485306345535
2017-04-29 16:00:00,2,19,0,0,0,15.565066573998628,3.434933426001372
2017-04-29 16:00:00,3,15,0,0,0,16.888056713165174,1.8880567131651738
2017-04-29 16:00:00,4,4,0,0,0,6.744910326019142,2.7449103260191423
2017-04-29 16:00:00,1,46,0,0,0,42.7069463710555,3.2930536289444987
2017-04-29 17:00:00,2,16,0,0,1,18.29849492376764,2.2984949237676418
2017-04-29 17:00:00,1,46,0,0,1,46.770614095097905,0.7706140950979048
2017-04-29 17:00:00,4,5,0,0,1,6.467771213508291,1.467771213508291
2017-04-29 17:00:00,3,20,0,0,1,15.9373284890691,4.062671510930899
2017-04-29 18:00:00,3,33,0,0,1,20.12281677608963,12.877183223910372
2017-04-29 18:00:00,2,14,0,0,1,18.368357730318845,4.368357730318845
2017-04-29 18:00:00,1,47,0,0,1,50.05067967977424,3.050679679774241
2017-04-29 18:00:00,4,7,0,0,1,5.777546457385579,1.2224535426144207
2017-04-29 19:00:00,3,36,0,0,1,33.72129728275881,2.2787027172411882
2017-04-29 19:00:00,1,53,0,0,1,51.61222149003584,1.387778509964157
2017-04-29 19:00:00,2,20,0,0,1,17.32804675737745,2.67195324262255
2017-04-29 19:00:00,4,8,0,0,1,7.074507674343854,0.9254923256561458
2017-04-29 20:00:00,2,20,0,0,0,19.714515060625846,0.28548493937415387
2017-04-29 20:00:00,3,53,0,0,0,36.930753673750026,16.069246326249974
2017-04-29 20:00:00,4,5,0,0,0,8.012869889480843,3.012869889480843
2017-04-29 20:00:00,1,59,0,0,0,53.91177531382441,5.088224686175593
2017-04-29 21:00:00,2,20,0,0,0,19.211096392767924,0.7889036072320756
2017-04-29 21:00:00,4,6,0,0,0,6.997143560817758,0.9971435608177579
2017-04-29 21:00:00,1,53,0,0,0,58.80632261204326,5.80632261204326
2017-04-29 21:00:00,3,54,0,0,0,45.66723746002192,8.332762539978077
2017-04-29 22:00:00,2,20,0,0,0,19.970549072396054,0.029450927603946297
2017-04-29 22:00:00,3,29,0,0,0,44.606386242509025,15.606386242509025
2017-04-29 22:00:00,4,8,0,0,0,6.820579694167234,1.1794203058327657
2017-04-29 22:00:00,1,55,0,0,0,51.952998964769485,3.0470010352305152
2017-04-29 23:00:00,4,6,0,0,0,7.174002016755314,1.1740020167553142
2017-04-29 23:00:00,2,24,0,0,0,19.879228385242016,4.1207716147579845
2017-04-29 23:00:00,1,51,0,0,0,53.36864622968856,2.368646229688558
2017-04-29 23:00:00,3,25,0,0,0,23.662082167939925,1.337917832060075
2017-04-30 00:00:00,1,47,0,0,0,45.55642678139145,1.4435732186085488
2017-04-30 00:00:00,3,20,0,0,0,20.003027532220685,0.0030275322206847477
2017-04-30 00:00:00,2,20,0,0,0,21.999109581412128,1.999109581412128
2017-04-30 00:00:00,4,4,0,0,0,6.005478513022385,2.0054785130223847
2017-04-30 01:00:00,2,20,0,0,0,17.41399341184535,2.5860065881546497
2017-04-30 01:00:00,3,14,0,0,0,15.28766972339178,1.2876697233917795
2017-04-30 01:00:00,1,42,0,0,0,40.90082623713671,1.0991737628632876
2017-04-30 01:00:00,4,6,0,0,0,4.682823013835321,1.3171769861646787
2017-04-30 02:00:00,1,35,0,0,0,37.182814587943874,2.1828145879438736
2017-04-30 02:00:00,2,18,0,0,0,17.390792874972494,0.6092071250275062
2017-04-30 02:00:00,3,11,0,0,0,11.117800396402627,0.11780039640262707
2017-04-30 02:00:00,4,2,0,0,0,4.284105999475332,2.284105999475332
2017-04-30 03:00:00,2,15,0,0,0,15.679758764591675,0.679758764591675
2017-04-30 03:00:00,3,10,0,0,0,9.59028901510869,0.4097109848913103
2017-04-30 03:00:00,4,4,0,0,0,3.8105435609204186,0.18945643907958143
2017-04-30 03:00:00,1,36,0,0,0,30.972939485137502,5.027060514862498
2017-04-30 04:00:00,2,12,0,0,0,13.694165035856324,1.694165035856324
2017-04-30 04:00:00,3,11,0,0,0,8.363666189739481,2.6363338102605187
2017-04-30 04:00:00,1,25,0,0,0,30.951108992918602,5.951108992918602
2017-04-30 04:00:00,4,5,0,0,0,3.7826284211615517,1.2173715788384483
2017-04-30 05:00:00,3,7,0,0,0,8.314941522267572,1.3149415222675724
2017-04-30 05:00:00,4,4,0,0,0,3.712106911538213,0.2878930884617872
2017-04-30 05:00:00,2,14,0,0,0,11.172603006761477,2.827396993238523
2017-04-30 05:00:00,1,26,0,0,0,24.1675328706273,1.8324671293726986
2017-04-30 06:00:00,2,15,0,0,0,12.69246745066666,2.30753254933334
2017-04-30 06:00:00,4,4,0,0,0,4.339209020701209,0.33920902070120906
2017-04-30 06:00:00,1,29,0,0,0,27.363455464738145,1.636544535261855
2017-04-30 06:00:00,3,5,0,0,0,7.6228971616274945,2.6228971616274945
2017-04-30 07:00:00,2,13,0,0,1,15.298801374971474,2.2988013749714735
2017-04-30 07:00:00,3,7,0,0,1,7.794160277296471,0.7941602772964709
2017-04-30 07:00:00,1,30,0,0,1,31.49260804740466,1.4926080474046586
2017-04-30 07:00:00,4,5,0,0,1,5.045042320800521,0.04504232080052084
2017-04-30 08:00:00,2,15,0,0,1,15.21318441444267,0.21318441444267044
2017-04-30 08:00:00,4,3,0,0,1,5.753743480825812,2.753743480825812
2017-04-30 08:00:00,1,37,0,0,1,32.938881227005574,4.061118772994426
2017-04-30 08:00:00,3,12,0,0,1,7.996108689433623,4.003891310566377
2017-04-30 09:00:00,1,39,0,0,1,41.84930058990314,2.8493005899031374
2017-04-30 09:00:00,3,15,0,0,1,11.777050244873902,3.2229497551260984
2017-04-30 09:00:00,4,6,0,0,1,6.049901700788708,0.04990170078870815
2017-04-30 09:00:00,2,12,0,0,1,16.841643720730875,4.841643720730875
2017-04-30 10:00:00,1,43,0,0,0,44.029585970271974,1.0295859702719738
2017-04-30 10:00:00,3,22,0,0,0,16.283825831832267,5.716174168167733
2017-04-30 10:00:00,4,7,0,0,0,6.827174866982325,0.17282513301767466
2017-04-30 10:00:00,2,14,0,0,0,15.03298161126615,1.03298161126615
2017-04-30 11:00:00,2,16,0,0,0,15.4669618987162,0.5330381012838004
2017-04-30 11:00:00,1,47,0,0,0,45.39243906124107,1.6075609387589296
2017-04-30 11:00:00,3,19,0,0,0,22.241356831978344,3.2413568319783437
2017-04-30 11:00:00,4,7,0,0,0,7.544212211533912,0.5442122115339121
2017-04-30 12:00:00,2,14,0,0,0,16.0218567639358,2.0218567639358014
2017-04-30 12:00:00,1,46,0,0,0,46.95931931792208,0.9593193179220805
2017-04-30 12:00:00,3,18,0,0,0,19.177294924140515,1.177294924140515
2017-04-30 12:00:00,4,6,0,0,0,8.015142757168501,2.015142757168501
2017-04-30 13:00:00,3,21,0,0,0,17.57044646460405,3.42955353539595
2017-04-30 13:00:00,4,5,0,0,0,6.613735700967687,1.6137357009676867
2017-04-30 13:00:00,2,11,0,0,0,14.831009383494427,3.831009383494427
2017-04-30 13:00:00,1,47,0,0,0,43.50964108847362,3.4903589115263784
2017-04-30 14:00:00,4,6,0,0,0,6.627140425761475,0.6271404257614748
2017-04-30 14:00:00,2,13,0,0,0,13.258451288218703,0.2584512882187031
2017-04-30 14:00:00,1,42,0,0,0,47.8566088369798,5.856608836979802
2017-04-30 14:00:00,3,19,0,0,0,20.196519010802447,1.1965190108024473
2017-04-30 15:00:00,4,7,0,0,0,6.403928454803286,0.5960715451967138
2017-04-30 15:00:00,2,14,0,0,0,13.276481994947908,0.7235180050520924
2017-04-30 15:00:00,1,45,0,0,0,42.57823250038336,2.4217674996166423
2017-04-30 15:00:00,3,18,0,0,0,18.758730407275397,0.7587304072753973
2017-04-30 16:00:00,4,4,0,0,0,7.011194332451253,3.011194332451253
2017-04-30 16:00:00,2,14,0,0,0,13.838193578774328,0.16180642122567157
2017-04-30 16:00:00,1,43,0,0,0,43.989419378639425,0.9894193786394254
2017-04-30 16:00:00,3,19,0,0,0,17.8721224422436,1.127877557756399
2017-04-30 17:00:00,2,20,0,0,1,14.19975824222418,5.8002417577758205
2017-04-30 17:00:00,3,31,0,0,1,19.107224902633295,11.892775097366705
2017-04-30 17:00:00,4,6,0,0,1,6.09686090390638,0.09686090390638036
2017-04-30 17:00:00,1,45,0,0,1,44.012638034734046,0.9873619652659542
2017-04-30 18:00:00,1,53,0,0,1,48.49885232899429,4.501147671005711
2017-04-30 18:00:00,3,55,0,0,1,30.658171099067925,24.341828900932075
2017-04-30 18:00:00,2,17,0,0,1,18.99119474643444,1.9911947464344415
2017-04-30 18:00:00,4,7,0,0,1,6.55912509088877,0.44087490911122984
2017-04-30 19:00:00,3,40,0,0,1,62.533263487758454,22.533263487758454
2017-04-30 19:00:00,2,18,0,0,1,19.37752242254749,1.3775224225474894
2017-04-30 19:00:00,4,5,0,0,1,7.378175720829715,2.3781757208297147
2017-04-30 19:00:00,1,58,0,0,1,57.138109998629446,0.8618900013705542
2017-04-30 20:00:00,2,18,0,0,0,19.128527727377143,1.1285277273771435
2017-04-30 20:00:00,1,54,0,0,0,59.62631460516897,5.626314605168972
2017-04-30 20:00:00,3,41,0,0,0,40.9737689972681,0.02623100273189749
2017-04-30 20:00:00,4,4,0,0,0,7.229938790547035,3.2299387905470347
2017-04-30 21:00:00,1,56,0,0,0,52.57840110940286,3.4215988905971386
2017-04-30 21:00:00,2,22,0,0,0,17.594529795078383,4.405470204921617
2017-04-30 21:00:00,4,3,0,0,0,5.898185694335526,2.8981856943355258
2017-04-30 21:00:00,3,39,0,0,0,38.9395518158051,0.060448184194896726
2017-04-30 22:00:00,1,58,0,0,0,54.19921263067703,3.8007873693229683
2017-04-30 22:00:00,3,38,0,0,0,38.55435340383422,0.5543534038342202
2017-04-30 22:00:00,4,7,0,0,0,5.517876231500402,1.4821237684995978
2017-04-30 22:00:00,2,19,0,0,0,21.177294314317223,2.1772943143172228
2017-04-30 23:00:00,4,7,0,0,0,6.160577361863817,0.8394226381361829
2017-04-30 23:00:00,1,58,0,0,0,55.97471925737558,2.0252807426244175
2017-04-30 23:00:00,2,21,0,0,0,18.667336164014774,2.332663835985226
2017-04-30 23:00:00,3,42,0,0,0,37.97771996116344,4.022280038836563
2017-05-01 00:00:00,4,4,0,1,0,5.688908952490812,1.688908952490812
2017-05-01 00:00:00,2,23,0,1,0,19.412038823546403,3.5879611764535966
2017-05-01 00:00:00,3,43,0,1,0,40.38637348520397,2.6136265147960316
2017-05-01 00:00:00,1,51,0,1,0,51.23465428597373,0.2346542859737326
2017-05-01 01:00:00,4,5,0,1,0,4.908355488074898,0.09164451192510192
2017-05-01 01:00:00,2,24,0,1,0,19.020503296912207,4.9794967030877935
2017-05-01 01:00:00,3,23,0,1,0,31.10084376623431,8.10084376623431
2017-05-01 01:00:00,1,49,0,1,0,44.24150821007938,4.758491789920619
2017-05-01 02:00:00,4,5,0,1,0,4.506671639283055,0.4933283607169452
2017-05-01 02:00:00,3,12,0,1,0,15.369554824641337,3.3695548246413374
2017-05-01 02:00:00,1,39,0,1,0,44.477284122450904,5.477284122450904
2017-05-01 02:00:00,2,19,0,1,0,20.27876344647353,1.2787634464735298
2017-05-01 03:00:00,3,9,0,1,0,9.879304531704127,0.8793045317041273
2017-05-01 03:00:00,1,35,0,1,0,35.1147273144097,0.11472731440969852
2017-05-01 03:00:00,2,18,0,1,0,17.13209957750017,0.8679004224998295
2017-05-01 03:00:00,4,3,0,1,0,4.218878729814416,1.2188787298144161
2017-05-01 04:00:00,4,5,0,1,0,4.121834803720557,0.8781651962794426
2017-05-01 04:00:00,3,9,0,1,0,9.240617008272176,0.24061700827217614
2017-05-01 04:00:00,1,37,0,1,0,32.15276343591905,4.847236564080951
2017-05-01 04:00:00,2,17,0,1,0,16.1370871802135,0.8629128197865015
2017-05-01 05:00:00,4,3,0,1,0,4.218878729814416,1.2188787298144161
2017-05-01 05:00:00,1,33,0,1,0,33.58854393067204,0.5885439306720386
2017-05-01 05:00:00,3,9,0,1,0,7.532162069699421,1.467837930300579
2017-05-01 05:00:00,2,16,0,1,0,15.95524187720554,0.044758122794460675
2017-05-01 06:00:00,1,34,0,1,0,35.76770190891048,1.7677019089104817
2017-05-01 06:00:00,3,13,0,1,0,8.077728168808191,4.922271831191809
2017-05-01 06:00:00,2,18,0,1,0,16.75089376003116,1.2491062399688388
2017-05-01 06:00:00,4,1,0,1,0,4.332729915174961,3.332729915174961
2017-05-01 07:00:00,2,19,0,1,1,19.318383163116025,0.31838316311602455
2017-05-01 07:00:00,4,2,0,1,1,4.7406568278244885,2.7406568278244885
2017-05-01 07:00:00,3,13,0,1,1,12.598682797855616,0.4013172021443836
2017-05-01 07:00:00,1,42,0,1,1,38.515968966394546,3.4840310336054543
2017-05-01 08:00:00,4,6,0,1,1,5.240878274433029,0.7591217255669713
2017-05-01 08:00:00,1,45,0,1,1,46.39100280748179,1.3910028074817902
2017-05-01 08:00:00,3,13,0,1,1,14.161695859122394,1.1616958591223945
2017-05-01 08:00:00,2,17,0,1,1,20.458730347330786,3.4587303473307855
2017-05-01 09:00:00,3,12,0,1,1,16.652159783730585,4.6521597837305855
2017-05-01 09:00:00,1,48,0,1,1,50.639474980446664,2.639474980446664
2017-05-01 09:00:00,4,3,0,1,1,6.672907784997612,3.672907784997612
2017-05-01 09:00:00,2,22,0,1,1,20.693901517841276,1.306098482158724
2017-05-01 10:00:00,3,24,0,1,0,16.413412469367554,7.586587530632446
2017-05-01 10:00:00,1,60,0,1,0,57.95047777066435,2.0495222293356505
2017-05-01 10:00:00,2,22,0,1,0,23.804874482292103,1.804874482292103
2017-05-01 10:00:00,4,5,0,1,0,7.244664212762056,2.244664212762056
2017-05-01 11:00:00,2,21,0,1,0,23.7815237249576,2.7815237249576015
2017-05-01 11:00:00,4,7,0,1,0,7.5378704572244075,0.5378704572244075
2017-05-01 11:00:00,1,70,0,1,0,72.7340306857079,2.734030685707907
2017-05-01 11:00:00,3,23,0,1,0,24.967750816821184,1.9677508168211837
2017-05-01 12:00:00,2,23,0,1,0,20.909565149747593,2.0904348502524073
2017-05-01 12:00:00,1,65,0,1,0,75.0542202244278,10.054220224427795
2017-05-01 12:00:00,4,9,0,1,0,7.61907531436967,1.3809246856303297
2017-05-01 12:00:00,3,22,0,1,0,22.89078537866854,0.8907853786685394
2017-05-01 13:00:00,1,40,0,1,0,63.656536429970274,23.656536429970274
2017-05-01 13:00:00,3,25,0,1,0,21.38022064429388,3.6197793557061217
2017-05-01 13:00:00,2,23,0,1,0,22.247808448893295,0.752191551106705
2017-05-01 13:00:00,4,7,0,1,0,8.1168058348213,1.1168058348212995
2017-05-01 14:00:00,3,23,0,1,0,25.044524982007307,2.0445249820073066
2017-05-01 14:00:00,1,65,0,1,0,43.8197159881302,21.1802840118698
2017-05-01 14:00:00,2,21,0,1,0,23.36589260192956,2.365892601929559
2017-05-01 14:00:00,4,7,0,1,0,8.818596253964737,1.8185962539647367
2017-05-01 15:00:00,1,61,0,1,0,69.36776895662369,8.367768956623692
2017-05-01 15:00:00,4,10,0,1,0,8.513359847359533,1.486640152640467
2017-05-01 15:00:00,3,23,0,1,0,23.180160183522496,0.18016018352249574
2017-05-01 15:00:00,2,21,0,1,0,20.85999321381536,0.1400067861846388
2017-05-01 16:00:00,1,35,0,1,0,62.82918844373311,27.82918844373311
2017-05-01 16:00:00,3,16,0,1,0,22.544166735030775,6.544166735030775
2017-05-01 16:00:00,2,20,0,1,0,20.120356565057318,0.12035656505731751
2017-05-01 16:00:00,4,4,0,1,0,9.287544560191819,5.287544560191819
2017-05-01 17:00:00,2,22,0,1,1,19.63169052745583,2.368309472544169
2017-05-01 17:00:00,4,2,0,1,1,7.32846845544064,5.32846845544064
2017-05-01 17:00:00,3,20,0,1,1,18.03099011531044,1.9690098846895587
2017-05-01 17:00:00,1,70,0,1,1,37.36044408699725,32.63955591300275
2017-05-01 18:00:00,4,5,0,1,1,6.057076963912174,1.0570769639121744
2017-05-01 18:00:00,2,23,0,1,1,21.472089111024605,1.527910888975395
2017-05-01 18:00:00,3,18,0,1,1,19.620049459621153,1.6200494596211534
2017-05-01 18:00:00,1,74,0,1,1,67.297510184089,6.702489815910994
2017-05-01 19:00:00,4,7,0,1,1,5.556097683690961,1.443902316309039
2017-05-01 19:00:00,2,28,0,1,1,23.35438046380602,4.64561953619398
2017-05-01 19:00:00,3,21,0,1,1,18.909581532425346,2.090418467574654
2017-05-01 19:00:00,1,83,0,1,1,82.55294598487193,0.4470540151280744
2017-05-01 20:00:00,2,28,0,1,0,26.727932543472143,1.2720674565278571
2017-05-01 20:00:00,4,10,0,1,0,6.542425128069552,3.457574871930448
2017-05-01 20:00:00,1,84,0,1,0,83.3635686826199,0.6364313173801008
2017-05-01 20:00:00,3,22,0,1,0,20.61851193100867,1.381488068991331
2017-05-01 21:00:00,2,31,0,1,0,26.622608989875555,4.377391010124445
2017-05-01 21:00:00,4,9,0,1,0,8.779630286023728,0.2203697139762717
2017-05-01 21:00:00,1,78,0,1,0,85.15223558539822,7.152235585398216
2017-05-01 21:00:00,3,20,0,1,0,21.168562824120098,1.168562824120098
2017-05-01 22:00:00,2,30,0,1,0,30.0378604846686,0.037860484668598815
2017-05-01 22:00:00,1,76,0,1,0,77.63119924299082,1.6311992429908173
2017-05-01 22:00:00,4,7,0,1,0,8.595427074255571,1.5954270742555714
2017-05-01 22:00:00,3,17,0,1,0,19.41898991418856,2.418989914188561
2017-05-01 23:00:00,4,6,0,1,0,8.120991326739308,2.1209913267393077
2017-05-01 23:00:00,3,15,0,1,0,17.351849054846546,2.3518490548465465
2017-05-01 23:00:00,1,73,0,1,0,71.80078762138015,1.1992123786198476
2017-05-01 23:00:00,2,31,0,1,0,27.64729178001112,3.3527082199888802
2017-05-02 00:00:00,3,15,0,1,0,13.268889309671298,1.731110690328702
2017-05-02 00:00:00,4,7,0,1,0,6.1685377015104494,0.8314622984895506
2017-05-02 00:00:00,2,27,0,1,0,27.803062993671432,0.803062993671432
2017-05-02 00:00:00,1,72,0,1,0,65.77802265715968,6.221977342840319
2017-05-02 01:00:00,4,4,0,1,0,5.226194521497795,1.2261945214977947
2017-05-02 01:00:00,1,59,0,1,0,62.14056624812355,3.140566248123548
2017-05-02 01:00:00,3,11,0,1,0,11.665109567273385,0.6651095672733849
2017-05-02 01:00:00,2,28,0,1,0,23.479501691470865,4.520498308529135
2017-05-02 02:00:00,2,24,0,1,0,23.639576885269115,0.3604231147308852
2017-05-02 02:00:00,4,6,0,1,0,4.6868205637289275,1.3131794362710725
2017-05-02 02:00:00,1,51,0,1,0,53.40685957731085,2.406859577310847
2017-05-02 02:00:00,3,7,0,1,0,9.694408038851508,2.694408038851508
2017-05-02 03:00:00,1,45,0,1,0,46.80277970082467,1.8027797008246722
2017-05-02 03:00:00,3,10,0,1,0,7.511410597035604,2.4885894029643962
2017-05-02 03:00:00,2,22,0,1,0,20.710885267950506,1.2891147320494944
2017-05-02 03:00:00,4,2,0,1,0,4.7589161844957735,2.7589161844957735
2017-05-02 04:00:00,3,5,0,1,0,7.4757323722971565,2.4757323722971565
2017-05-02 04:00:00,1,36,0,1,0,39.82154022064657,3.8215402206465683
2017-05-02 04:00:00,4,5,0,1,0,4.036076035159995,0.9639239648400046
2017-05-02 04:00:00,2,17,0,1,0,18.49353908811618,1.4935390881161794
2017-05-02 05:00:00,4,5,0,1,0,4.218878729814416,0.7811212701855839
2017-05-02 05:00:00,1,37,0,1,0,33.21898815771826,3.7810118422817425
2017-05-02 05:00:00,2,17,0,1,0,16.54302716793164,0.4569728320683595
2017-05-02 05:00:00,3,9,0,1,0,6.279538061017992,2.720461938982008
2017-05-02 06:00:00,1,46,0,1,0,39.450523510682594,6.5494764893174064
2017-05-02 06:00:00,2,17,0,1,0,17.603070959285372,0.6030709592853718
2017-05-02 06:00:00,4,5,0,1,0,4.59733927698602,0.40266072301398026
2017-05-02 06:00:00,3,8,0,1,0,7.573853523777344,0.4261464762226561
2017-05-02 07:00:00,4,4,0,1,1,5.480495898644112,1.4804958986441124
2017-05-02 07:00:00,2,21,0,1,1,19.152654632560484,1.847345367439516
2017-05-02 07:00:00,3,9,0,1,1,8.365579724871106,0.6344202751288943
2017-05-02 07:00:00,1,48,0,1,1,49.28761297563459,1.2876129756345875
2017-05-02 08:00:00,4,6,0,1,1,5.868522832526006,0.13147716747399407
2017-05-02 08:00:00,2,19,0,1,1,21.243638360785123,2.2436383607851234
2017-05-02 08:00:00,3,11,0,1,1,10.17064564550502,0.8293543544949795
2017-05-02 08:00:00,1,53,0,1,1,53.10984513166547,0.10984513166547316
2017-05-02 09:00:00,2,20,0,1,1,21.57945092221444,1.5794509222144413
2017-05-02 09:00:00,3,15,0,1,1,12.419573305711632,2.5804266942883682
2017-05-02 09:00:00,1,60,0,1,1,61.29786642933239,1.2978664293323874
2017-05-02 09:00:00,4,9,0,1,1,7.1261107849643155,1.8738892150356845
2017-05-02 10:00:00,3,16,0,1,0,17.173715131839465,1.1737151318394652
2017-05-02 10:00:00,4,7,0,1,0,9.480470851628477,2.4804708516284766
2017-05-02 10:00:00,1,81,0,1,0,72.3680111619077,8.631988838092298
2017-05-02 10:00:00,2,22,0,1,0,23.118047185023492,1.1180471850234923
2017-05-02 11:00:00,4,11,0,1,0,9.753312135597557,1.2466878644024426
2017-05-02 11:00:00,3,28,0,1,0,17.831861775155247,10.168138224844753
2017-05-02 11:00:00,1,87,0,1,0,84.26179690557524,2.7382030944247617
2017-05-02 11:00:00,2,31,0,1,0,23.725890670885697,7.274109329114303
2017-05-02 12:00:00,4,14,0,1,0,11.167228017223652,2.8327719827763485
2017-05-02 12:00:00,1,91,0,1,0,86.24951168185537,4.750488318144633
2017-05-02 12:00:00,3,26,0,1,0,26.268498266370425,0.2684982663704254
2017-05-02 12:00:00,2,30,0,1,0,29.402895981112977,0.5971040188870234
2017-05-02 13:00:00,1,92,0,1,0,81.91040852082283,10.089591479177173
2017-05-02 13:00:00,4,10,0,1,0,11.248806554597458,1.2488065545974578
2017-05-02 13:00:00,3,26,0,1,0,23.916415790385937,2.083584209614063
2017-05-02 13:00:00,2,29,0,1,0,27.76754369534883,1.2324563046511692
2017-05-02 14:00:00,3,33,0,1,0,26.289587672145267,6.710412327854733
2017-05-02 14:00:00,4,17,0,1,0,11.226364463603693,5.773635536396307
2017-05-02 14:00:00,2,32,0,1,0,28.730862680813726,3.2691373191862745
2017-05-02 14:00:00,1,94,0,1,0,95.82291854026344,1.8229185402634442
2017-05-02 15:00:00,4,13,0,1,0,13.950363656807797,0.9503636568077969
2017-05-02 15:00:00,1,98,0,1,0,89.05614946985932,8.94385053014068
2017-05-02 15:00:00,3,29,0,1,0,32.30224036120067,3.302240361200667
2017-05-02 15:00:00,2,31,0,1,0,31.957722322620636,0.9577223226206364
2017-05-02 16:00:00,1,84,0,1,0,91.5298653650331,7.529865365033103
2017-05-02 16:00:00,2,30,0,1,0,29.578703345774507,0.42129665422549323
2017-05-02 16:00:00,3,24,0,1,0,27.257817795638168,3.257817795638168
2017-05-02 16:00:00,4,29,0,1,0,13.352582899885508,15.647417100114492
2017-05-02 17:00:00,4,27,0,1,1,23.938385365540903,3.0616146344590973
2017-05-02 17:00:00,1,89,0,1,1,84.27119607182848,4.728803928171516
2017-05-02 17:00:00,2,30,0,1,1,29.797347402606423,0.20265259739357688
2017-05-02 17:00:00,3,23,0,1,1,24.560877394609907,1.560877394609907
2017-05-02 18:00:00,2,33,0,1,1,29.898575511764456,3.101424488235544
2017-05-02 18:00:00,4,11,0,1,1,24.144147680086068,13.144147680086068
2017-05-02 18:00:00,1,90,0,1,1,90.45800826618718,0.4580082661871785
2017-05-02 18:00:00,3,20,0,1,1,23.107404513795526,3.107404513795526
2017-05-02 19:00:00,3,18,0,1,1,20.874786514264635,2.8747865142646347
2017-05-02 19:00:00,2,32,0,1,1,33.97390281526229,1.9739028152622922
2017-05-02 19:00:00,4,10,0,1,1,15.169577461892743,5.169577461892743
2017-05-02 19:00:00,1,102,0,1,1,93.87305730680792,8.126942693192078
2017-05-02 20:00:00,2,35,0,1,0,32.521793309326775,2.4782066906732254
2017-05-02 20:00:00,3,23,0,1,0,18.754373695602837,4.245626304397163
2017-05-02 20:00:00,4,12,0,1,0,22.3332152421067,10.3332152421067
2017-05-02 20:00:00,1,95,0,1,0,95.18331525566367,0.1833152556636719
2017-05-02 21:00:00,2,33,0,1,0,34.64019966694679,1.640199666946792
2017-05-02 21:00:00,4,9,0,1,0,10.628558506349695,1.6285585063496946
2017-05-02 21:00:00,1,88,0,1,0,90.53376795489396,2.5337679548939605
2017-05-02 21:00:00,3,18,0,1,0,22.305970702523766,4.305970702523766
2017-05-02 22:00:00,3,21,0,1,0,17.859394419182806,3.140605580817194
2017-05-02 22:00:00,1,86,0,1,0,84.01015116411962,1.9898488358803803
2017-05-02 22:00:00,2,30,0,1,0,33.216845262290754,3.2168452622907537
2017-05-02 22:00:00,4,9,0,1,0,9.636482467788426,0.6364824677884258
2017-05-02 23:00:00,3,17,0,1,0,19.38553133465698,2.3855313346569815
2017-05-02 23:00:00,4,6,0,1,0,8.947544226413036,2.9475442264130365
2017-05-02 23:00:00,1,80,0,1,0,79.27398520168896,0.7260147983110414
2017-05-02 23:00:00,2,31,0,1,0,28.440097665136147,2.559902334863853
2017-05-03 00:00:00,2,31,0,1,0,27.803062993671432,3.196937006328568
2017-05-03 00:00:00,4,10,0,1,0,6.923785864723409,3.076214135276591
2017-05-03 00:00:00,3,11,0,1,0,14.72645837402247,3.726458374022471
2017-05-03 00:00:00,1,73,0,1,0,72.31816619113268,0.6818338088673244
2017-05-03 01:00:00,4,7,0,1,0,6.539540983656861,0.46045901634313857
2017-05-03 01:00:00,3,11,0,1,0,9.753847978776218,1.2461520212237822
2017-05-03 01:00:00,2,28,0,1,0,25.76462751599437,2.23537248400563
2017-05-03 01:00:00,1,68,0,1,0,62.92855582834775,5.071444171652253
2017-05-03 02:00:00,2,19,0,1,0,23.639576885269115,4.639576885269115
2017-05-03 02:00:00,3,11,0,1,0,9.196158525179655,1.803841474820345
2017-05-03 02:00:00,1,52,0,1,0,58.64823414109204,6.64823414109204
2017-05-03 02:00:00,4,7,0,1,0,5.69048574479964,1.3095142552003596
2017-05-03 03:00:00,1,44,0,1,0,47.97617120527287,3.9761712052728697
2017-05-03 03:00:00,2,20,0,1,0,17.634278017341604,2.365721982658396
2017-05-03 03:00:00,4,5,0,1,0,5.876671618851427,0.876671618851427
2017-05-03 03:00:00,3,10,0,1,0,8.745682720351775,1.254317279648225
2017-05-03 04:00:00,1,38,0,1,0,39.599634789058335,1.5996347890583351
2017-05-03 04:00:00,2,21,0,1,0,17.4074143001421,3.5925856998578993
2017-05-03 04:00:00,3,5,0,1,0,8.312661254872888,3.3126612548728875
2017-05-03 04:00:00,4,2,0,1,0,4.970181040577025,2.9701810405770246
2017-05-03 05:00:00,2,17,0,1,0,18.343443593076476,1.3434435930764757
2017-05-03 05:00:00,3,9,0,1,0,6.82435148924513,2.17564851075487
2017-05-03 05:00:00,1,40,0,1,0,35.38962946037246,4.610370539627539
2017-05-03 05:00:00,4,4,0,1,0,4.121834803720557,0.12183480372055744
2017-05-03 06:00:00,3,6,0,1,0,7.573853523777344,1.5738535237773439
2017-05-03 06:00:00,1,47,0,1,0,41.95772728580416,5.042272714195839
2017-05-03 06:00:00,2,21,0,1,0,17.915513112224648,3.084486887775352
2017-05-03 06:00:00,4,4,0,1,0,4.332729915174961,0.3327299151749612
2017-05-03 07:00:00,4,2,0,1,1,4.84462593697017,2.8446259369701696
2017-05-03 07:00:00,3,11,0,1,1,7.5536002083648555,3.4463997916351445
2017-05-03 07:00:00,2,20,0,1,1,21.46509234633418,1.4650923463341812
2017-05-03 07:00:00,1,51,0,1,1,49.68652436509944,1.3134756349005627
2017-05-03 08:00:00,4,7,0,1,1,5.34484738357871,1.6551526164212902
2017-05-03 08:00:00,3,11,0,1,1,10.986623598784,0.013376401216000033
2017-05-03 08:00:00,2,23,0,1,1,21.2505554525971,1.7494445474028986
2017-05-03 08:00:00,1,55,0,1,1,55.12479917403569,0.12479917403568663
2017-05-03 09:00:00,1,65,0,1,1,64.94329805565737,0.05670194434263465
2017-05-03 09:00:00,3,11,0,1,1,12.91763304294517,1.9176330429451696
2017-05-03 09:00:00,4,6,0,1,1,7.654314601048591,1.6543146010485907
2017-05-03 09:00:00,2,20,0,1,1,25.333428630152948,5.333428630152948
2017-05-03 10:00:00,4,7,0,1,0,7.9598646332251795,0.9598646332251795
2017-05-03 10:00:00,2,20,0,1,0,23.468025067084966,3.468025067084966
2017-05-03 10:00:00,1,79,0,1,0,76.64922957704644,2.350770422953559
2017-05-03 10:00:00,3,19,0,1,0,14.523867791431483,4.476132208568517
2017-05-03 11:00:00,4,11,0,1,0,9.25084674597416,1.74915325402584
2017-05-03 11:00:00,2,27,0,1,0,22.31352731412953,4.68647268587047
2017-05-03 11:00:00,3,21,0,1,0,19.048878410643024,1.9511215893569762
2017-05-03 11:00:00,1,87,0,1,0,84.23289607599088,2.7671039240091204
2017-05-03 12:00:00,4,11,0,1,0,10.977447702809402,0.02255229719059848
2017-05-03 12:00:00,1,95,0,1,0,87.33120398806439,7.668796011935612
2017-05-03 12:00:00,2,32,0,1,0,26.40373727652639,5.596262723473611
2017-05-03 12:00:00,3,21,0,1,0,20.372598156932813,0.6274018430671866
2017-05-03 13:00:00,4,8,0,1,0,10.019322595678348,2.0193225956783483
2017-05-03 13:00:00,2,31,0,1,0,29.874144618372483,1.1258553816275167
2017-05-03 13:00:00,1,82,0,1,0,83.78304384265745,1.7830438426574489
2017-05-03 13:00:00,3,20,0,1,0,19.9154459029071,0.08455409709290151
2017-05-03 14:00:00,2,33,0,1,0,30.611234098954515,2.3887659010454847
2017-05-03 14:00:00,1,93,0,1,0,89.99818475868683,3.0018152413131673
2017-05-03 14:00:00,4,9,0,1,0,9.832503086606703,0.8325030866067031
2017-05-03 14:00:00,3,27,0,1,0,20.359106443861123,6.640893556138877
2017-05-03 15:00:00,4,9,0,1,0,9.213842633150527,0.2138426331505272
2017-05-03 15:00:00,2,30,0,1,0,32.965843704832885,2.965843704832885
2017-05-03 15:00:00,1,91,0,1,0,89.6100102546826,1.3899897453173935
2017-05-03 15:00:00,3,22,0,1,0,26.32141828875855,4.321418288758551
2017-05-03 16:00:00,3,20,0,1,0,21.425736839880287,1.4257368398802868
2017-05-03 16:00:00,2,30,0,1,0,28.83831254613106,1.1616874538689395
2017-05-03 16:00:00,4,9,0,1,0,8.591402733890147,0.4085972661098527
2017-05-03 16:00:00,1,84,0,1,0,87.11368072077926,3.113680720779257
2017-05-03 17:00:00,3,22,0,1,1,19.854765130479464,2.145234869520536
2017-05-03 17:00:00,1,86,0,1,1,84.27119607182848,1.7288039281715157
2017-05-03 17:00:00,2,37,0,1,1,29.797347402606423,7.202652597393577
2017-05-03 17:00:00,4,13,0,1,1,8.807399966900155,4.192600033099845
2017-05-03 18:00:00,3,21,0,1,1,21.56428604500366,0.5642860450036586
2017-05-03 18:00:00,4,9,0,1,1,10.734723114011103,1.7347231140111035
2017-05-03 18:00:00,2,36,0,1,1,37.079653336038255,1.0796533360382554
2017-05-03 18:00:00,1,88,0,1,1,87.50767971612316,0.49232028387683613
2017-05-03 19:00:00,3,21,0,1,1,20.832107884358958,0.16789211564104178
2017-05-03 19:00:00,4,8,0,1,1,9.904824995569482,1.9048249955694825
2017-05-03 19:00:00,1,92,0,1,1,88.9334220271288,3.066577972871201
2017-05-03 19:00:00,2,36,0,1,1,37.50357278224449,1.5035727822444898
2017-05-03 20:00:00,4,11,0,1,0,9.15054277312085,1.8494572268791494
2017-05-03 20:00:00,1,91,0,1,0,90.05038788735612,0.9496121126438766
2017-05-03 20:00:00,3,21,0,1,0,20.774948432177368,0.22505156782263214
2017-05-03 20:00:00,2,33,0,1,0,36.66649588780935,3.666495887809347
2017-05-03 21:00:00,4,8,0,1,0,9.551877497933035,1.5518774979330345
2017-05-03 21:00:00,3,19,0,1,0,19.9801326935837,0.9801326935836983
2017-05-03 21:00:00,1,86,0,1,0,88.62222134128292,2.6222213412829234
2017-05-03 21:00:00,2,35,0,1,0,33.35670482770994,1.6432951722900597
2017-05-03 22:00:00,4,9,0,1,0,8.724351662563866,0.2756483374361345
2017-05-03 22:00:00,3,17,0,1,0,18.440039015433506,1.4400390154335057
2017-05-03 22:00:00,2,37,0,1,0,34.442974440962864,2.557025559037136
2017-05-03 22:00:00,1,86,0,1,0,83.7243114113854,2.2756885886145994
2017-05-03 23:00:00,3,17,0,1,0,17.207787387455166,0.20778738745516634
2017-05-03 23:00:00,2,34,0,1,0,34.45751879357842,0.45751879357842284
2017-05-03 23:00:00,1,74,0,1,0,78.08451687934067,4.0845168793406685
2017-05-03 23:00:00,4,9,0,1,0,8.549334695852039,0.4506653041479609
2017-05-04 00:00:00,2,30,0,1,0,31.117036656330157,1.117036656330157
2017-05-04 00:00:00,4,4,0,1,0,7.066789818585151,3.0667898185851508
2017-05-04 00:00:00,1,70,0,1,0,66.66185987649327,3.338140123506733
2017-05-04 00:00:00,3,16,0,1,0,14.337474390156931,1.662525609843069
2017-05-04 01:00:00,4,3,0,1,0,5.3656099958429,2.3656099958428998
2017-05-04 01:00:00,2,28,0,1,0,25.358031242241417,2.6419687577585833
2017-05-04 01:00:00,1,62,0,1,0,60.92847629156846,1.0715237084315419
2017-05-04 01:00:00,3,12,0,1,0,12.570634743008345,0.5706347430083447
2017-05-04 02:00:00,1,54,0,1,0,55.40806499971517,1.4080649997151724
2017-05-04 02:00:00,3,8,0,1,0,10.21987718205043,2.21987718205043
2017-05-04 02:00:00,2,27,0,1,0,23.60435271242121,3.3956472875787895
2017-05-04 02:00:00,4,4,0,1,0,4.351223123633905,0.35122312363390495
2017-05-04 03:00:00,1,46,0,1,0,48.388136458438,2.388136458437998
2017-05-04 03:00:00,2,19,0,1,0,23.4409035925026,4.4409035925026
2017-05-04 03:00:00,4,5,0,1,0,3.8405954596839305,1.1594045403160695
2017-05-04 03:00:00,3,9,0,1,0,7.976430567811407,1.0235694321885926
2017-05-04 04:00:00,3,6,0,1,0,7.301524991565702,1.3015249915657021
2017-05-04 04:00:00,1,37,0,1,0,41.51452278206744,4.514522782067438
2017-05-04 04:00:00,2,17,0,1,0,17.47637569468561,0.47637569468561125
2017-05-04 04:00:00,4,1,0,1,0,4.105204821494987,3.105204821494987
2017-05-04 05:00:00,3,7,0,1,0,6.376868018377053,0.6231319816229473
2017-05-04 05:00:00,1,32,0,1,0,34.278765879392516,2.278765879392516
2017-05-04 05:00:00,2,19,0,1,0,16.4637936522973,2.5362063477026986
2017-05-04 05:00:00,4,1,0,1,0,3.6466581813798276,2.6466581813798276
2017-05-04 06:00:00,1,42,0,1,0,35.083811808181466,6.916188191818534
2017-05-04 06:00:00,4,4,0,1,0,4.034823527725177,0.03482352772517672
2017-05-04 06:00:00,2,19,0,1,0,18.100678172268537,0.8993218277314625
2017-05-04 06:00:00,3,11,0,1,0,6.811945276535464,4.188054723464536
2017-05-04 07:00:00,4,6,0,1,1,4.7406568278244885,1.2593431721755115
2017-05-04 07:00:00,3,7,0,1,1,10.020911800013163,3.020911800013163
2017-05-04 07:00:00,2,18,0,1,1,20.392333738289643,2.3923337382896435
2017-05-04 07:00:00,1,46,0,1,1,45.67912688612729,0.32087311387270745
2017-05-04 08:00:00,2,23,0,1,1,20.07087174322954,2.9291282567704613
2017-05-04 08:00:00,4,5,0,1,1,5.830135626664943,0.8301356266649433
2017-05-04 08:00:00,1,49,0,1,1,51.167225641774166,2.1672256417741664
2017-05-04 08:00:00,3,16,0,1,1,10.096808379532856,5.903191620467144
2017-05-04 09:00:00,2,21,0,1,1,25.0873169312116,4.0873169312116
2017-05-04 09:00:00,4,9,0,1,1,7.141146874310385,1.858853125689615
2017-05-04 09:00:00,3,12,0,1,1,16.474356948230362,4.474356948230362
2017-05-04 09:00:00,1,58,0,1,1,58.639019284849795,0.6390192848497946
2017-05-04 10:00:00,3,22,0,1,0,16.817444650769502,5.182555349230498
2017-05-04 10:00:00,2,22,0,1,0,23.79330426538712,1.7933042653871212
2017-05-04 10:00:00,1,93,0,1,0,72.20012559695382,20.799874403046175
2017-05-04 10:00:00,4,10,0,1,0,9.642636988224124,0.3573630117758757
2017-05-04 11:00:00,3,23,0,1,0,22.43871211733552,0.5612878826644803
2017-05-04 11:00:00,1,103,0,1,0,90.78851956002885,12.211480439971155
2017-05-04 11:00:00,2,25,0,1,0,24.020601248552985,0.9793987514470146
2017-05-04 11:00:00,4,10,0,1,0,11.229648475232583,1.2296484752325831
2017-05-04 12:00:00,4,11,0,1,0,11.129530622767192,0.12953062276719152
2017-05-04 12:00:00,3,20,0,1,0,22.825870174605516,2.825870174605516
2017-05-04 12:00:00,2,28,0,1,0,24.614861651666498,3.385138348333502
2017-05-04 12:00:00,1,101,0,1,0,93.1522781123992,7.847721887600798
2017-05-04 13:00:00,3,18,0,1,0,19.49922834817452,1.499228348174519
2017-05-04 13:00:00,1,85,0,1,0,91.63195839044788,6.631958390447878
2017-05-04 13:00:00,4,9,0,1,0,10.03518190257436,1.0351819025743598
2017-05-04 13:00:00,2,29,0,1,0,26.0319956282123,2.9680043717877
2017-05-04 14:00:00,4,9,0,1,0,9.982739648954016,0.9827396489540163
2017-05-04 14:00:00,2,32,0,1,0,28.33092490799763,3.6690750920023696
2017-05-04 14:00:00,3,29,0,1,0,19.046342356168363,9.953657643831637
2017-05-04 14:00:00,1,98,0,1,0,93.05097296796433,4.949027032035673
2017-05-04 15:00:00,4,13,0,1,0,9.427009773961814,3.5729902260381863
2017-05-04 15:00:00,1,95,0,1,0,92.97747180846821,2.0225281915317908
2017-05-04 15:00:00,2,37,0,1,0,31.957722322620636,5.042277677379364
2017-05-04 15:00:00,3,26,0,1,0,27.12904692673171,1.1290469267317107
2017-05-04 16:00:00,2,32,0,1,0,35.68201930515827,3.6820193051582706
2017-05-04 16:00:00,4,5,0,1,0,10.795946449707813,5.795946449707813
2017-05-04 16:00:00,3,26,0,1,0,24.562095267142517,1.4379047328574828
2017-05-04 16:00:00,1,94,0,1,0,89.42951888970488,4.57048111029512
2017-05-04 17:00:00,3,27,0,1,1,25.754797112844322,1.2452028871556777
2017-05-04 17:00:00,2,33,0,1,1,33.08496421625757,0.08496421625756767
2017-05-04 17:00:00,4,9,0,1,1,8.414944459580964,0.5850555404190363
2017-05-04 17:00:00,1,89,0,1,1,89.16351307948376,0.1635130794837636
2017-05-04 18:00:00,3,24,0,1,1,27.146702602039902,3.146702602039902
2017-05-04 18:00:00,2,37,0,1,1,33.57304374152806,3.4269562584719395
2017-05-04 18:00:00,4,6,0,1,1,8.964700841523994,2.964700841523994
2017-05-04 18:00:00,1,91,0,1,1,90.26794789577812,0.7320521042218786
2017-05-04 19:00:00,1,92,0,1,1,94.19745562010435,2.19745562010435
2017-05-04 19:00:00,2,40,0,1,1,37.765389322122935,2.2346106778770647
2017-05-04 19:00:00,4,7,0,1,1,7.138419264922703,0.13841926492270318
2017-05-04 19:00:00,3,23,0,1,1,25.471452055921258,2.471452055921258
2017-05-04 20:00:00,1,88,0,1,0,89.97201148481145,1.9720114848114463
2017-05-04 20:00:00,2,36,0,1,0,41.05474625120993,5.054746251209927
2017-05-04 20:00:00,3,15,0,1,0,23.41801452595454,8.41801452595454
2017-05-04 20:00:00,4,10,0,1,0,7.9622366654826315,2.0377633345173685
2017-05-04 21:00:00,3,20,0,1,0,17.282396264040937,2.717603735959063
2017-05-04 21:00:00,1,82,0,1,0,85.54667881705421,3.5466788170542145
2017-05-04 21:00:00,4,6,0,1,0,8.794744078780617,2.7947440787806173
2017-05-04 21:00:00,2,34,0,1,0,35.47251293066394,1.4725129306639388
2017-05-04 22:00:00,4,8,0,1,0,7.6421994173402075,0.35780058265979253
2017-05-04 22:00:00,1,80,0,1,0,80.45311560965014,0.4531156096501405
2017-05-04 22:00:00,2,33,0,1,0,33.94477725998815,0.9447772599881503
2017-05-04 22:00:00,3,17,0,1,0,18.60359314241033,1.603593142410329
2017-05-04 23:00:00,2,32,0,1,0,31.724345851044188,0.2756541489558124
2017-05-04 23:00:00,1,80,0,1,0,73.67532885270917,6.324671147290829
2017-05-04 23:00:00,4,5,0,1,0,8.281326214991118,3.281326214991118
2017-05-04 23:00:00,3,14,0,1,0,16.661225560179968,2.661225560179968
2017-05-05 00:00:00,3,11,0,1,0,12.624608434671568,1.6246084346715683
2017-05-05 00:00:00,4,6,0,1,0,5.84446710766281,0.15553289233718992
2017-05-05 00:00:00,1,74,0,1,0,71.16767384572393,2.8323261542760747
2017-05-05 00:00:00,2,30,0,1,0,29.726179522066193,0.2738204779338069
2017-05-05 01:00:00,3,14,0,1,0,9.67761253867792,4.32238746132208
2017-05-05 01:00:00,1,61,0,1,0,62.47218411758219,1.472184117582188
2017-05-05 01:00:00,4,6,0,1,0,4.938075396140793,1.0619246038592074
2017-05-05 01:00:00,2,26,0,1,0,25.28252268945448,0.7174773105455188
2017-05-05 02:00:00,3,8,0,1,0,10.369540694470247,2.3695406944702473
2017-05-05 02:00:00,2,26,0,1,0,22.01307316865494,3.986926831345059
2017-05-05 02:00:00,4,7,0,1,0,4.744455611553689,2.255544388446311
2017-05-05 02:00:00,1,54,0,1,0,53.96168866570285,0.03831133429714839
2017-05-05 03:00:00,3,5,0,1,0,7.743164177867029,2.743164177867029
2017-05-05 03:00:00,4,6,0,1,0,4.99876510882367,1.0012348911763302
2017-05-05 03:00:00,1,43,0,1,0,48.11341914132326,5.113419141323263
2017-05-05 03:00:00,2,19,0,1,0,21.995205241385044,2.995205241385044
2017-05-05 04:00:00,4,2,0,1,0,4.930772162307927,2.9307721623079273
2017-05-05 04:00:00,1,37,0,1,0,38.276006032054575,1.2760060320545747
2017-05-05 04:00:00,3,7,0,1,0,6.764000828393373,0.2359991716066272
2017-05-05 04:00:00,2,18,0,1,0,17.4576231027211,0.5423768972788992
2017-05-05 05:00:00,2,14,0,1,0,16.901115439362624,2.9011154393626235
2017-05-05 05:00:00,1,34,0,1,0,33.89358686597609,0.10641313402391006
2017-05-05 05:00:00,4,1,0,1,0,4.202635065674434,3.202635065674434
2017-05-05 05:00:00,3,4,0,1,0,5.788690953490454,1.7886909534904536
2017-05-05 06:00:00,1,45,0,1,0,36.25286575099565,8.747134249004347
2017-05-05 06:00:00,3,5,0,1,0,5.6712784459039645,0.6712784459039645
2017-05-05 06:00:00,2,16,0,1,0,15.626326511703605,0.37367348829639546
2017-05-05 06:00:00,4,4,0,1,0,4.0240592366808325,0.02405923668083254
2017-05-05 07:00:00,4,6,0,1,1,4.698281115123537,1.301718884876463
2017-05-05 07:00:00,1,52,0,1,1,47.59364877541706,4.4063512245829415
2017-05-05 07:00:00,2,18,0,1,1,17.383643071932102,0.6163569280678978
2017-05-05 07:00:00,3,9,0,1,1,6.4438694625321915,2.5561305374678085
2017-05-05 08:00:00,3,10,0,1,1,8.62179185264159,1.3782081473584107
2017-05-05 08:00:00,4,4,0,1,1,5.787759913963992,1.787759913963992
2017-05-05 08:00:00,1,54,0,1,1,55.31712047461122,1.3171204746112224
2017-05-05 08:00:00,2,14,0,1,1,18.96134218126749,4.96134218126749
2017-05-05 09:00:00,2,21,0,1,1,18.273348205045238,2.726651794954762
2017-05-05 09:00:00,3,12,0,1,1,11.637207791862325,0.3627922081376749
2017-05-05 09:00:00,4,8,0,1,1,6.8751408615598955,1.1248591384401045
2017-05-05 09:00:00,1,62,0,1,1,62.59983242862435,0.599832428624353
2017-05-05 10:00:00,3,18,0,1,0,14.474165007644173,3.5258349923558274
2017-05-05 10:00:00,4,10,0,1,0,9.172911518603904,0.8270884813960961
2017-05-05 10:00:00,1,74,0,1,0,70.99379516918111,3.006204830818888
2017-05-05 10:00:00,2,21,0,1,0,21.926210982993513,0.9262109829935135
2017-05-05 11:00:00,1,87,0,1,0,78.76913046833525,8.230869531664752
2017-05-05 11:00:00,3,19,0,1,0,18.338673081296704,0.6613269187032955
2017-05-05 11:00:00,4,9,0,1,0,10.518930922112636,1.5189309221126361
2017-05-05 11:00:00,2,21,0,1,0,22.508170887558833,1.5081708875588333
2017-05-05 12:00:00,1,89,0,1,0,83.30074516179513,5.699254838204865
2017-05-05 12:00:00,3,22,0,1,0,18.783836329658865,3.2161636703411354
2017-05-05 12:00:00,4,10,0,1,0,10.268113846935178,0.2681138469351776
2017-05-05 12:00:00,2,25,0,1,0,20.81393030805237,4.18606969194763
2017-05-05 13:00:00,4,8,0,1,0,9.316554365242688,1.3165543652426877
2017-05-05 13:00:00,2,26,0,1,0,23.833220962588847,2.1667790374111533
2017-05-05 13:00:00,3,19,0,1,0,20.871467640056217,1.871467640056217
2017-05-05 13:00:00,1,83,0,1,0,78.47239177164899,4.5276082283510135
2017-05-05 14:00:00,3,23,0,1,0,19.559273189091105,3.4407268109088953
2017-05-05 14:00:00,2,32,0,1,0,25.532196779714035,6.467803220285965
2017-05-05 14:00:00,4,10,0,1,0,9.272852516551433,0.727147483448567
2017-05-05 14:00:00,1,90,0,1,0,86.64381040657712,3.356189593422883
2017-05-05 15:00:00,2,31,0,1,0,31.537171318076137,0.5371713180761368
2017-05-05 15:00:00,4,7,0,1,0,9.567868428352421,2.567868428352421
2017-05-05 15:00:00,3,24,0,1,0,22.86456555596639,1.13543444403361
2017-05-05 15:00:00,1,81,0,1,0,85.3431525696136,4.3431525696135935
2017-05-05 16:00:00,2,32,0,1,0,29.352356812013085,2.6476431879869153
2017-05-05 16:00:00,4,7,0,1,0,8.452551526940269,1.452551526940269
2017-05-05 16:00:00,3,19,0,1,0,23.472590852241925,4.472590852241925
2017-05-05 16:00:00,1,80,0,1,0,77.40786023032956,2.592139769670439
2017-05-05 17:00:00,2,28,0,1,1,32.488198054087434,4.488198054087434
2017-05-05 17:00:00,4,10,0,1,1,8.37627409395117,1.6237259060488292
2017-05-05 17:00:00,3,22,0,1,1,19.362679964371,2.637320035628999
2017-05-05 17:00:00,1,81,0,1,1,77.14166297408185,3.8583370259181464
2017-05-05 18:00:00,4,10,0,1,1,9.162770691720306,0.837229308279694
2017-05-05 18:00:00,2,29,0,1,1,27.563945453378956,1.436054546621044
2017-05-05 18:00:00,1,84,0,1,1,80.90426138784908,3.0957386121509245
2017-05-05 18:00:00,3,46,0,1,1,21.7299143092417,24.2700856907583
2017-05-05 19:00:00,3,29,0,1,1,52.96702338939807,23.967023389398072
2017-05-05 19:00:00,4,7,0,1,1,9.251588927256709,2.2515889272567087
2017-05-05 19:00:00,1,81,0,1,1,85.3805608888063,4.380560888806301
2017-05-05 19:00:00,2,30,0,1,1,29.684377358926422,0.3156226410735776
2017-05-05 20:00:00,4,6,0,1,0,8.576175449208662,2.5761754492086624
2017-05-05 20:00:00,3,18,0,1,0,26.469930057562213,8.469930057562213
2017-05-05 20:00:00,1,76,0,1,0,79.18504376928529,3.1850437692852864
2017-05-05 20:00:00,2,31,0,1,0,29.951885143987553,1.0481148560124467
2017-05-05 21:00:00,1,74,0,1,0,76.13210649121254,2.1321064912125394
2017-05-05 21:00:00,2,29,0,1,0,30.012694728310677,1.0126947283106773
2017-05-05 21:00:00,4,7,0,1,0,7.649131447672648,0.649131447672648
2017-05-05 21:00:00,3,21,0,1,0,17.160823188416348,3.839176811583652
2017-05-05 22:00:00,2,21,0,1,0,27.875954804233544,6.875954804233544
2017-05-05 22:00:00,4,6,0,1,0,7.441759933259338,1.4417599332593376
2017-05-05 22:00:00,3,16,0,1,0,20.427328293866886,4.427328293866886
2017-05-05 22:00:00,1,71,0,1,0,71.79660249828358,0.7966024982835762
2017-05-05 23:00:00,2,24,0,1,0,20.097258829166908,3.9027411708330924
2017-05-05 23:00:00,3,19,0,1,0,16.53791360866536,2.4620863913346405
2017-05-05 23:00:00,4,9,0,1,0,6.622144245929292,2.3778557540707084
2017-05-05 23:00:00,1,70,0,1,0,65.65188997607467,4.348110023925329
2017-05-06 00:00:00,1,64,0,0,0,62.810103368883375,1.1898966311166248
2017-05-06 00:00:00,4,4,0,0,0,6.401660101719086,2.401660101719086
2017-05-06 00:00:00,3,16,0,0,0,16.154882570503933,0.15488257050393273
2017-05-06 00:00:00,2,27,0,0,0,22.778368454656153,4.221631545343847
2017-05-06 01:00:00,1,53,0,0,0,53.84987361592906,0.849873615929063
2017-05-06 01:00:00,2,25,0,0,0,22.760362093922915,2.2396379060770855
2017-05-06 01:00:00,4,5,0,0,0,4.82628329720309,0.1737167027969102
2017-05-06 01:00:00,3,10,0,0,0,12.573242144090676,2.573242144090676
2017-05-06 02:00:00,1,42,0,0,0,47.03949653179018,5.039496531790178
2017-05-06 02:00:00,3,9,0,0,0,9.084557220711197,0.08455722071119709
2017-05-06 02:00:00,2,24,0,0,0,21.110916694933458,2.889083305066542
2017-05-06 02:00:00,4,3,0,0,0,4.661929168998448,1.661929168998448
2017-05-06 03:00:00,2,17,0,0,0,20.484138611584957,3.4841386115849566
2017-05-06 03:00:00,3,4,0,0,0,7.688816505359239,3.688816505359239
2017-05-06 03:00:00,4,2,0,0,0,3.7717347519871742,1.7717347519871742
2017-05-06 03:00:00,1,36,0,0,0,37.43730581024378,1.4373058102437781
2017-05-06 04:00:00,2,15,0,0,0,15.660099285310475,0.6600992853104746
2017-05-06 04:00:00,3,5,0,0,0,5.88711089775088,0.8871108977508797
2017-05-06 04:00:00,1,29,0,0,0,31.325413899959255,2.325413899959255
2017-05-06 04:00:00,4,5,0,0,0,3.4102320379658733,1.5897679620341267
2017-05-06 05:00:00,2,14,0,0,0,13.918009046892562,0.08199095310743765
2017-05-06 05:00:00,1,27,0,0,0,27.84305851706192,0.8430585170619196
2017-05-06 05:00:00,3,6,0,0,0,5.335369911848788,0.6646300881512124
2017-05-06 05:00:00,4,5,0,0,0,3.5934497649216945,1.4065502350783055
2017-05-06 06:00:00,3,3,0,0,0,5.175584930292096,2.1755849302920964
2017-05-06 06:00:00,4,2,0,0,0,4.311685369301259,2.3116853693012587
2017-05-06 06:00:00,2,8,0,0,0,14.484146789183733,6.4841467891837326
2017-05-06 06:00:00,1,28,0,0,0,28.76266557509556,0.7626655750955607
2017-05-06 07:00:00,4,2,0,0,1,4.92047474330671,2.92047474330671
2017-05-06 07:00:00,3,5,0,0,1,5.803433034122908,0.8034330341229081
2017-05-06 07:00:00,1,32,0,0,1,30.56633633084797,1.433663669152029
2017-05-06 07:00:00,2,9,0,0,1,11.634216531796406,2.6342165317964064
2017-05-06 08:00:00,1,35,0,0,1,36.15459629751333,1.1545962975133293
2017-05-06 08:00:00,3,10,0,0,1,6.513442984396593,3.486557015603407
2017-05-06 08:00:00,2,12,0,0,1,10.91949855950098,1.0805014404990203
2017-05-06 08:00:00,4,3,0,0,1,4.878738493081957,1.8787384930819568
2017-05-06 09:00:00,4,3,0,0,1,5.525037381840781,2.5250373818407814
2017-05-06 09:00:00,2,13,0,0,1,12.332468937567578,0.6675310624324222
2017-05-06 09:00:00,1,46,0,0,1,41.499629021201464,4.500370978798536
2017-05-06 09:00:00,3,16,0,0,1,9.512407174560314,6.487592825439686
2017-05-06 10:00:00,4,9,0,0,0,5.985711248720096,3.0142887512799037
2017-05-06 10:00:00,2,15,0,0,0,13.741965427757957,1.2580345722420425
2017-05-06 10:00:00,1,46,0,0,0,52.15056057300962,6.150560573009621
2017-05-06 10:00:00,3,14,0,0,0,16.394366669360995,2.394366669360995
2017-05-06 11:00:00,2,18,0,0,0,16.01614872925702,1.9838512707429814
2017-05-06 11:00:00,1,52,0,0,0,50.7803002781528,1.2196997218471992
2017-05-06 11:00:00,4,10,0,0,0,7.8461103588511705,2.1538896411488295
2017-05-06 11:00:00,3,22,0,0,0,16.71655725259533,5.283442747404671
2017-05-06 12:00:00,3,20,0,0,0,20.88956733328356,0.8895673332835585
2017-05-06 12:00:00,1,54,0,0,0,53.999009805680544,0.00099019431945635
2017-05-06 12:00:00,2,17,0,0,0,17.350313260389274,0.35031326038927446
2017-05-06 12:00:00,4,7,0,0,0,9.212123444738578,2.2121234447385785
2017-05-06 13:00:00,1,48,0,0,0,50.43094729426248,2.430947294262481
2017-05-06 13:00:00,4,7,0,0,0,7.74168229123131,0.7416822912313101
2017-05-06 13:00:00,2,18,0,0,0,16.486387214721915,1.5136127852780845
2017-05-06 13:00:00,3,15,0,0,0,18.801367846476094,3.8013678464760936
2017-05-06 14:00:00,2,12,0,0,0,17.570921960212136,5.570921960212136
2017-05-06 14:00:00,4,5,0,0,0,8.14973434973577,3.1497343497357697
2017-05-06 14:00:00,3,16,0,0,0,16.974941997061844,0.974941997061844
2017-05-06 14:00:00,1,48,0,0,0,48.1090339997631,0.10903399976309913
2017-05-06 15:00:00,2,12,0,0,0,14.935262442325941,2.935262442325941
2017-05-06 15:00:00,3,15,0,0,0,16.748571194368182,1.748571194368182
2017-05-06 15:00:00,4,6,0,0,0,6.632228709849894,0.632228709849894
2017-05-06 15:00:00,1,44,0,0,0,47.14642609839529,3.1464260983952883
2017-05-06 16:00:00,1,49,0,0,0,43.22854354292615,5.771456457073853
2017-05-06 16:00:00,2,22,0,0,0,13.210827293782934,8.789172706217066
2017-05-06 16:00:00,3,15,0,0,0,15.9450577885888,0.9450577885887999
2017-05-06 16:00:00,4,7,0,0,0,6.665760696816744,0.33423930318325556
2017-05-06 17:00:00,2,19,0,0,1,20.68551238861226,1.6855123886122598
2017-05-06 17:00:00,4,7,0,0,1,7.053380597929355,0.05338059792935468
2017-05-06 17:00:00,1,47,0,0,1,50.004491107575596,3.0044911075755962
2017-05-06 17:00:00,3,17,0,0,1,15.78619596607095,1.2138040339290495
2017-05-06 18:00:00,4,5,0,0,1,7.446665446985097,2.4466654469850972
2017-05-06 18:00:00,1,51,0,0,1,50.492515725959606,0.5074842740403938
2017-05-06 18:00:00,2,19,0,0,1,19.5593788331094,0.559378833109399
2017-05-06 18:00:00,3,12,0,0,1,17.56884327740229,5.568843277402291
2017-05-06 19:00:00,3,13,0,0,1,15.917897860292967,2.9178978602929675
2017-05-06 19:00:00,1,51,0,0,1,55.658258371037576,4.658258371037576
2017-05-06 19:00:00,4,6,0,0,1,7.205274471339252,1.2052744713392523
2017-05-06 19:00:00,2,20,0,0,1,20.7833687112695,0.7833687112694996
2017-05-06 20:00:00,3,16,0,0,0,14.52814580634202,1.4718541936579808
2017-05-06 20:00:00,1,57,0,0,0,52.67777401380119,4.322225986198809
2017-05-06 20:00:00,4,4,0,0,0,7.228762632310713,3.228762632310713
2017-05-06 20:00:00,2,20,0,0,0,20.56192687259071,0.5619268725907105
2017-05-06 21:00:00,3,14,0,0,0,14.815480800934573,0.8154808009345729
2017-05-06 21:00:00,4,4,0,0,0,5.715825040417175,1.715825040417175
2017-05-06 21:00:00,1,53,0,0,0,56.20286162611974,3.2028616261197413
2017-05-06 21:00:00,2,20,0,0,0,19.233393515615564,0.766606484384436
2017-05-06 22:00:00,3,16,0,0,0,14.57059119460301,1.4294088053969904
2017-05-06 22:00:00,1,54,0,0,0,51.91462342698026,2.0853765730197367
2017-05-06 22:00:00,4,4,0,0,0,5.673599523996275,1.673599523996275
2017-05-06 22:00:00,2,21,0,0,0,19.809930393057027,1.1900696069429735
2017-05-06 23:00:00,2,20,0,0,0,20.413656100040598,0.4136561000405976
2017-05-06 23:00:00,1,52,0,0,0,51.53798904333173,0.46201095666827285
2017-05-06 23:00:00,4,7,0,0,0,5.344156673982149,1.655843326017851
2017-05-06 23:00:00,3,10,0,0,0,15.954754337981662,5.954754337981662
2017-05-07 00:00:00,1,47,0,0,0,46.1979494308514,0.802050569148598
2017-05-07 00:00:00,4,5,0,0,0,5.252266615738479,0.2522666157384794
2017-05-07 00:00:00,3,12,0,0,0,10.536836621212123,1.4631633787878773
2017-05-07 00:00:00,2,17,0,0,0,18.778178336122288,1.7781783361222878
2017-05-07 01:00:00,1,43,0,0,0,40.933157062043286,2.0668429379567144
2017-05-07 01:00:00,3,11,0,0,0,9.184837527256224,1.8151624727437756
2017-05-07 01:00:00,4,7,0,0,0,4.333379009219697,2.666620990780303
2017-05-07 01:00:00,2,17,0,0,0,15.167563838063186,1.8324361619368137
2017-05-07 02:00:00,2,16,0,0,0,14.951014335780423,1.0489856642195772
2017-05-07 02:00:00,1,36,0,0,0,37.595617377666784,1.595617377666784
2017-05-07 02:00:00,4,5,0,0,0,4.776799538351797,0.22320046164820262
2017-05-07 02:00:00,3,6,0,0,0,8.526404385354054,2.526404385354054
2017-05-07 03:00:00,2,13,0,0,0,13.752728122237459,0.7527281222374587
2017-05-07 03:00:00,4,4,0,0,0,4.547438346408829,0.5474383464088293
2017-05-07 03:00:00,1,30,0,0,0,31.22060279518756,1.2206027951875598
2017-05-07 03:00:00,3,6,0,0,0,7.022560274305146,1.022560274305146
2017-05-07 04:00:00,1,27,0,0,0,26.267374388932218,0.7326256110677818
2017-05-07 04:00:00,2,12,0,0,0,11.964624157227806,0.03537584277219352
2017-05-07 04:00:00,4,4,0,0,0,4.173201569775239,0.17320156977523915
2017-05-07 04:00:00,3,3,0,0,0,5.746398143685498,2.7463981436854983
2017-05-07 05:00:00,1,25,0,0,0,26.609574117695526,1.6095741176955265
2017-05-07 05:00:00,2,11,0,0,0,10.643612515794155,0.356387484205845
2017-05-07 05:00:00,4,3,0,0,0,3.8854086603066014,0.8854086603066014
2017-05-07 05:00:00,3,8,0,0,0,4.608960522313458,3.391039477686542
2017-05-07 06:00:00,4,5,0,0,0,4.0470760074902,0.9529239925097999
2017-05-07 06:00:00,2,13,0,0,0,11.10395101429784,1.8960489857021603
2017-05-07 06:00:00,3,4,0,0,0,5.865491791893108,1.865491791893108
2017-05-07 06:00:00,1,27,0,0,0,26.851648830994904,0.14835116900509604
2017-05-07 07:00:00,1,29,0,0,1,30.46006925314886,1.460069253148859
2017-05-07 07:00:00,2,14,0,0,1,13.58111451201059,0.41888548798941017
2017-05-07 07:00:00,3,4,0,0,1,5.86177183428047,1.8617718342804697
2017-05-07 07:00:00,4,8,0,0,1,5.017518669400569,2.9824813305994313
2017-05-07 08:00:00,1,33,0,0,1,31.54548802175392,1.4545119782460816
2017-05-07 08:00:00,2,15,0,0,1,14.880802036889039,0.11919796311096142
2017-05-07 08:00:00,3,9,0,0,1,6.675538649413204,2.3244613505867964
2017-05-07 08:00:00,4,5,0,0,1,6.888103300838101,1.8881033008381012
2017-05-07 09:00:00,2,13,0,0,1,16.48123588919956,3.48123588919956
2017-05-07 09:00:00,4,6,0,0,1,7.515346120561477,1.5153461205614773
2017-05-07 09:00:00,1,41,0,0,1,38.78995851060398,2.210041489396019
2017-05-07 09:00:00,3,7,0,0,1,8.629168726033935,1.6291687260339351
2017-05-07 10:00:00,4,10,0,0,0,7.826888474130073,2.1731115258699267
2017-05-07 10:00:00,3,14,0,0,0,9.25105901152253,4.74894098847747
2017-05-07 10:00:00,2,14,0,0,0,15.836962390437652,1.8369623904376517
2017-05-07 10:00:00,1,44,0,0,0,45.085980192141754,1.0859801921417542
2017-05-07 11:00:00,4,6,0,0,0,9.523303981944665,3.5233039819446645
2017-05-07 11:00:00,2,18,0,0,0,15.985755083163497,2.0142449168365033
2017-05-07 11:00:00,1,45,0,0,0,46.605587012739555,1.605587012739555
2017-05-07 11:00:00,3,10,0,0,0,13.564045261254291,3.564045261254291
2017-05-07 12:00:00,3,11,0,0,0,12.32317675668586,1.3231767566858608
2017-05-07 12:00:00,2,17,0,0,0,16.949555847760024,0.05044415223997589
2017-05-07 12:00:00,4,9,0,0,0,8.053628058313294,0.9463719416867065
2017-05-07 12:00:00,1,46,0,0,0,44.79822610761848,1.2017738923815173
2017-05-07 13:00:00,2,14,0,0,0,16.486387214721915,2.4863872147219155
2017-05-07 13:00:00,3,13,0,0,0,11.099012991528639,1.9009870084713612
2017-05-07 13:00:00,4,5,0,0,0,8.201354519393025,3.201354519393025
2017-05-07 13:00:00,1,45,0,0,0,43.49874741929924,1.5012525807007577
2017-05-07 14:00:00,3,14,0,0,0,12.205447655823294,1.7945523441767062
2017-05-07 14:00:00,4,8,0,0,0,6.8347811599193316,1.1652188400806684
2017-05-07 14:00:00,1,47,0,0,0,45.218553592757964,1.7814464072420364
2017-05-07 14:00:00,2,16,0,0,0,15.843428714490239,0.15657128550976118
2017-05-07 15:00:00,3,10,0,0,0,13.904849153224015,3.9048491532240153
2017-05-07 15:00:00,2,15,0,0,0,16.050090234792606,1.0500902347926058
2017-05-07 15:00:00,4,5,0,0,0,7.774873148116486,2.7748731481164857
2017-05-07 15:00:00,1,49,0,0,0,46.85925544734701,2.14074455265299
2017-05-07 16:00:00,3,11,0,0,0,12.136693861388826,1.1366938613888262
2017-05-07 16:00:00,2,22,0,0,0,15.539281307001229,6.460718692998771
2017-05-07 16:00:00,1,49,0,0,0,49.20748165233873,0.2074816523387284
2017-05-07 16:00:00,4,8,0,0,0,6.676879929040461,1.323120070959539
2017-05-07 17:00:00,4,8,0,0,1,7.7185148589908135,0.28148514100918653
2017-05-07 17:00:00,3,11,0,0,1,11.604942314446511,0.6049423144465109
2017-05-07 17:00:00,2,23,0,0,1,20.79244482591059,2.2075551740894106
2017-05-07 17:00:00,1,48,0,0,1,50.045026211076454,2.045026211076454
2017-05-07 18:00:00,3,13,0,0,1,11.588832512752514,1.4111674872474858
2017-05-07 18:00:00,2,18,0,0,1,23.090188176450145,5.090188176450145
2017-05-07 18:00:00,1,58,0,0,1,51.193597180669734,6.806402819330266
2017-05-07 18:00:00,4,7,0,0,1,7.944977812717051,0.9449778127170507
2017-05-07 19:00:00,2,20,0,0,1,20.203516709889268,0.20351670988926784
2017-05-07 19:00:00,4,8,0,0,1,8.45911712676245,0.4591171267624503
2017-05-07 19:00:00,3,16,0,0,1,13.323621389222879,2.676378610777121
2017-05-07 19:00:00,1,62,0,0,1,62.65439306688319,0.6543930668831877
2017-05-07 20:00:00,1,62,0,0,0,63.04088530224475,1.040885302244753
2017-05-07 20:00:00,2,20,0,0,0,20.92321255562589,0.9232125556258914
2017-05-07 20:00:00,4,6,0,0,0,8.591435026551574,2.591435026551574
2017-05-07 20:00:00,3,11,0,0,0,15.713679479471871,4.713679479471871
2017-05-07 21:00:00,3,13,0,0,0,13.094922489975378,0.094922489975378
2017-05-07 21:00:00,1,59,0,0,0,58.953925554998285,0.04607444500171454
2017-05-07 21:00:00,2,19,0,0,0,19.233393515615564,0.23339351561556398
2017-05-07 21:00:00,4,8,0,0,0,7.422599400569643,0.5774005994303568
2017-05-07 22:00:00,3,13,0,0,0,13.391919385857651,0.3919193858576513
2017-05-07 22:00:00,1,55,0,0,0,57.59980751706754,2.599807517067539
2017-05-07 22:00:00,4,4,0,0,0,8.030363213410896,4.0303632134108955
2017-05-07 22:00:00,2,24,0,0,0,18.805654081665978,5.194345918334022
2017-05-07 23:00:00,2,23,0,0,0,23.489298157865406,0.48929815786540587
2017-05-07 23:00:00,3,7,0,0,0,13.088639325413862,6.088639325413862
2017-05-07 23:00:00,4,5,0,0,0,6.533935835163458,1.533935835163458
2017-05-07 23:00:00,1,59,0,0,0,53.29632053126815,5.703679468731849
2017-05-08 00:00:00,2,23,0,1,0,20.794744040901,2.2052559590989986
2017-05-08 00:00:00,4,5,0,1,0,5.590034031784347,0.5900340317843469
2017-05-08 00:00:00,1,52,0,1,0,53.382227215793534,1.3822272157935345
2017-05-08 00:00:00,3,12,0,1,0,8.970805846601763,3.0291941533982367
2017-05-08 01:00:00,3,6,0,1,0,8.58800431419165,2.5880043141916502
2017-05-08 01:00:00,2,20,0,1,0,19.42185782891088,0.5781421710891195
2017-05-08 01:00:00,1,43,0,1,0,45.111453945494034,2.111453945494034
2017-05-08 01:00:00,4,7,0,1,0,4.254097103406148,2.7459028965938517
2017-05-08 02:00:00,3,4,0,1,0,6.779837352104446,2.7798373521044457
2017-05-08 02:00:00,2,20,0,1,0,17.505993075154752,2.494006924845248
2017-05-08 02:00:00,1,36,0,1,0,39.235747282692884,3.235747282692884
2017-05-08 02:00:00,4,6,0,1,0,4.826909131011518,1.1730908689884822
2017-05-08 03:00:00,4,2,0,1,0,4.973147875008879,2.9731478750088787
2017-05-08 03:00:00,2,18,0,1,0,17.292579324510786,0.7074206754892138
2017-05-08 03:00:00,3,8,0,1,0,5.798956448777348,2.201043551222652
2017-05-08 03:00:00,1,32,0,1,0,32.9180494513509,0.9180494513509032
2017-05-08 04:00:00,2,17,0,1,0,15.862300086530482,1.1376999134695183
2017-05-08 04:00:00,3,8,0,1,0,5.795440405526923,2.2045595944730767
2017-05-08 04:00:00,1,35,0,1,0,29.443746436485373,5.556253563514627
2017-05-08 04:00:00,4,2,0,1,0,4.154994767163487,2.154994767163487
2017-05-08 05:00:00,1,34,0,1,0,32.266698103972,1.7333018960280029
2017-05-08 05:00:00,4,1,0,1,0,3.6466581813798276,2.6466581813798276
2017-05-08 05:00:00,3,8,0,1,0,6.055767969733542,1.9442320302664582
2017-05-08 05:00:00,2,16,0,1,0,16.056567697775776,0.05656769777577608
2017-05-08 06:00:00,3,7,0,1,0,7.552121508070719,0.5521215080707194
2017-05-08 06:00:00,1,41,0,1,0,36.566800095414266,4.433199904585734
2017-05-08 06:00:00,2,17,0,1,0,16.75089376003116,0.24910623996883885
2017-05-08 06:00:00,4,6,0,1,0,4.034823527725177,1.9651764722748233
2017-05-08 07:00:00,4,4,0,1,1,5.087741388065759,1.0877413880657594
2017-05-08 07:00:00,1,48,0,1,1,44.81870406671759,3.1812959332824065
2017-05-08 07:00:00,2,20,0,1,1,18.829485466016173,1.1705145339838268
2017-05-08 07:00:00,3,10,0,1,1,8.36753850717785,1.6324614928221504
2017-05-08 08:00:00,1,53,0,1,1,53.43540231662373,0.43540231662372975
2017-05-08 08:00:00,4,2,0,1,1,5.645264082020132,3.645264082020132
2017-05-08 08:00:00,3,8,0,1,1,10.512196438343455,2.512196438343455
2017-05-08 08:00:00,2,19,0,1,1,20.6933579247295,1.6933579247295008
2017-05-08 09:00:00,1,61,0,1,1,61.338527628253615,0.3385276282536154
2017-05-08 09:00:00,2,25,0,1,1,21.51053810427459,3.489461895725409
2017-05-08 09:00:00,4,10,0,1,1,6.745862072410661,3.2541379275893387
2017-05-08 09:00:00,3,12,0,1,1,11.09756606596942,0.9024339340305794
2017-05-08 10:00:00,1,72,0,1,0,73.2709601537329,1.2709601537329007
2017-05-08 10:00:00,3,18,0,1,0,14.132636671456055,3.867363328543945
2017-05-08 10:00:00,4,4,0,1,0,9.963966832310346,5.963966832310346
2017-05-08 10:00:00,2,25,0,1,0,27.82951879228548,2.82951879228548
2017-05-08 11:00:00,2,29,0,1,0,26.65880799733488,2.341192002665121
2017-05-08 11:00:00,1,91,0,1,0,81.47166738922051,9.528332610779486
2017-05-08 11:00:00,3,22,0,1,0,18.2016658543781,3.798334145621901
2017-05-08 11:00:00,4,9,0,1,0,7.841936226136086,1.1580637738639137
2017-05-08 12:00:00,2,33,0,1,0,27.772438187465482,5.227561812534518
2017-05-08 12:00:00,1,93,0,1,0,91.02282157471718,1.9771784252828155
2017-05-08 12:00:00,4,10,0,1,0,9.703953389094009,0.29604661090599116
2017-05-08 12:00:00,3,23,0,1,0,21.58150783893728,1.4184921610627192
2017-05-08 13:00:00,2,29,0,1,0,31.38129126048292,2.3812912604829215
2017-05-08 13:00:00,3,19,0,1,0,22.166327818882706,3.1663278188827064
2017-05-08 13:00:00,4,4,0,1,0,8.801844039531582,4.8018440395315825
2017-05-08 13:00:00,1,81,0,1,0,83.24052368062567,2.240523680625671
2017-05-08 14:00:00,1,87,0,1,0,90.07972308494713,3.0797230849471333
2017-05-08 14:00:00,2,37,0,1,0,28.730862680813726,8.269137319186274
2017-05-08 14:00:00,3,22,0,1,0,19.801001597203992,2.1989984027960077
2017-05-08 14:00:00,4,12,0,1,0,8.233009432821428,3.7669905671785724
2017-05-08 15:00:00,1,87,0,1,0,86.5246726947432,0.47532730525679767
2017-05-08 15:00:00,2,33,0,1,0,36.236147823547356,3.2361478235473555
2017-05-08 15:00:00,4,9,0,1,0,10.085752945307004,1.0857529453070036
2017-05-08 15:00:00,3,17,0,1,0,21.82968738313243,4.8296873831324305
2017-05-08 16:00:00,3,22,0,1,0,17.672217414634144,4.327782585365856
2017-05-08 16:00:00,1,84,0,1,0,83.19729420214514,0.8027057978548555
2017-05-08 16:00:00,2,33,0,1,0,32.580706528700674,0.41929347129932637
2017-05-08 16:00:00,4,10,0,1,0,9.147225356702096,0.852774643297904
2017-05-08 17:00:00,3,18,0,1,1,21.192169186767643,3.192169186767643
2017-05-08 17:00:00,1,84,0,1,1,83.58212649111935,0.4178735088806462
2017-05-08 17:00:00,2,28,0,1,1,33.05857558675769,5.058575586757691
2017-05-08 17:00:00,4,7,0,1,1,9.91422446688417,2.9142244668841695
2017-05-08 18:00:00,3,19,0,1,1,18.592184610939448,0.40781538906055204
2017-05-08 18:00:00,2,32,0,1,1,27.840847117886707,4.159152882113293
2017-05-08 18:00:00,1,89,0,1,1,87.14958823219685,1.850411767803152
2017-05-08 18:00:00,4,9,0,1,1,8.282241028454052,0.7177589715459476
2017-05-08 19:00:00,4,6,0,1,1,8.574880516952994,2.5748805169529945
2017-05-08 19:00:00,1,90,0,1,1,91.09634426158566,1.0963442615856565
2017-05-08 19:00:00,2,37,0,1,1,33.70167169980236,3.298328300197639
2017-05-08 19:00:00,3,14,0,1,1,19.883021116611445,5.883021116611445
2017-05-08 20:00:00,4,5,0,1,0,7.631312937808996,2.631312937808996
2017-05-08 20:00:00,1,87,0,1,0,89.60758903084688,2.6075890308468814
2017-05-08 20:00:00,2,36,0,1,0,36.85677441108,0.8567744110800035
2017-05-08 20:00:00,3,14,0,1,0,16.548471531550234,2.548471531550234
2017-05-08 21:00:00,2,32,0,1,0,35.485630203492995,3.4856302034929953
2017-05-08 21:00:00,1,86,0,1,0,85.63430760907451,0.36569239092548855
2017-05-08 21:00:00,4,6,0,1,0,7.05337439329788,1.0533743932978803
2017-05-08 21:00:00,3,16,0,1,0,15.090031244417819,0.9099687555821809
2017-05-08 22:00:00,2,30,0,1,0,32.569366733963925,2.569366733963925
2017-05-08 22:00:00,1,82,0,1,0,83.08050402887997,1.0805040288799717
2017-05-08 22:00:00,3,16,0,1,0,15.377545548951169,0.6224544510488315
2017-05-08 22:00:00,4,8,0,1,0,6.56944301824837,1.4305569817516304
2017-05-08 23:00:00,2,34,0,1,0,28.469392415207224,5.530607584792776
2017-05-08 23:00:00,1,75,0,1,0,75.2802974650218,0.2802974650218033
2017-05-08 23:00:00,3,14,0,1,0,15.589640526459442,1.5896405264594424
2017-05-08 23:00:00,4,6,0,1,0,7.177101357749495,1.1771013577494953
2017-05-09 00:00:00,2,31,0,1,0,30.971765209012677,0.028234790987323066
2017-05-09 00:00:00,4,6,0,1,0,6.039644981177057,0.03964498117705695
2017-05-09 00:00:00,1,64,0,1,0,69.12495080320161,5.124950803201614
2017-05-09 00:00:00,3,14,0,1,0,12.610277223493357,1.3897227765066429
2017-05-09 01:00:00,2,32,0,1,0,25.847270404983195,6.152729595016805
2017-05-09 01:00:00,3,12,0,1,0,11.059337966734235,0.9406620332657649
2017-05-09 01:00:00,4,6,0,1,0,5.158201574982052,0.8417984250179478
2017-05-09 01:00:00,1,64,0,1,0,56.758410671028756,7.241589328971244
2017-05-09 02:00:00,1,54,0,1,0,56.97275497150472,2.9727549715047203
2017-05-09 02:00:00,3,9,0,1,0,9.89783602557462,0.8978360255746196
2017-05-09 02:00:00,4,3,0,1,0,4.973147875008879,1.9731478750088787
2017-05-09 02:00:00,2,28,0,1,0,27.702238045538667,0.2977619544613326
2017-05-09 03:00:00,1,41,0,1,0,47.42064430030993,6.420644300309931
2017-05-09 03:00:00,4,1,0,1,0,4.213399356718778,3.213399356718778
2017-05-09 03:00:00,3,6,0,1,0,8.184257494043226,2.1842574940432264
2017-05-09 03:00:00,2,22,0,1,0,23.617502273967975,1.6175022739679754
2017-05-09 04:00:00,3,7,0,1,0,6.959564310414778,0.040435689585222256
2017-05-09 04:00:00,1,37,0,1,0,37.98019818712966,0.980198187129659
2017-05-09 04:00:00,2,16,0,1,0,18.85779854077319,2.8577985407731887
2017-05-09 04:00:00,4,4,0,1,0,3.6466581813798276,0.35334181862017244
2017-05-09 05:00:00,4,5,0,1,0,3.542689072234146,1.457310927765854
2017-05-09 05:00:00,3,4,0,1,0,6.070451624349973,2.070451624349973
2017-05-09 05:00:00,1,32,0,1,0,34.295289367059645,2.2952893670596453
2017-05-09 05:00:00,2,14,0,1,0,15.711876589560545,1.7118765895605446
2017-05-09 06:00:00,3,5,0,1,0,5.9629318693857805,0.9629318693857805
2017-05-09 06:00:00,1,46,0,1,0,34.9470296019068,11.052970398093201
2017-05-09 06:00:00,2,15,0,1,0,16.018394352239557,1.0183943522395573
2017-05-09 06:00:00,4,5,0,1,0,4.3220103638266805,0.6779896361733195
2017-05-09 07:00:00,4,6,0,1,1,5.41684648540476,0.5831535145952396
2017-05-09 07:00:00,2,18,0,1,1,16.3928292490635,1.6071707509365005
2017-05-09 07:00:00,1,53,0,1,1,48.94490751254704,4.05509248745296
2017-05-09 07:00:00,3,7,0,1,1,6.486245175233143,0.5137548247668571
2017-05-09 08:00:00,3,11,0,1,1,7.728340113212682,3.271659886787318
2017-05-09 08:00:00,2,21,0,1,1,18.452159152627676,2.547840847372324
2017-05-09 08:00:00,1,53,0,1,1,55.527855432017546,2.527855432017546
2017-05-09 08:00:00,4,5,0,1,1,6.393524775347677,1.393524775347677
2017-05-09 09:00:00,4,5,0,1,1,7.399574012897834,2.3995740128978342
2017-05-09 09:00:00,3,11,0,1,1,11.570854690771275,0.5708546907712755
2017-05-09 09:00:00,1,58,0,1,1,61.158721829744415,3.1587218297444153
2017-05-09 09:00:00,2,21,0,1,1,22.41829491653945,1.4182949165394483
2017-05-09 10:00:00,3,18,0,1,0,14.015454948156897,3.984545051843103
2017-05-09 10:00:00,2,21,0,1,0,23.443326383325648,2.4433263833256476
2017-05-09 10:00:00,4,10,0,1,0,7.9499804019049165,2.0500195980950835
2017-05-09 10:00:00,1,105,0,1,0,70.18461210941784,34.81538789058216
2017-05-09 11:00:00,4,9,0,1,0,10.066124816364999,1.066124816364999
2017-05-09 11:00:00,1,98,0,1,0,96.67610555996598,1.3238944400340245
2017-05-09 11:00:00,3,20,0,1,0,18.357414374693295,1.6425856253067046
2017-05-09 11:00:00,2,30,0,1,0,23.00299032699509,6.997009673004911
2017-05-09 12:00:00,1,103,0,1,0,92.27612231919478,10.723877680805217
2017-05-09 12:00:00,3,18,0,1,0,19.49777740378267,1.4977774037826705
2017-05-09 12:00:00,2,32,0,1,0,28.588610271373216,3.4113897286267836
2017-05-09 12:00:00,4,8,0,1,0,10.178454977676283,2.1784549776762834
2017-05-09 13:00:00,2,32,0,1,0,29.874144618372483,2.1258553816275167
2017-05-09 13:00:00,4,7,0,1,0,8.61266622899814,1.6126662289981404
2017-05-09 13:00:00,3,19,0,1,0,17.654166920165025,1.345833079834975
2017-05-09 13:00:00,1,92,0,1,0,91.38910871644282,0.61089128355718
2017-05-09 14:00:00,3,20,0,1,0,19.49940660462299,0.5005933953770096
2017-05-09 14:00:00,2,33,0,1,0,32.58812966534151,0.411870334658488
2017-05-09 14:00:00,4,12,0,1,0,9.140685691927382,2.8593143080726175
2017-05-09 14:00:00,1,96,0,1,0,96.54715038639763,0.5471503863976324
2017-05-09 15:00:00,3,21,0,1,0,19.761122225208283,1.2388777747917175
2017-05-09 15:00:00,4,8,0,1,0,10.40895849230266,2.4089584923026592
2017-05-09 15:00:00,1,95,0,1,0,91.01604266491671,3.9839573350832893
2017-05-09 15:00:00,2,37,0,1,0,32.965843704832885,4.034156295167115
2017-05-09 16:00:00,4,12,0,1,0,9.061044782093662,2.9389552179063383
2017-05-09 16:00:00,2,30,0,1,0,35.60767787932683,5.607677879326829
2017-05-09 16:00:00,1,93,0,1,0,89.08064648989581,3.9193535101041874
2017-05-09 16:00:00,3,25,0,1,0,20.041278459197585,4.958721540802415
2017-05-09 17:00:00,3,17,0,1,1,24.520838275095944,7.520838275095944
2017-05-09 17:00:00,4,7,0,1,1,10.688244121569163,3.688244121569163
2017-05-09 17:00:00,2,28,0,1,1,30.397815437713746,2.3978154377137457
2017-05-09 17:00:00,1,95,0,1,1,89.16351307948376,5.836486920516236
2017-05-09 18:00:00,4,7,0,1,1,8.840844097842341,1.840844097842341
2017-05-09 18:00:00,1,96,0,1,1,95.45262994203854,0.5473700579614587
2017-05-09 18:00:00,2,37,0,1,1,27.91788488085709,9.082115119142909
2017-05-09 18:00:00,3,22,0,1,1,18.81966344933305,3.1803365506669508
2017-05-09 19:00:00,4,9,0,1,1,8.420274562942506,0.579725437057494
2017-05-09 19:00:00,1,96,0,1,1,97.02531627909579,1.0253162790957902
2017-05-09 19:00:00,2,37,0,1,1,37.82196037807314,0.8219603780731433
2017-05-09 19:00:00,3,20,0,1,1,22.20604238566206,2.206042385662059
2017-05-09 20:00:00,4,7,0,1,0,8.502181729874582,1.5021817298745823
2017-05-09 20:00:00,1,92,0,1,0,91.57696086398907,0.423039136010928
2017-05-09 20:00:00,2,31,0,1,0,37.27444875750349,6.274448757503492
2017-05-09 20:00:00,3,17,0,1,0,19.8454938874859,2.845493887485901
2017-05-09 21:00:00,2,31,0,1,0,31.077155398760475,0.07715539876047472
2017-05-09 21:00:00,1,84,0,1,0,88.98464418404636,4.98464418404636
2017-05-09 21:00:00,3,13,0,1,0,17.304134583193473,4.304134583193473
2017-05-09 21:00:00,4,9,0,1,0,8.052369468153179,0.947630531846821
2017-05-09 22:00:00,4,5,0,1,0,8.69483138508228,3.6948313850822796
2017-05-09 22:00:00,2,34,0,1,0,30.233478016776928,3.766521983223072
2017-05-09 22:00:00,3,18,0,1,0,14.964079166163192,3.0359208338368084
2017-05-09 22:00:00,1,86,0,1,0,84.17941907922257,1.8205809207774308
2017-05-09 23:00:00,3,14,0,1,0,15.921655680813975,1.9216556808139753
2017-05-09 23:00:00,4,6,0,1,0,7.162488160768038,1.1624881607680377
2017-05-09 23:00:00,2,30,0,1,0,31.736148488603806,1.7361484886038063
2017-05-09 23:00:00,1,76,0,1,0,78.11835467625568,2.1183546762556773
2017-05-10 00:00:00,1,72,1,0,0,69.16751734795412,2.832482652045883
2017-05-10 00:00:00,2,31,1,0,0,27.319101727094157,3.680898272905843
2017-05-10 00:00:00,3,10,1,0,0,12.673320654803366,2.6733206548033657
2017-05-10 00:00:00,4,6,1,0,0,5.914347277738314,0.08565272226168563
2017-05-10 01:00:00,3,10,1,0,0,9.165408565373856,0.8345914346261445
2017-05-10 01:00:00,2,27,1,0,0,25.759826814641244,1.2401731853587563
2017-05-10 01:00:00,4,5,1,0,0,4.807244232232806,0.19275576776719383
2017-05-10 01:00:00,1,64,1,0,0,63.236489585864646,0.7635104141353537
2017-05-10 02:00:00,4,5,1,0,0,4.76905902420922,0.2309409757907801
2017-05-10 02:00:00,1,52,1,0,0,57.28068872902162,5.28068872902162
2017-05-10 02:00:00,3,9,1,0,0,8.202507574278455,0.7974924257215452
2017-05-10 02:00:00,2,25,1,0,0,23.47470099011774,1.5252990098822607
2017-05-10 03:00:00,4,2,1,0,0,4.4918661736694885,2.4918661736694885
2017-05-10 03:00:00,3,9,1,0,0,7.514921854824568,1.4850781451754322
2017-05-10 03:00:00,1,45,1,0,0,47.899403092469704,2.8994030924697043
2017-05-10 03:00:00,2,21,1,0,0,21.292087353463963,0.29208735346396253
2017-05-10 04:00:00,1,43,1,0,0,40.300016660682566,2.699983339317434
2017-05-10 04:00:00,2,16,1,0,0,18.200684006543426,2.200684006543426
2017-05-10 04:00:00,3,9,1,0,0,7.343977538566217,1.6560224614337828
2017-05-10 04:00:00,4,6,1,0,0,3.9933554297875626,2.0066445702124374
2017-05-10 05:00:00,3,5,1,0,0,7.343977538566217,2.343977538566217
2017-05-10 05:00:00,1,38,1,0,0,38.09576302994977,0.09576302994977226
2017-05-10 05:00:00,4,5,1,0,0,4.207040098632704,0.7929599013672961
2017-05-10 05:00:00,2,16,1,0,0,15.600154062264384,0.3998459377356163
2017-05-10 06:00:00,4,3,1,0,0,4.754188313222637,1.7541883132226372
2017-05-10 06:00:00,2,15,1,0,0,17.237596409552186,2.237596409552186
2017-05-10 06:00:00,1,45,1,0,0,40.89164425937506,4.108355740624937
2017-05-10 06:00:00,3,5,1,0,0,6.8270517837853,1.8270517837852998
2017-05-10 07:00:00,4,1,1,0,1,5.304997093697335,4.304997093697335
2017-05-10 07:00:00,3,7,1,0,1,7.150602167115937,0.1506021671159372
2017-05-10 07:00:00,2,18,1,0,1,17.447391911652662,0.5526080883473377
2017-05-10 07:00:00,1,50,1,0,1,47.96946017591709,2.030539824082908
2017-05-10 08:00:00,3,10,1,0,1,7.983185593592317,2.0168144064076827
2017-05-10 08:00:00,2,20,1,0,1,18.576026720741588,1.423973279258412
2017-05-10 08:00:00,1,56,1,0,1,54.679705282370335,1.3202947176296647
2017-05-10 08:00:00,4,3,1,0,1,5.149586935153152,2.1495869351531516
2017-05-10 09:00:00,4,5,1,0,1,5.9921610623935395,0.9921610623935395
2017-05-10 09:00:00,3,11,1,0,1,10.478112267549902,0.5218877324500983
2017-05-10 09:00:00,1,64,1,0,1,64.55949372189207,0.5594937218920677
2017-05-10 09:00:00,2,20,1,0,1,21.78528368290322,1.78528368290322
2017-05-10 10:00:00,3,21,1,0,0,13.056689945172707,7.943310054827293
2017-05-10 10:00:00,4,6,1,0,0,6.716563610662475,0.7165636106624751
2017-05-10 10:00:00,2,27,1,0,0,21.943231597749836,5.056768402250164
2017-05-10 10:00:00,1,81,1,0,0,74.77400071370343,6.22599928629657
2017-05-10 11:00:00,2,29,1,0,0,29.88043891910319,0.8804389191031916
2017-05-10 11:00:00,4,9,1,0,0,7.145392548111002,1.854607451888998
2017-05-10 11:00:00,3,36,1,0,0,20.601129282606887,15.398870717393113
2017-05-10 11:00:00,1,96,1,0,0,82.87364217739109,13.12635782260891
2017-05-10 12:00:00,4,16,1,0,0,8.82238644696081,7.1776135530391905
2017-05-10 12:00:00,1,98,1,0,0,92.13356662409048,5.866433375909523
2017-05-10 12:00:00,3,26,1,0,0,36.92537107375583,10.925371073755827
2017-05-10 12:00:00,2,34,1,0,0,27.34034789657026,6.659652103429739
2017-05-10 13:00:00,3,22,1,0,0,24.073233197112504,2.073233197112504
2017-05-10 13:00:00,4,9,1,0,0,11.954056815747975,2.9540568157479754
2017-05-10 13:00:00,2,31,1,0,0,32.20306487600814,1.203064876008142
2017-05-10 13:00:00,1,88,1,0,0,83.44679613848406,4.553203861515939
2017-05-10 14:00:00,2,33,1,0,0,30.988426305782575,2.011573694217425
2017-05-10 14:00:00,3,21,1,0,0,22.561967822579632,1.561967822579632
2017-05-10 14:00:00,4,8,1,0,0,11.127600851245072,3.127600851245072
2017-05-10 14:00:00,1,94,1,0,0,89.94577476564233,4.0542252343576735
2017-05-10 15:00:00,2,35,1,0,0,32.897777117471534,2.1022228825284657
2017-05-10 15:00:00,1,100,1,0,0,86.48454530737574,13.51545469262426
2017-05-10 15:00:00,3,22,1,0,0,20.793798008869,1.2062019911309996
2017-05-10 15:00:00,4,8,1,0,0,9.6594403218469,1.6594403218468994
2017-05-10 16:00:00,4,7,1,0,0,8.609196074155287,1.609196074155287
2017-05-10 16:00:00,1,90,1,0,0,89.47309917472742,0.5269008252725769
2017-05-10 16:00:00,2,37,1,0,0,34.113096220879534,2.886903779120466
2017-05-10 16:00:00,3,21,1,0,0,21.182555353902284,0.18255535390228417
2017-05-10 17:00:00,2,34,1,0,1,37.037035143440676,3.0370351434406757
2017-05-10 17:00:00,1,93,1,0,1,86.18289167887997,6.817108321120031
2017-05-10 17:00:00,3,18,1,0,1,20.099031278076847,2.099031278076847
2017-05-10 17:00:00,4,9,1,0,1,8.096307219293712,0.9036927807062884
2017-05-10 18:00:00,3,15,1,0,1,18.793258684311148,3.793258684311148
2017-05-10 18:00:00,1,97,1,0,1,90.60980016215233,6.390199837847675
2017-05-10 18:00:00,4,6,1,0,1,8.727905792897188,2.7279057928971877
2017-05-10 18:00:00,2,40,1,0,1,35.13672190829208,4.863278091707919
2017-05-10 19:00:00,4,8,1,0,1,7.587229357846754,0.4127706421532462
2017-05-10 19:00:00,3,21,1,0,1,17.595339031852614,3.404660968147386
2017-05-10 19:00:00,1,94,1,0,1,96.1475530169815,2.1475530169815045
2017-05-10 19:00:00,2,44,1,0,1,41.88957673003504,2.1104232699649614
2017-05-10 20:00:00,2,38,1,0,0,44.13343740451416,6.1334374045141615
2017-05-10 20:00:00,1,94,1,0,0,87.26237308201496,6.73762691798504
2017-05-10 20:00:00,4,10,1,0,0,8.294328746626107,1.7056712533738931
2017-05-10 20:00:00,3,17,1,0,0,19.939718525843443,2.9397185258434426
2017-05-10 21:00:00,4,6,1,0,0,9.111023689162366,3.1110236891623657
2017-05-10 21:00:00,2,37,1,0,0,37.43831386318881,0.43831386318881016
2017-05-10 21:00:00,1,83,1,0,0,86.20937365580657,3.209373655806573
2017-05-10 21:00:00,3,22,1,0,0,16.959243275547436,5.040756724452564
2017-05-10 22:00:00,3,14,1,0,0,20.886664036574487,6.886664036574487
2017-05-10 22:00:00,4,7,1,0,0,7.977755094830733,0.9777550948307328
2017-05-10 22:00:00,2,32,1,0,0,35.848731131634544,3.848731131634544
2017-05-10 22:00:00,1,82,1,0,0,78.62558296579677,3.3744170342032334
2017-05-10 23:00:00,2,33,1,0,0,31.20944069800833,1.7905593019916708
2017-05-10 23:00:00,4,7,1,0,0,7.831991328592534,0.831991328592534
2017-05-10 23:00:00,3,15,1,0,0,15.429271522094549,0.4292715220945489
2017-05-10 23:00:00,1,77,1,0,0,75.86606378905142,1.1339362109485762
2017-05-11 00:00:00,4,4,0,1,0,6.02506082962649,2.02506082962649
2017-05-11 00:00:00,2,28,0,1,0,30.47748573023653,2.4774857302365305
2017-05-11 00:00:00,1,68,0,1,0,70.98382445460436,2.9838244546043597
2017-05-11 00:00:00,3,12,0,1,0,13.762316744430805,1.7623167444308052
2017-05-11 01:00:00,4,6,0,1,0,4.908355488074898,1.091644511925102
2017-05-11 01:00:00,2,25,0,1,0,23.60435271242121,1.3956472875787895
2017-05-11 01:00:00,1,65,0,1,0,58.11990984050227,6.880090159497733
2017-05-11 01:00:00,3,10,0,1,0,9.96986197796513,0.030138022034870815
2017-05-11 02:00:00,1,53,0,1,0,57.00297877898662,4.002978778986623
2017-05-11 02:00:00,4,5,0,1,0,4.7589161844957735,0.24108381550422653
2017-05-11 02:00:00,2,24,0,1,0,21.302439178451102,2.6975608215488975
2017-05-11 02:00:00,3,4,0,1,0,8.579345497789738,4.579345497789738
2017-05-11 03:00:00,1,41,0,1,0,47.893686514009936,6.893686514009936
2017-05-11 03:00:00,2,20,0,1,0,20.69436178028338,0.6943617802833799
2017-05-11 03:00:00,4,5,0,1,0,4.310443282812637,0.6895567171873633
2017-05-11 03:00:00,3,7,0,1,0,6.601444547309168,0.39855545269083237
2017-05-11 04:00:00,4,2,0,1,0,4.506671639283055,2.506671639283055
2017-05-11 04:00:00,1,33,0,1,0,37.89730880347251,4.897308803472512
2017-05-11 04:00:00,2,19,0,1,0,17.538018153841982,1.461981846158018
2017-05-11 04:00:00,3,7,0,1,0,5.947435203373587,1.0525647966264131
2017-05-11 05:00:00,4,4,0,1,0,4.0081608954011285,0.00816089540112852
2017-05-11 05:00:00,2,13,0,1,0,17.515433702590187,4.515433702590187
2017-05-11 05:00:00,1,38,0,1,0,31.3864872237658,6.613512776234199
2017-05-11 05:00:00,3,4,0,1,0,5.7091464795688305,1.7091464795688305
2017-05-11 06:00:00,1,40,0,1,0,40.64967711066663,0.6496771106666301
2017-05-11 06:00:00,3,9,0,1,0,6.149248420140021,2.8507515798599794
2017-05-11 06:00:00,4,2,0,1,0,4.332729915174961,2.332729915174961
2017-05-11 06:00:00,2,17,0,1,0,15.843425709260792,1.1565742907392078
2017-05-11 07:00:00,4,5,0,1,1,4.7406568278244885,0.2593431721755115
2017-05-11 07:00:00,1,52,0,1,1,44.700563604922195,7.299436395077805
2017-05-11 07:00:00,3,9,0,1,1,8.088364359132655,0.9116356408673454
2017-05-11 07:00:00,2,18,0,1,1,18.086676194734363,0.08667619473436261
2017-05-11 08:00:00,1,52,0,1,1,54.4012301471036,2.401230147103597
2017-05-11 08:00:00,3,8,0,1,1,9.378991634921691,1.3789916349216913
2017-05-11 08:00:00,2,18,0,1,1,19.00009689917405,1.00009689917405
2017-05-11 08:00:00,4,5,0,1,1,5.747264375299566,0.747264375299566
2017-05-11 09:00:00,1,57,0,1,1,61.159693402483626,4.159693402483626
2017-05-11 09:00:00,4,7,0,1,1,6.905842959220849,0.09415704077915077
2017-05-11 09:00:00,3,13,0,1,1,11.22514635264843,1.77485364735157
2017-05-11 09:00:00,2,19,0,1,1,20.769809106786603,1.769809106786603
2017-05-11 10:00:00,3,14,0,1,0,14.810983478950968,0.810983478950968
2017-05-11 10:00:00,1,77,0,1,0,69.60124848790302,7.398751512096979
2017-05-11 10:00:00,4,9,0,1,0,8.761906801939881,0.23809319806011864
2017-05-11 10:00:00,2,22,0,1,0,21.04601218842471,0.9539878115752884
2017-05-11 11:00:00,1,104,0,1,0,83.84895215816226,20.151047841837737
2017-05-11 11:00:00,2,30,0,1,0,23.450851223059637,6.549148776940363
2017-05-11 11:00:00,4,8,0,1,0,9.95104614029193,1.9510461402919308
2017-05-11 11:00:00,3,15,0,1,0,15.983700757726302,0.9837007577263019
2017-05-11 12:00:00,1,107,0,1,0,93.66695871521104,13.333041284788962
2017-05-11 12:00:00,4,17,0,1,0,9.997119309415687,7.002880690584313
2017-05-11 12:00:00,3,23,0,1,0,15.97123965661869,7.028760343381309
2017-05-11 12:00:00,2,35,0,1,0,28.512580650540798,6.487419349459202
2017-05-11 13:00:00,4,8,0,1,0,13.083393120033158,5.083393120033158
2017-05-11 13:00:00,3,23,0,1,0,21.553386814065593,1.4466131859344067
2017-05-11 13:00:00,2,29,0,1,0,32.995867510684995,3.9958675106849952
2017-05-11 13:00:00,1,96,0,1,0,89.59333886197764,6.406661138022358
2017-05-11 14:00:00,3,19,0,1,0,23.21940679335981,4.219406793359809
2017-05-11 14:00:00,2,30,0,1,0,29.236572606461053,0.7634273935389473
2017-05-11 14:00:00,4,6,0,1,0,10.968588622580093,4.968588622580093
2017-05-11 14:00:00,1,100,0,1,0,101.96693666804589,1.9669366680458893
2017-05-11 15:00:00,2,35,0,1,0,29.794059519922065,5.205940480077935
2017-05-11 15:00:00,3,13,0,1,0,19.49508994926625,6.4950899492662515
2017-05-11 15:00:00,4,12,0,1,0,9.27449642010529,2.72550357989471
2017-05-11 15:00:00,1,94,0,1,0,98.02085067576051,4.020850675760514
2017-05-11 16:00:00,3,22,0,1,0,15.979745508021354,6.020254491978646
2017-05-11 16:00:00,1,93,0,1,0,87.88102726194421,5.118972738055788
2017-05-11 16:00:00,4,10,0,1,0,9.755699725096456,0.24430027490354433
2017-05-11 16:00:00,2,32,0,1,0,34.237140876404574,2.237140876404574
2017-05-11 17:00:00,2,31,0,1,1,32.637196055500674,1.6371960555006737
2017-05-11 17:00:00,3,18,0,1,1,20.64610988981523,2.6461098898152287
2017-05-11 17:00:00,1,95,0,1,1,89.27688296459871,5.7231170354012875
2017-05-11 17:00:00,4,11,0,1,1,9.584901470167216,1.4150985298327843
2017-05-11 18:00:00,2,31,0,1,1,31.000788390363304,0.0007883903633043587
2017-05-11 18:00:00,3,19,0,1,1,18.473610214893696,0.5263897851063035
2017-05-11 18:00:00,1,111,0,1,1,95.45262994203854,15.547370057961459
2017-05-11 18:00:00,4,8,0,1,1,10.31678325599174,2.3167832559917407
2017-05-11 19:00:00,3,21,0,1,1,19.883021116611445,1.1169788833885548
2017-05-11 19:00:00,1,112,0,1,1,108.08728722372581,3.9127127762741907
2017-05-11 19:00:00,4,10,0,1,1,9.094013528824261,0.9059864711757388
2017-05-11 19:00:00,2,38,0,1,1,31.760865802279433,6.239134197720567
2017-05-11 20:00:00,3,13,0,1,0,20.445924480565463,7.445924480565463
2017-05-11 20:00:00,4,10,0,1,0,9.51093537702983,0.4890646229701705
2017-05-11 20:00:00,1,107,0,1,0,100.98817237667596,6.011827623324038
2017-05-11 20:00:00,2,38,0,1,0,39.09040894510822,1.0904089451082228
2017-05-11 21:00:00,2,31,0,1,0,37.36018191841906,6.360181918419059
2017-05-11 21:00:00,1,103,0,1,0,96.40976073215931,6.590239267840687
2017-05-11 21:00:00,3,17,0,1,0,15.289862447009494,1.7101375529905063
2017-05-11 21:00:00,4,5,0,1,0,9.117482668655072,4.117482668655072
2017-05-11 22:00:00,2,33,0,1,0,30.951369554928846,2.0486304450711543
2017-05-11 22:00:00,3,13,0,1,0,16.609986076864296,3.6099860768642955
2017-05-11 22:00:00,4,8,0,1,0,7.914308265934377,0.08569173406562314
2017-05-11 22:00:00,1,97,0,1,0,91.32447576600774,5.675524233992263
2017-05-11 23:00:00,4,9,0,1,0,7.9237657217666335,1.0762342782333665
2017-05-11 23:00:00,1,92,0,1,0,85.85757161094517,6.142428389054828
2017-05-11 23:00:00,2,27,0,1,0,31.55785271317804,4.55785271317804
2017-05-11 23:00:00,3,13,0,1,0,13.792249923140918,0.7922499231409184
2017-05-12 00:00:00,2,36,0,1,0,25.552321101237393,10.447678898762607
2017-05-12 00:00:00,3,11,0,1,0,11.894919522801464,0.8949195228014641
2017-05-12 00:00:00,4,8,0,1,0,6.484751405541737,1.5152485944582628
2017-05-12 00:00:00,1,87,0,1,0,80.56201451643736,6.437985483562642
2017-05-12 01:00:00,4,7,0,1,0,6.151814517152412,0.8481854828475877
2017-05-12 01:00:00,3,6,0,1,0,9.29386160286078,3.2938616028607797
2017-05-12 01:00:00,2,25,0,1,0,30.321533112196786,5.321533112196786
2017-05-12 01:00:00,1,76,0,1,0,74.4363723257737,1.5636276742262964
2017-05-12 02:00:00,3,7,0,1,0,7.239364060473316,0.23936406047331626
2017-05-12 02:00:00,4,6,0,1,0,5.916873004216784,0.08312699578321592
2017-05-12 02:00:00,1,65,0,1,0,64.73511958005237,0.26488041994763023
2017-05-12 02:00:00,2,23,0,1,0,21.35382245866667,1.64617754133333
2017-05-12 03:00:00,1,51,0,1,0,56.790856120491334,5.790856120491334
2017-05-12 03:00:00,3,7,0,1,0,6.4243223995682746,0.5756776004317254
2017-05-12 03:00:00,4,5,0,1,0,5.2894491916475,0.28944919164749994
2017-05-12 03:00:00,2,17,0,1,0,19.777413621766996,2.7774136217669962
2017-05-12 04:00:00,2,16,0,1,0,15.855828452859363,0.14417154714063685
2017-05-12 04:00:00,1,48,0,1,0,46.67213635851292,1.3278636414870775
2017-05-12 04:00:00,3,9,0,1,0,5.81660609324932,3.1833939067506796
2017-05-12 04:00:00,4,1,0,1,0,4.927805327876073,3.927805327876073
2017-05-12 05:00:00,2,12,0,1,0,15.0754467737177,3.075446773717699
2017-05-12 05:00:00,4,3,0,1,0,3.9973966043567843,0.9973966043567843
2017-05-12 05:00:00,3,7,0,1,0,6.3697811097509405,0.6302188902490595
2017-05-12 05:00:00,1,43,0,1,0,42.272963355597604,0.7270366444023963
2017-05-12 06:00:00,2,13,0,1,0,13.626373834101596,0.6263738341015959
2017-05-12 06:00:00,3,8,0,1,0,6.870441317645511,1.1295586823544888
2017-05-12 06:00:00,1,48,0,1,0,43.44638775596253,4.553612244037467
2017-05-12 06:00:00,4,6,0,1,0,3.9924478150242253,2.0075521849757747
2017-05-12 07:00:00,2,17,0,1,1,14.405629308761506,2.5943706912384936
2017-05-12 07:00:00,1,55,0,1,1,50.06194509514057,4.9380549048594276
2017-05-12 07:00:00,4,6,0,1,1,5.068339202590419,0.931660797409581
2017-05-12 07:00:00,3,8,0,1,1,8.825163808814203,0.825163808814203
2017-05-12 08:00:00,2,18,0,1,1,17.387808513566362,0.6121914864336375
2017-05-12 08:00:00,3,12,0,1,1,9.452002740398317,2.547997259601683
2017-05-12 08:00:00,1,60,0,1,1,56.52789937964295,3.472100620357047
2017-05-12 08:00:00,4,5,0,1,1,6.150702517590033,1.150702517590033
2017-05-12 09:00:00,3,12,0,1,1,12.746107026429419,0.746107026429419
2017-05-12 09:00:00,1,74,0,1,1,65.61630943253705,8.38369056746295
2017-05-12 09:00:00,4,7,0,1,1,7.77375587768859,0.7737558776885898
2017-05-12 09:00:00,2,22,0,1,1,19.86342845643766,2.13657154356234
2017-05-12 10:00:00,1,78,0,1,0,80.23758599428575,2.2375859942857517
2017-05-12 10:00:00,3,14,0,1,0,14.92982295089068,0.9298229508906797
2017-05-12 10:00:00,4,8,0,1,0,8.991504236242557,0.991504236242557
2017-05-12 10:00:00,2,24,0,1,0,23.830028819458438,0.16997118054156246
2017-05-12 11:00:00,1,93,0,1,0,81.62016590906342,11.379834090936583
2017-05-12 11:00:00,4,12,0,1,0,9.389878315634556,2.610121684365444
2017-05-12 11:00:00,2,23,0,1,0,25.64959536740339,2.649595367403389
2017-05-12 11:00:00,3,15,0,1,0,16.157599155956575,1.157599155956575
2017-05-12 12:00:00,1,99,0,1,0,86.83394451560768,12.166055484392317
2017-05-12 12:00:00,3,17,0,1,0,15.839083611867652,1.1609163881323479
2017-05-12 12:00:00,2,27,0,1,0,23.08681991982786,3.9131800801721397
2017-05-12 12:00:00,4,7,0,1,0,11.620902811792268,4.620902811792268
2017-05-12 13:00:00,4,8,0,1,0,8.607081095785736,0.6070810957857358
2017-05-12 13:00:00,2,26,0,1,0,25.928900331949063,0.07109966805093748
2017-05-12 13:00:00,1,85,0,1,0,82.1486895241913,2.8513104758087024
2017-05-12 13:00:00,3,16,0,1,0,16.318343714532524,0.3183437145325243
2017-05-12 14:00:00,3,16,0,1,0,17.326836364472,1.3268363644720012
2017-05-12 14:00:00,1,89,0,1,0,88.64605944561018,0.35394055438982264
2017-05-12 14:00:00,4,10,0,1,0,9.465430690928574,0.5345693090714256
2017-05-12 14:00:00,2,31,0,1,0,25.965178397396446,5.034821602603554
2017-05-12 15:00:00,1,92,0,1,0,85.77030400064785,6.2296959993521455
2017-05-12 15:00:00,4,8,0,1,0,9.447291266290888,1.447291266290888
2017-05-12 15:00:00,3,17,0,1,0,17.02836737053189,0.02836737053188898
2017-05-12 15:00:00,2,30,0,1,0,29.879281272134403,0.12071872786559723
2017-05-12 16:00:00,3,16,0,1,0,16.811365973690506,0.8113659736905063
2017-05-12 16:00:00,2,31,0,1,0,28.61196601236964,2.3880339876303616
2017-05-12 16:00:00,4,6,0,1,0,8.364730799652165,2.3647307996521647
2017-05-12 16:00:00,1,86,0,1,0,84.88424601933026,1.1157539806697372
2017-05-12 17:00:00,2,29,0,1,1,30.128513298474505,1.1285132984745054
2017-05-12 17:00:00,3,17,0,1,1,17.05924470101881,0.059244701018808854
2017-05-12 17:00:00,4,8,0,1,1,8.015023545281153,0.015023545281152906
2017-05-12 17:00:00,1,83,0,1,1,81.2869003013756,1.7130996986244043
2017-05-12 18:00:00,4,8,0,1,1,8.024760654299866,0.024760654299866403
2017-05-12 18:00:00,1,94,0,1,1,82.86950561014696,11.130494389853041
2017-05-12 18:00:00,3,16,0,1,1,17.542584222099016,1.5425842220990162
2017-05-12 18:00:00,2,33,0,1,1,28.576409685711425,4.423590314288575
2017-05-12 19:00:00,2,34,0,1,1,33.97390281526229,0.026097184737707835
2017-05-12 19:00:00,1,100,0,1,1,92.48894784524556,7.511052154754438
2017-05-12 19:00:00,3,17,0,1,1,17.40043793800413,0.4004379380041314
2017-05-12 19:00:00,4,4,0,1,1,8.042813430408378,4.042813430408378
2017-05-12 20:00:00,2,32,0,1,0,34.011904500443706,2.0119045004437055
2017-05-12 20:00:00,4,9,0,1,0,6.982527413355591,2.017472586644409
2017-05-12 20:00:00,3,11,0,1,0,17.346837435488595,6.346837435488595
2017-05-12 20:00:00,1,94,0,1,0,88.86075663907569,5.139243360924311
2017-05-12 21:00:00,4,7,0,1,0,8.095486021539685,1.0954860215396849
2017-05-12 21:00:00,1,79,0,1,0,84.31125220215402,5.311252202154023
2017-05-12 21:00:00,3,14,0,1,0,13.443477519699517,0.5565224803004831
2017-05-12 21:00:00,2,27,0,1,0,32.183322706238734,5.183322706238734
2017-05-12 22:00:00,1,78,0,1,0,75.68726208808661,2.3127379119133877
2017-05-12 22:00:00,2,31,0,1,0,27.29545787163155,3.7045421283684483
2017-05-12 22:00:00,3,12,0,1,0,13.731649880585888,1.7316498805858878
2017-05-12 22:00:00,4,5,0,1,0,7.427844620345105,2.4278446203451054
2017-05-12 23:00:00,2,28,0,1,0,29.238970517640887,1.2389705176408867
2017-05-12 23:00:00,3,14,0,1,0,12.402667639867657,1.5973323601323433
2017-05-12 23:00:00,1,76,0,1,0,73.34996211791452,2.650037882085485
2017-05-12 23:00:00,4,4,0,1,0,7.1405473248732765,3.1405473248732765
2017-05-13 00:00:00,2,30,0,0,0,25.26048795102149,4.739512048978511
2017-05-13 00:00:00,3,13,0,0,0,11.696862828962246,1.3031371710377542
2017-05-13 00:00:00,4,3,0,0,0,5.161499773427808,2.161499773427808
2017-05-13 00:00:00,1,67,0,0,0,68.07550529018762,1.0755052901876212
2017-05-13 01:00:00,3,10,0,0,0,10.181698000881658,0.18169800088165822
2017-05-13 01:00:00,2,26,0,0,0,25.086793521905594,0.9132064780944056
2017-05-13 01:00:00,1,59,0,0,0,57.36249419254175,1.637505807458247
2017-05-13 01:00:00,4,3,0,0,0,3.806953125578906,0.806953125578906
2017-05-13 02:00:00,4,8,0,0,0,3.4102320379658733,4.589767962034127
2017-05-13 02:00:00,2,22,0,0,0,21.821550685137296,0.17844931486270355
2017-05-13 02:00:00,3,10,0,0,0,8.605847040262663,1.3941529597373368
2017-05-13 02:00:00,1,44,0,0,0,52.51691908706512,8.51691908706512
2017-05-13 03:00:00,3,10,0,0,0,7.881043942076541,2.1189560579234588
2017-05-13 03:00:00,2,19,0,0,0,18.626793293592666,0.3732067064073341
2017-05-13 03:00:00,1,43,0,0,0,38.65923441684286,4.340765583157143
2017-05-13 03:00:00,4,4,0,0,0,4.457874062676369,0.4578740626763693
2017-05-13 04:00:00,4,1,0,0,0,3.9763170199408555,2.9763170199408555
2017-05-13 04:00:00,2,14,0,0,0,16.896232265234627,2.8962322652346266
2017-05-13 04:00:00,1,34,0,0,0,37.46925236932452,3.469252369324522
2017-05-13 04:00:00,3,5,0,0,0,7.680202684503458,2.680202684503458
2017-05-13 05:00:00,3,7,0,0,0,6.513705876969319,0.48629412303068076
2017-05-13 05:00:00,2,15,0,0,0,13.14743247360306,1.8525675263969408
2017-05-13 05:00:00,1,31,0,0,0,30.825811573267686,0.17418842673231438
2017-05-13 05:00:00,4,6,0,0,0,3.9170200819632086,2.0829799180367914
2017-05-13 06:00:00,3,9,0,0,0,6.432292426284375,2.5677075737156247
2017-05-13 06:00:00,1,34,0,0,0,31.867170266425003,2.1328297335749973
2017-05-13 06:00:00,4,1,0,0,0,4.187013515196605,3.187013515196605
2017-05-13 06:00:00,2,14,0,0,0,14.987908091393956,0.9879080913939564
2017-05-13 07:00:00,3,6,0,0,1,8.165134647333836,2.1651346473338364
2017-05-13 07:00:00,1,33,0,0,1,37.58068508210752,4.580685082107522
2017-05-13 07:00:00,2,13,0,0,1,15.652315758367477,2.652315758367477
2017-05-13 07:00:00,4,2,0,0,1,4.574663821238428,2.5746638212384276
2017-05-13 08:00:00,2,14,0,0,1,15.078948935103812,1.0789489351038117
2017-05-13 08:00:00,4,5,0,0,1,4.910349914738564,0.08965008526143592
2017-05-13 08:00:00,3,10,0,0,1,8.372558609426683,1.627441390573317
2017-05-13 08:00:00,1,38,0,0,1,37.13246567849927,0.8675343215007274
2017-05-13 09:00:00,3,11,0,0,1,10.868674506223647,0.1313254937763535
2017-05-13 09:00:00,2,17,0,0,1,15.90064225219532,1.0993577478046799
2017-05-13 09:00:00,4,6,0,0,1,5.7585843572596245,0.24141564274037552
2017-05-13 09:00:00,1,45,0,0,1,43.250335448470786,1.7496645515292144
2017-05-13 10:00:00,3,13,0,0,0,12.586442583704951,0.41355741629504905
2017-05-13 10:00:00,1,50,0,0,0,49.23459567333746,0.7654043266625408
2017-05-13 10:00:00,2,17,0,0,0,17.76366993493085,0.7636699349308493
2017-05-13 10:00:00,4,6,0,0,0,6.816281197807945,0.8162811978079452
2017-05-13 11:00:00,1,52,0,0,0,56.4328929468879,4.432892946887897
2017-05-13 11:00:00,4,5,0,0,0,7.421672303766972,2.4216723037669716
2017-05-13 11:00:00,2,23,0,0,0,18.606349471482915,4.393650528517085
2017-05-13 11:00:00,3,13,0,0,0,14.187025097841582,1.1870250978415822
2017-05-13 12:00:00,4,12,0,0,0,7.0590146558664335,4.9409853441335665
2017-05-13 12:00:00,2,20,0,0,0,22.237104419178305,2.237104419178305
2017-05-13 12:00:00,3,13,0,0,0,14.41554000641694,1.4155400064169399
2017-05-13 12:00:00,1,54,0,0,0,53.99973473212561,0.0002652678743899628
2017-05-13 13:00:00,3,12,0,0,0,13.438134332148069,1.4381343321480689
2017-05-13 13:00:00,2,18,0,0,0,18.979889465290373,0.9798894652903734
2017-05-13 13:00:00,4,3,0,0,0,9.423573181814264,6.423573181814264
2017-05-13 13:00:00,1,52,0,0,0,50.42028437148151,1.5797156285184926
2017-05-13 14:00:00,2,22,0,0,0,18.225075824115656,3.774924175884344
2017-05-13 14:00:00,1,51,0,0,0,53.387376471521684,2.3873764715216836
2017-05-13 14:00:00,4,10,0,0,0,6.966345918058214,3.033654081941786
2017-05-13 14:00:00,3,11,0,0,0,13.224107835900208,2.2241078359002078
2017-05-13 15:00:00,3,9,0,0,0,12.235831596808117,3.235831596808117
2017-05-13 15:00:00,4,8,0,0,0,9.01671696123743,1.0167169612374298
2017-05-13 15:00:00,1,54,0,0,0,50.945812018925444,3.0541879810745556
2017-05-13 15:00:00,2,17,0,0,0,21.180396858029837,4.180396858029837
2017-05-13 16:00:00,4,6,0,0,0,7.85882254178991,1.8588225417899098
2017-05-13 16:00:00,3,10,0,0,0,10.715468210810332,0.7154682108103323
2017-05-13 16:00:00,2,18,0,0,0,17.660482703726547,0.33951729627345273
2017-05-13 16:00:00,1,51,0,0,0,53.16347711085392,2.1634771108539184
2017-05-13 17:00:00,3,9,0,0,1,10.40198850183119,1.4019885018311893
2017-05-13 17:00:00,2,14,0,0,1,18.299863273367382,4.299863273367382
2017-05-13 17:00:00,4,6,0,0,1,7.8252277727281605,1.8252277727281605
2017-05-13 17:00:00,1,52,0,0,1,51.36520938909865,0.6347906109013479
2017-05-13 18:00:00,2,19,0,0,1,16.666512632557733,2.3334873674422667
2017-05-13 18:00:00,1,54,0,0,1,55.99026253581355,1.9902625358135495
2017-05-13 18:00:00,4,7,0,0,1,7.065368262399329,0.06536826239932925
2017-05-13 18:00:00,3,13,0,0,1,9.909866463403382,3.0901335365966176
2017-05-13 19:00:00,4,4,0,0,1,7.629516160109706,3.6295161601097057
2017-05-13 19:00:00,1,60,0,0,1,57.73449777955541,2.2655022204445885
2017-05-13 19:00:00,3,11,0,0,1,12.696366580499042,1.696366580499042
2017-05-13 19:00:00,2,19,0,0,1,19.65296888617044,0.6529688861704415
2017-05-13 20:00:00,1,64,0,0,0,60.228641545357135,3.771358454642865
2017-05-13 20:00:00,4,9,0,0,0,6.812384307774472,2.1876156922255277
2017-05-13 20:00:00,3,13,0,0,0,12.536268189312771,0.4637318106872286
2017-05-13 20:00:00,2,19,0,0,0,19.710094053051705,0.710094053051705
2017-05-13 21:00:00,4,8,0,0,0,7.725504836347355,0.27449516365264515
2017-05-13 21:00:00,2,20,0,0,0,18.5029934090932,1.4970065909067998
2017-05-13 21:00:00,3,12,0,0,0,13.015654821419345,1.0156548214193446
2017-05-13 21:00:00,1,60,0,0,0,62.39511622564506,2.3951162256450615
2017-05-13 22:00:00,2,15,0,0,0,19.257025858732863,4.257025858732863
2017-05-13 22:00:00,1,57,0,0,0,58.190728771774594,1.1907287717745945
2017-05-13 22:00:00,4,7,0,0,0,7.970307385043675,0.9703073850436752
2017-05-13 22:00:00,3,13,0,0,0,12.776274046475931,0.22372595352406854
2017-05-13 23:00:00,2,18,0,0,0,16.405137466676603,1.594862533323397
2017-05-13 23:00:00,1,58,0,0,0,55.47785128634349,2.522148713656513
2017-05-13 23:00:00,4,5,0,0,0,8.215318781111977,3.2153187811119768
2017-05-13 23:00:00,3,11,0,0,0,13.090805661426018,2.0908056614260175
2017-05-14 00:00:00,4,5,0,0,0,5.871888427197078,0.8718884271970779
2017-05-14 00:00:00,2,15,0,0,0,16.41984744675634,1.4198474467563393
2017-05-14 00:00:00,1,49,0,0,0,51.353966738102464,2.3539667381024643
2017-05-14 00:00:00,3,10,0,0,0,10.687149634443355,0.6871496344433545
2017-05-14 01:00:00,3,6,0,0,0,8.179823308946286,2.179823308946286
2017-05-14 01:00:00,1,42,0,0,0,43.40621446815576,1.4062144681557598
2017-05-14 01:00:00,2,18,0,0,0,13.064270704229008,4.935729295770992
2017-05-14 01:00:00,4,3,0,0,0,4.554741580241695,1.5547415802416946
2017-05-14 02:00:00,4,6,0,0,0,3.8854086603066014,2.1145913396933986
2017-05-14 02:00:00,2,16,0,0,0,14.935580732570536,1.0644192674294644
2017-05-14 02:00:00,3,8,0,0,0,6.744711137091978,1.2552888629080217
2017-05-14 02:00:00,1,35,0,0,0,37.69022081693187,2.6902208169318698
2017-05-14 03:00:00,4,4,0,0,0,3.9854194208323137,0.014580579167686292
2017-05-14 03:00:00,2,15,0,0,0,13.929713924180247,1.0702860758197534
2017-05-14 03:00:00,1,36,0,0,0,31.083585645493056,4.916414354506944
2017-05-14 03:00:00,3,6,0,0,0,6.386441850163066,0.38644185016306576
2017-05-14 04:00:00,4,1,0,0,0,3.913323800065468,2.913323800065468
2017-05-14 04:00:00,3,5,0,0,0,5.6011214650513095,0.6011214650513095
2017-05-14 04:00:00,1,27,0,0,0,30.96062090254299,3.9606209025429884
2017-05-14 04:00:00,2,10,0,0,0,13.017170612665533,3.0171706126655327
2017-05-14 05:00:00,4,1,0,0,0,3.6041693162699775,2.6041693162699775
2017-05-14 05:00:00,1,23,0,0,0,26.767219998625592,3.767219998625592
2017-05-14 05:00:00,2,10,0,0,0,9.854651548581634,0.14534845141836605
2017-05-14 05:00:00,3,5,0,0,0,5.365742206171705,0.3657422061717046
2017-05-14 06:00:00,3,5,0,0,0,5.431045234447686,0.4310452344476863
2017-05-14 06:00:00,2,8,0,0,0,9.958528631041078,1.9585286310410783
2017-05-14 06:00:00,1,29,0,0,0,25.664863551025675,3.3351364489743247
2017-05-14 06:00:00,4,3,0,0,0,3.749169620040419,0.7491696200404192
2017-05-14 07:00:00,4,5,0,0,1,4.455002920139727,0.5449970798602726
2017-05-14 07:00:00,1,33,0,0,1,31.44364698897224,1.5563530110277597
2017-05-14 07:00:00,3,5,0,0,1,5.906145779925364,0.9061457799253638
2017-05-14 07:00:00,2,14,0,0,1,9.319061963975031,4.680938036024969
2017-05-14 08:00:00,3,9,0,0,1,6.577092397635944,2.422907602364056
2017-05-14 08:00:00,1,36,0,0,1,36.64145027868281,0.6414502786828109
2017-05-14 08:00:00,2,8,0,0,1,13.125489540093124,5.125489540093124
2017-05-14 08:00:00,4,6,0,0,1,5.188771342167111,0.8112286578328893
2017-05-14 09:00:00,3,8,0,0,1,8.833041383302469,0.8330413833024686
2017-05-14 09:00:00,2,12,0,0,1,11.702799515211797,0.2972004847882026
2017-05-14 09:00:00,1,43,0,0,1,41.63072238056074,1.3692776194392593
2017-05-14 09:00:00,4,4,0,0,1,6.35560733092863,2.3556073309286303
2017-05-14 10:00:00,2,12,0,0,0,12.984841039812606,0.984841039812606
2017-05-14 10:00:00,4,4,0,0,0,6.7349858135831795,2.7349858135831795
2017-05-14 10:00:00,1,51,0,0,0,46.18523605063415,4.814763949365847
2017-05-14 10:00:00,3,7,0,0,0,10.287939795041401,3.2879397950414013
2017-05-14 11:00:00,4,7,0,0,0,6.422132189922837,0.577867810077163
2017-05-14 11:00:00,3,8,0,0,0,10.145336743415841,2.1453367434158412
2017-05-14 11:00:00,1,53,0,0,0,58.09481092407319,5.094810924073187
2017-05-14 11:00:00,2,17,0,0,0,13.234267276482605,3.765732723517395
2017-05-14 12:00:00,4,6,0,0,0,6.897197666525481,0.8971976665254813
2017-05-14 12:00:00,1,52,0,0,0,54.539140436434614,2.5391404364346144
2017-05-14 12:00:00,3,11,0,0,0,9.388250084548178,1.6117499154518224
2017-05-14 12:00:00,2,18,0,0,0,16.348497200377015,1.6515027996229854
2017-05-14 13:00:00,4,7,0,0,0,6.109983253051769,0.8900167469482314
2017-05-14 13:00:00,3,13,0,0,0,9.770757990354275,3.2292420096457253
2017-05-14 13:00:00,1,51,0,0,0,49.48493016747466,1.5150698325253416
2017-05-14 13:00:00,2,16,0,0,0,16.441864867988365,0.44186486798836455
2017-05-14 14:00:00,4,7,0,0,0,7.237522258004854,0.23752225800485416
2017-05-14 14:00:00,1,50,0,0,0,51.908419920293255,1.9084199202932552
2017-05-14 14:00:00,2,13,0,0,0,17.14376656584578,4.14376656584578
2017-05-14 14:00:00,3,9,0,0,0,12.061226788686062,3.061226788686062
2017-05-14 15:00:00,4,10,0,0,0,7.277356030358261,2.722643969641739
2017-05-14 15:00:00,2,19,0,0,0,15.318984739535829,3.6810152604641715
2017-05-14 15:00:00,1,46,0,0,0,49.4048522420906,3.4048522420905982
2017-05-14 15:00:00,3,8,0,0,0,10.869272580519743,2.869272580519743
2017-05-14 16:00:00,1,51,0,0,0,45.67716808208297,5.3228319179170285
2017-05-14 16:00:00,3,9,0,0,0,9.948955727045933,0.9489557270459326
2017-05-14 16:00:00,2,21,0,0,0,17.34673238641239,3.6532676135876088
2017-05-14 16:00:00,4,7,0,0,0,8.971504869304404,1.971504869304404
2017-05-14 17:00:00,4,10,0,0,1,8.252708159211112,1.747291840788888
2017-05-14 17:00:00,2,23,0,0,1,19.87890008937351,3.1210999106264907
2017-05-14 17:00:00,1,53,0,0,1,51.375872311879625,1.6241276881203746
2017-05-14 17:00:00,3,9,0,0,1,9.286063773159325,0.2860637731593254
2017-05-14 18:00:00,1,62,0,0,1,55.95701583327045,6.042984166729553
2017-05-14 18:00:00,4,7,0,0,1,9.216052206271518,2.2160522062715184
2017-05-14 18:00:00,2,21,0,0,1,23.114925272766783,2.114925272766783
2017-05-14 18:00:00,3,11,0,0,1,9.575948769772388,1.4240512302276116
2017-05-14 19:00:00,2,21,0,0,1,21.77111928489573,0.7711192848957289
2017-05-14 19:00:00,3,14,0,0,1,11.489119594101773,2.5108804058982273
2017-05-14 19:00:00,4,9,0,0,1,8.828843721391461,0.17115627860853877
2017-05-14 19:00:00,1,67,0,0,1,66.32846163192849,0.6715383680715092
2017-05-14 20:00:00,1,63,0,0,0,68.58747104382712,5.587471043827122
2017-05-14 20:00:00,4,7,0,0,0,8.876268252995358,1.8762682529953576
2017-05-14 20:00:00,2,21,0,0,0,21.617810335226924,0.617810335226924
2017-05-14 20:00:00,3,13,0,0,0,13.392749677593194,0.39274967759319424
2017-05-14 21:00:00,1,60,0,0,0,60.84275503728206,0.8427550372820605
2017-05-14 21:00:00,2,21,0,0,0,20.56418296737375,0.43581703262625027
2017-05-14 21:00:00,4,4,0,0,0,8.01814138393376,4.018141383933759
2017-05-14 21:00:00,3,10,0,0,0,13.50373194110293,3.503731941102931
2017-05-14 22:00:00,1,62,0,0,0,58.850879107444726,3.149120892555274
2017-05-14 22:00:00,4,5,0,0,0,6.939109532548975,1.939109532548975
2017-05-14 22:00:00,2,25,0,0,0,20.58781531049105,4.412184689508951
2017-05-14 22:00:00,3,11,0,0,0,12.220420664872114,1.2204206648721136
2017-05-14 23:00:00,4,5,0,0,0,5.9661418511248305,0.9661418511248305
2017-05-14 23:00:00,3,11,0,0,0,11.44530260467159,0.4453026046715909
2017-05-14 23:00:00,1,59,0,0,0,58.656633393847734,0.3433666061522658
2017-05-14 23:00:00,2,17,0,0,0,24.23759177651019,7.23759177651019
2017-05-15 00:00:00,2,19,0,1,0,18.740184023022916,0.2598159769770838
2017-05-15 00:00:00,3,9,0,1,0,9.950196566780004,0.9501965667800043
2017-05-15 00:00:00,4,7,0,1,0,5.081443214963569,1.9185567850364311
2017-05-15 00:00:00,1,52,0,1,0,53.41070701922226,1.410707019222258
2017-05-15 01:00:00,1,44,0,1,0,47.439551618725936,3.439551618725936
2017-05-15 01:00:00,3,6,0,1,0,7.9439677496156325,1.9439677496156325
2017-05-15 01:00:00,4,5,0,1,0,4.890607308031975,0.10939269196802481
2017-05-15 01:00:00,2,18,0,1,0,16.892749275261668,1.107250724738332
2017-05-15 02:00:00,2,18,0,1,0,15.753524244792962,2.2464757552070385
2017-05-15 02:00:00,3,8,0,1,0,6.8727492828192975,1.1272507171807025
2017-05-15 02:00:00,4,5,0,1,0,4.8123442932515115,0.18765570674848853
2017-05-15 02:00:00,1,40,0,1,0,39.39874908893001,0.6012509110699895
2017-05-15 03:00:00,2,12,0,1,0,15.749890369049004,3.7498903690490035
2017-05-15 03:00:00,3,5,0,1,0,6.3075036164228635,1.3075036164228635
2017-05-15 03:00:00,1,33,0,1,0,36.503435055815466,3.5034350558154657
2017-05-15 03:00:00,4,6,0,1,0,4.784429153492645,1.2155708465073554
2017-05-15 04:00:00,2,13,0,1,0,11.843324820262081,1.1566751797379187
2017-05-15 04:00:00,3,6,0,1,0,5.749243600116269,0.25075639988373144
2017-05-15 04:00:00,4,3,0,1,0,4.538118277143634,1.5381182771436341
2017-05-15 04:00:00,1,32,0,1,0,30.105786613231263,1.8942133867687367
2017-05-15 05:00:00,1,33,0,1,0,30.4443805815703,2.5556194184297
2017-05-15 05:00:00,2,11,0,1,0,11.340132424492234,0.3401324244922339
2017-05-15 05:00:00,3,7,0,1,0,5.641718196722946,1.3582818032770536
2017-05-15 05:00:00,4,1,0,1,0,4.1782297469081495,3.1782297469081495
2017-05-15 06:00:00,3,5,0,1,0,6.345731930610201,1.3457319306102011
2017-05-15 06:00:00,2,14,0,1,0,11.742242223065592,2.257757776934408
2017-05-15 06:00:00,4,4,0,1,0,4.2449670318303845,0.24496703183038449
2017-05-15 06:00:00,1,43,0,1,0,35.71353882335038,7.286461176649617
2017-05-15 07:00:00,2,19,0,1,1,14.536964429284014,4.463035570715986
2017-05-15 07:00:00,3,5,0,1,1,7.251868029688985,2.2518680296889846
2017-05-15 07:00:00,4,6,0,1,1,4.846831222784015,1.1531687772159849
2017-05-15 07:00:00,1,48,0,1,1,46.27135637079843,1.7286436292015708
2017-05-15 08:00:00,3,8,0,1,1,7.602229173864158,0.3977708261358419
2017-05-15 08:00:00,2,20,0,1,1,18.97890408278303,1.0210959172169716
2017-05-15 08:00:00,4,7,0,1,1,5.858615430093669,1.1413845699063314
2017-05-15 08:00:00,1,52,0,1,1,53.519995175292024,1.5199951752920242
2017-05-15 09:00:00,1,64,0,1,1,61.57546290162636,2.4245370983736407
2017-05-15 09:00:00,4,6,0,1,1,8.26885308258873,2.2688530825887305
2017-05-15 09:00:00,2,19,0,1,1,22.042428280762316,3.0424282807623158
2017-05-15 09:00:00,3,8,0,1,1,9.42606341599744,1.4260634159974401
2017-05-15 10:00:00,1,81,0,1,0,77.60745748734476,3.3925425126552398
2017-05-15 10:00:00,2,23,0,1,0,21.710215155865082,1.2897848441349176
2017-05-15 10:00:00,4,5,0,1,0,8.767916027544423,3.7679160275444232
2017-05-15 10:00:00,3,12,0,1,0,10.564399133064368,1.4356008669356317
2017-05-15 11:00:00,4,7,0,1,0,8.634938130506029,1.634938130506029
2017-05-15 11:00:00,2,29,0,1,0,24.93689818214703,4.063101817852971
2017-05-15 11:00:00,1,113,0,1,0,85.9515259497092,27.048474050290807
2017-05-15 11:00:00,3,17,0,1,0,13.120630372302614,3.879369627697386
2017-05-15 12:00:00,3,19,0,1,0,16.825749052396915,2.1742509476030847
2017-05-15 12:00:00,1,112,0,1,0,95.33425444940112,16.665745550598885
2017-05-15 12:00:00,4,10,0,1,0,8.44760634938267,1.5523936506173293
2017-05-15 12:00:00,2,35,0,1,0,27.263621720969006,7.736378279030994
2017-05-15 13:00:00,4,7,0,1,0,8.639752351634005,1.6397523516340051
2017-05-15 13:00:00,2,31,0,1,0,33.11215837652289,2.112158376522892
2017-05-15 13:00:00,3,20,0,1,0,17.594956207200905,2.405043792799095
2017-05-15 13:00:00,1,95,0,1,0,94.46487794456907,0.5351220554309322
2017-05-15 14:00:00,4,9,0,1,0,9.194471269215901,0.1944712692159012
2017-05-15 14:00:00,1,102,0,1,0,102.8694118748685,0.8694118748685042
2017-05-15 14:00:00,3,18,0,1,0,20.140860059284407,2.1408600592844067
2017-05-15 14:00:00,2,36,0,1,0,31.42889851000749,4.571101489992511
2017-05-15 15:00:00,2,30,0,1,0,35.45357043175074,5.453570431750741
2017-05-15 15:00:00,1,102,0,1,0,98.56486695089527,3.435133049104735
2017-05-15 15:00:00,3,20,0,1,0,18.38502647142285,1.6149735285771492
2017-05-15 15:00:00,4,7,0,1,0,8.968613568180187,1.9686135681801868
2017-05-15 16:00:00,4,12,0,1,0,8.158288944760594,3.841711055239406
2017-05-15 16:00:00,1,100,0,1,0,96.28804092877718,3.7119590712228216
2017-05-15 16:00:00,3,21,0,1,0,19.2116145362463,1.7883854637536984
2017-05-15 16:00:00,2,37,0,1,0,29.39293125519924,7.60706874480076
2017-05-15 17:00:00,1,100,0,1,1,98.13528052484136,1.864719475158637
2017-05-15 17:00:00,2,33,0,1,1,36.35889988881672,3.3588998888167225
2017-05-15 17:00:00,3,16,0,1,1,19.831633714590744,3.831633714590744
2017-05-15 17:00:00,4,9,0,1,1,9.862287395433102,0.8622873954331016
2017-05-15 18:00:00,2,39,0,1,1,33.938498574080455,5.061501425919545
2017-05-15 18:00:00,4,8,0,1,1,9.190986160384925,1.1909861603849254
2017-05-15 18:00:00,1,105,0,1,1,102.00007985195855,2.999920148041454
2017-05-15 18:00:00,3,25,0,1,1,17.947515814241125,7.052484185758875
2017-05-15 19:00:00,2,36,0,1,1,39.89413728811049,3.8941372881104925
2017-05-15 19:00:00,4,6,0,1,1,9.069473926981047,3.069473926981047
2017-05-15 19:00:00,3,19,0,1,1,25.385179330597268,6.385179330597268
2017-05-15 19:00:00,1,112,0,1,1,104.93736194849643,7.062638051503569
2017-05-15 20:00:00,3,16,0,1,0,19.322792283126933,3.322792283126933
2017-05-15 20:00:00,2,33,0,1,0,35.544140155778,2.5441401557780026
2017-05-15 20:00:00,4,7,0,1,0,7.83210813091198,0.8321081309119798
2017-05-15 20:00:00,1,99,0,1,0,100.86142421727826,1.8614242172782554
2017-05-15 21:00:00,1,97,0,1,0,94.74049042043072,2.2595095795692828
2017-05-15 21:00:00,4,5,0,1,0,7.773235976052817,2.773235976052817
2017-05-15 21:00:00,2,34,0,1,0,33.38126777732067,0.618732222679327
2017-05-15 21:00:00,3,13,0,1,0,17.535303681804173,4.535303681804173
2017-05-15 22:00:00,1,86,0,1,0,92.10512092282144,6.105120922821442
2017-05-15 22:00:00,4,7,0,1,0,6.787646704153698,0.21235329584630236
2017-05-15 22:00:00,2,34,0,1,0,33.15232597876546,0.847674021234539
2017-05-15 22:00:00,3,11,0,1,0,14.837528612140781,3.8375286121407814
2017-05-15 23:00:00,3,11,0,1,0,12.61486891773168,1.6148689177316804
2017-05-15 23:00:00,1,82,0,1,0,80.90022543599704,1.0997745640029564
2017-05-15 23:00:00,4,7,0,1,0,6.980000804741219,0.019999195258781022
2017-05-15 23:00:00,2,33,0,1,0,32.23032742524412,0.7696725747558801
2017-05-16 00:00:00,1,74,0,1,0,74.61576977175743,0.615769771757428
2017-05-16 00:00:00,2,29,0,1,0,30.532866024628845,1.532866024628845
2017-05-16 00:00:00,4,4,0,1,0,5.903705306673774,1.903705306673774
2017-05-16 00:00:00,3,13,0,1,0,10.323201168169154,2.6767988318308458
2017-05-16 01:00:00,2,26,0,1,0,24.35289523424924,1.6471047657507611
2017-05-16 01:00:00,3,7,0,1,0,9.795320458335707,2.7953204583357074
2017-05-16 01:00:00,1,64,0,1,0,63.02349662376585,0.9765033762341488
2017-05-16 01:00:00,4,3,0,1,0,4.936835291503623,1.9368352915036233
2017-05-16 02:00:00,4,4,0,1,0,4.150314607149283,0.1503146071492827
2017-05-16 02:00:00,2,26,0,1,0,22.014851965669834,3.985148034330166
2017-05-16 02:00:00,3,7,0,1,0,7.5491982542528895,0.5491982542528895
2017-05-16 02:00:00,1,55,0,1,0,57.24771333401718,2.2477133340171775
2017-05-16 03:00:00,2,22,0,1,0,22.05470253363042,0.05470253363041877
2017-05-16 03:00:00,3,4,0,1,0,6.732766348662681,2.7327663486626808
2017-05-16 03:00:00,1,45,0,1,0,49.64739623948472,4.647396239484721
2017-05-16 03:00:00,4,4,0,1,0,3.8690752631126535,0.13092473688734652
2017-05-16 04:00:00,2,17,0,1,0,18.793442726777453,1.793442726777453
2017-05-16 04:00:00,1,35,0,1,0,40.379257482655674,5.3792574826556745
2017-05-16 04:00:00,4,5,0,1,0,3.8690752631126535,1.1309247368873465
2017-05-16 04:00:00,3,8,0,1,0,5.5696225759561,2.4303774240438996
2017-05-16 05:00:00,4,2,0,1,0,4.247358533243141,2.2473585332431414
2017-05-16 05:00:00,1,37,0,1,0,33.15023802801214,3.84976197198786
2017-05-16 05:00:00,3,4,0,1,0,5.8239202089556485,1.8239202089556485
2017-05-16 05:00:00,2,17,0,1,0,16.671831824575737,0.32816817542426335
2017-05-16 06:00:00,1,42,0,1,0,39.53511636935089,2.464883630649112
2017-05-16 06:00:00,3,8,0,1,0,5.739280503515901,2.260719496484099
2017-05-16 06:00:00,2,16,0,1,0,17.68766381795365,1.6876638179536485
2017-05-16 06:00:00,4,4,0,1,0,4.3612097186036864,0.36120971860368645
2017-05-16 07:00:00,3,6,0,1,1,7.904100613377326,1.9041006133773264
2017-05-16 07:00:00,4,7,0,1,1,5.067043018702998,1.9329569812970018
2017-05-16 07:00:00,2,19,0,1,1,18.322355134016224,0.6776448659837762
2017-05-16 07:00:00,1,48,0,1,1,46.01678216305144,1.9832178369485618
2017-05-16 08:00:00,4,4,0,1,1,6.691781256273228,2.691781256273228
2017-05-16 08:00:00,1,54,0,1,1,53.19443799033377,0.8055620096662324
2017-05-16 08:00:00,2,20,0,1,1,20.18362238135868,0.18362238135868125
2017-05-16 08:00:00,3,8,0,1,1,8.04851973386007,0.04851973386007025
2017-05-16 09:00:00,4,7,0,1,1,7.009645790928923,0.009645790928923148
2017-05-16 09:00:00,2,24,0,1,1,21.982357255586116,2.017642744413884
2017-05-16 09:00:00,1,64,0,1,1,63.80888858730577,0.1911114126942266
2017-05-16 09:00:00,3,10,0,1,1,10.126794045707241,0.12679404570724095
2017-05-16 10:00:00,4,9,0,1,0,9.091232618599436,0.09123261859943632
2017-05-16 10:00:00,2,23,0,1,0,26.864383648863253,3.864383648863253
2017-05-16 10:00:00,1,86,0,1,0,75.9062613833406,10.093738616659394
2017-05-16 10:00:00,3,17,0,1,0,12.35976247651393,4.6402375234860695
2017-05-16 11:00:00,2,34,0,1,0,25.224147777768238,8.775852222231762
2017-05-16 11:00:00,1,95,0,1,0,88.33762071380589,6.66237928619411
2017-05-16 11:00:00,3,18,0,1,0,17.354551339596842,0.645448660403158
2017-05-16 11:00:00,4,11,0,1,0,9.6679368585571,1.3320631414428998
2017-05-16 12:00:00,3,20,0,1,0,17.81234275590389,2.1876572440961084
2017-05-16 12:00:00,1,99,0,1,0,92.27474612740629,6.725253872593711
2017-05-16 12:00:00,4,10,0,1,0,11.152460113417257,1.1524601134172574
2017-05-16 12:00:00,2,35,0,1,0,33.022551779327955,1.977448220672045
2017-05-16 13:00:00,3,13,0,1,0,19.067139853901484,6.067139853901484
2017-05-16 13:00:00,1,96,0,1,0,86.62046585849012,9.379534141509879
2017-05-16 13:00:00,4,9,0,1,0,9.70456691308192,0.7045669130819192
2017-05-16 13:00:00,2,31,0,1,0,33.53560063292321,2.535600632923213
2017-05-16 14:00:00,4,6,0,1,0,9.791767996188197,3.791767996188197
2017-05-16 14:00:00,3,18,0,1,0,16.638449307836794,1.3615506921632061
2017-05-16 14:00:00,2,38,0,1,0,31.764125673909856,6.235874326090144
2017-05-16 14:00:00,1,98,0,1,0,97.01847929925809,0.9815207007419104
2017-05-16 15:00:00,3,17,0,1,0,17.714714885677097,0.7147148856770968
2017-05-16 15:00:00,2,37,0,1,0,38.334159115112875,1.3341591151128753
2017-05-16 15:00:00,1,100,0,1,0,92.83588907837887,7.1641109216211305
2017-05-16 15:00:00,4,11,0,1,0,8.489800930365748,2.510199069634252
2017-05-16 16:00:00,1,91,0,1,0,96.70566100031566,5.705661000315658
2017-05-16 16:00:00,4,8,0,1,0,9.352834947138222,1.3528349471382217
2017-05-16 16:00:00,2,33,0,1,0,36.100824563021966,3.100824563021966
2017-05-16 16:00:00,3,19,0,1,0,16.8678561547896,2.1321438452104005
2017-05-16 17:00:00,2,33,0,1,1,33.70195151958325,0.7019515195832469
2017-05-16 17:00:00,1,95,0,1,1,89.47428529245876,5.5257147075412405
2017-05-16 17:00:00,4,9,0,1,1,8.6566071712207,0.3433928287793009
2017-05-16 17:00:00,3,17,0,1,1,18.661695354353363,1.6616953543533626
2017-05-16 18:00:00,2,39,0,1,1,33.78909039412173,5.210909605878271
2017-05-16 18:00:00,1,94,0,1,1,95.90147042424228,1.9014704242422766
2017-05-16 18:00:00,4,6,0,1,1,8.866927416928652,2.866927416928652
2017-05-16 18:00:00,3,16,0,1,1,18.43822935665842,2.4382293566584217
2017-05-16 19:00:00,1,92,0,1,1,94.80118441400299,2.8011844140029893
2017-05-16 19:00:00,3,17,0,1,1,18.04957122164068,1.0495712216406794
2017-05-16 19:00:00,4,8,0,1,1,7.776593537872616,0.22340646212738413
2017-05-16 19:00:00,2,34,0,1,1,40.15345047108899,6.153450471088988
2017-05-16 20:00:00,4,9,0,1,0,8.331162458007443,0.6688375419925574
2017-05-16 20:00:00,3,15,0,1,0,17.368028444191864,2.3680284441918644
2017-05-16 20:00:00,2,38,0,1,0,33.97191690583164,4.028083094168359
2017-05-16 20:00:00,1,93,0,1,0,90.1886287283148,2.8113712716852035
2017-05-16 21:00:00,4,5,0,1,0,8.318300595543473,3.318300595543473
2017-05-16 21:00:00,1,88,0,1,0,89.12296706089212,1.1229670608921225
2017-05-16 21:00:00,2,33,0,1,0,37.63074099248196,4.630740992481961
2017-05-16 21:00:00,3,16,0,1,0,15.290531319743799,0.7094686802562009
2017-05-16 22:00:00,4,6,0,1,0,7.388347462802816,1.388347462802816
2017-05-16 22:00:00,1,81,0,1,0,85.27973578341107,4.27973578341107
2017-05-16 22:00:00,2,27,0,1,0,33.248665834815405,6.248665834815405
2017-05-16 22:00:00,3,13,0,1,0,15.658382578479054,2.6583825784790545
2017-05-16 23:00:00,4,9,0,1,0,6.819589251893365,2.1804107481066346
2017-05-16 23:00:00,3,15,0,1,0,14.089157661209493,0.9108423387905074
2017-05-16 23:00:00,2,30,0,1,0,26.305710663331574,3.694289336668426
2017-05-16 23:00:00,1,83,0,1,0,74.84635490527226,8.153645094727736
2017-05-17 00:00:00,1,73,0,1,0,75.24439406488099,2.244394064880993
2017-05-17 00:00:00,2,29,0,1,0,27.67586923030954,1.3241307696904592
2017-05-17 00:00:00,4,8,0,1,0,6.300882708229928,1.6991172917700723
2017-05-17 00:00:00,3,13,0,1,0,12.952938084118895,0.04706191588110542
2017-05-17 01:00:00,3,10,0,1,0,10.488226351601735,0.48822635160173533
2017-05-17 01:00:00,1,60,0,1,0,62.43203980039241,2.4320398003924097
2017-05-17 01:00:00,4,2,0,1,0,5.868392987537058,3.8683929875370584
2017-05-17 01:00:00,2,25,0,1,0,24.414820413510963,0.585179586489037
2017-05-17 02:00:00,2,26,0,1,0,21.304217975465995,4.6957820245340045
2017-05-17 02:00:00,1,52,0,1,0,54.547332079696176,2.547332079696176
2017-05-17 02:00:00,3,9,0,1,0,9.084011887501655,0.08401188750165467
2017-05-17 02:00:00,4,3,0,1,0,4.843242229317441,1.8432422293174406
2017-05-17 03:00:00,1,41,0,1,0,47.82593760969969,6.825937609699693
2017-05-17 03:00:00,3,9,0,1,0,7.75146557623899,1.2485344237610096
2017-05-17 03:00:00,2,20,0,1,0,22.05470253363042,2.0547025336304188
2017-05-17 03:00:00,4,2,0,1,0,4.048685523513045,2.0486855235130452
2017-05-17 04:00:00,2,19,0,1,0,17.81533901619085,1.1846609838091489
2017-05-17 04:00:00,3,7,0,1,0,7.367547901040603,0.3675479010406031
2017-05-17 04:00:00,1,36,0,1,0,37.619789217296294,1.6197892172962938
2017-05-17 04:00:00,4,1,0,1,0,3.6488634671936717,2.6488634671936717
2017-05-17 05:00:00,4,3,0,1,0,3.6488634671936717,0.6488634671936717
2017-05-17 05:00:00,1,37,0,1,0,33.51010292365054,3.4898970763494574
2017-05-17 05:00:00,2,12,0,1,0,17.642009254936898,5.642009254936898
2017-05-17 05:00:00,3,8,0,1,0,6.875682999705155,1.1243170002948446
2017-05-17 06:00:00,3,6,0,1,0,7.5441320669926615,1.5441320669926615
2017-05-17 06:00:00,2,14,0,1,0,15.048588876748457,1.0485888767484575
2017-05-17 06:00:00,4,4,0,1,0,4.140997922684703,0.14099792268470335
2017-05-17 06:00:00,1,45,0,1,0,39.427596175070306,5.572403824929694
2017-05-17 07:00:00,3,11,0,1,1,7.9207633261248125,3.0792366738751875
2017-05-17 07:00:00,2,19,0,1,1,15.810236358053498,3.1897636419465023
2017-05-17 07:00:00,1,52,0,1,1,48.003746484404665,3.9962535155953347
2017-05-17 07:00:00,4,4,0,1,1,4.846831222784015,0.8468312227840151
2017-05-17 08:00:00,2,18,0,1,1,18.856323231666444,0.856323231666444
2017-05-17 08:00:00,3,7,0,1,1,10.912602511584122,3.9126025115841223
2017-05-17 08:00:00,1,55,0,1,1,55.6444327079543,0.6444327079543015
2017-05-17 08:00:00,4,6,0,1,1,5.615763291918102,0.3842367080818976
2017-05-17 09:00:00,1,67,0,1,1,65.03389356683667,1.9661064331633327
2017-05-17 09:00:00,4,5,0,1,1,7.090941175153689,2.090941175153689
2017-05-17 09:00:00,3,8,0,1,1,11.283247547228608,3.2832475472286085
2017-05-17 09:00:00,2,20,0,1,1,20.80714758213307,0.8071475821330694
2017-05-17 10:00:00,1,76,0,1,0,78.36611441904354,2.366114419043541
2017-05-17 10:00:00,2,21,0,1,0,22.327641063960026,1.3276410639600265
2017-05-17 10:00:00,4,9,0,1,0,7.749140794049746,1.2508592059502543
2017-05-17 10:00:00,3,14,0,1,0,11.913176531909661,2.086823468090339
2017-05-17 11:00:00,2,28,0,1,0,22.59618195532997,5.403818044670029
2017-05-17 11:00:00,1,95,0,1,0,83.06190802266526,11.938091977334736
2017-05-17 11:00:00,3,15,0,1,0,14.433968562792355,0.5660314372076449
2017-05-17 11:00:00,4,10,0,1,0,9.581083398799143,0.4189166012008574
2017-05-17 12:00:00,1,98,0,1,0,92.49150616580958,5.508493834190418
2017-05-17 12:00:00,2,33,0,1,0,26.573239004405746,6.426760995594254
2017-05-17 12:00:00,4,7,0,1,0,10.675373195066669,3.675373195066669
2017-05-17 12:00:00,3,19,0,1,0,15.66722013731953,3.3327798626804697
2017-05-17 13:00:00,4,5,0,1,0,8.156774330635182,3.156774330635182
2017-05-17 13:00:00,2,36,0,1,0,30.596131871839496,5.403868128160504
2017-05-17 13:00:00,3,17,0,1,0,17.38862749745679,0.38862749745678826
2017-05-17 13:00:00,1,90,0,1,0,86.51296170168237,3.4870382983176285
2017-05-17 14:00:00,1,93,0,1,0,95.90855486437201,2.9085548643720074
2017-05-17 14:00:00,2,36,0,1,0,36.07647288491728,0.07647288491727977
2017-05-17 14:00:00,4,8,0,1,0,8.201374471627839,0.2013744716278385
2017-05-17 14:00:00,3,20,0,1,0,18.339885623861743,1.6601143761382566
2017-05-17 15:00:00,2,39,0,1,0,36.13225581350709,2.8677441864929065
2017-05-17 15:00:00,3,21,0,1,0,19.56609649782649,1.4339035021735107
2017-05-17 15:00:00,4,5,0,1,0,8.051936582585373,3.0519365825853733
2017-05-17 15:00:00,1,94,0,1,0,89.49199896507335,4.50800103492665
2017-05-17 16:00:00,2,38,0,1,0,38.2328112701723,0.23281127017229863
2017-05-17 16:00:00,4,7,0,1,0,6.894166104256762,0.10583389574323832
2017-05-17 16:00:00,1,94,0,1,0,88.00507257981414,5.99492742018586
2017-05-17 16:00:00,3,17,0,1,0,19.85414111481023,2.854141114810229
2017-05-17 17:00:00,3,18,0,1,1,18.114165975879278,0.11416597587927768
2017-05-17 17:00:00,1,89,0,1,1,89.31100382005768,0.3110038200576781
2017-05-17 17:00:00,4,6,0,1,1,7.329397655933527,1.3293976559335272
2017-05-17 17:00:00,2,38,0,1,1,38.36977843052114,0.3697784305211371
2017-05-17 18:00:00,3,16,0,1,1,18.46275364695838,2.4627536469583795
2017-05-17 18:00:00,1,100,0,1,1,90.55941832933495,9.440581670665054
2017-05-17 18:00:00,4,5,0,1,1,6.918659610030729,1.918659610030729
2017-05-17 18:00:00,2,42,0,1,1,39.66953297206299,2.3304670279370114
2017-05-17 19:00:00,3,11,0,1,1,18.166330564133652,7.166330564133652
2017-05-17 19:00:00,2,34,0,1,1,44.61958143967735,10.619581439677347
2017-05-17 19:00:00,4,4,0,1,1,6.873721246038807,2.873721246038807
2017-05-17 19:00:00,1,104,0,1,1,100.25223850998636,3.7477614900136444
2017-05-17 20:00:00,4,6,0,1,0,5.814237056431332,0.18576294356866807
2017-05-17 20:00:00,1,95,0,1,0,95.13626712691487,0.13626712691487342
2017-05-17 20:00:00,3,10,0,1,0,14.619706904016775,4.619706904016775
2017-05-17 20:00:00,2,37,0,1,0,34.95241674952385,2.0475832504761513
2017-05-17 21:00:00,1,86,0,1,0,91.68936448447784,5.689364484477835
2017-05-17 21:00:00,3,13,0,1,0,11.859990331592389,1.140009668407611
2017-05-17 21:00:00,4,4,0,1,0,5.820743378535744,1.8207433785357443
2017-05-17 21:00:00,2,38,0,1,0,35.91471716830122,2.085282831698777
2017-05-17 22:00:00,1,86,0,1,0,84.51535758457938,1.4846424154206233
2017-05-17 22:00:00,3,12,0,1,0,12.225827268437445,0.22582726843744538
2017-05-17 22:00:00,2,34,0,1,0,37.26586809342693,3.2658680934269313
2017-05-17 22:00:00,4,8,0,1,0,5.6126887877637754,2.3873112122362246
2017-05-17 23:00:00,1,78,0,1,0,79.35313431994727,1.353134319947273
2017-05-17 23:00:00,3,10,0,1,0,12.037280825359082,2.0372808253590815
2017-05-17 23:00:00,2,30,0,1,0,32.461589648150216,2.461589648150216
2017-05-17 23:00:00,4,8,0,1,0,7.0889317169394594,0.9110682830605406
2017-05-18 00:00:00,4,4,0,1,0,6.250326796838485,2.2503267968384852
2017-05-18 00:00:00,3,14,0,1,0,9.995930767041177,4.004069232958823
2017-05-18 00:00:00,2,36,0,1,0,28.493041777116463,7.5069582228835365
2017-05-18 00:00:00,1,73,0,1,0,72.95267941386697,0.0473205861330257
2017-05-18 01:00:00,2,26,0,1,0,30.33824004313911,4.338240043139109
2017-05-18 01:00:00,4,5,0,1,0,5.129925012926852,0.12992501292685166
2017-05-18 01:00:00,3,4,0,1,0,10.057029623246589,6.057029623246589
2017-05-18 01:00:00,1,61,0,1,0,62.6829097237226,1.6829097237226023
2017-05-18 02:00:00,4,6,0,1,0,4.784429153492645,1.2155708465073554
2017-05-18 02:00:00,1,54,0,1,0,54.535912480822056,0.5359124808220557
2017-05-18 02:00:00,3,11,0,1,0,7.071819060094732,3.9281809399052676
2017-05-18 02:00:00,2,27,0,1,0,22.05228194053826,4.947718059461739
2017-05-18 03:00:00,2,17,0,1,0,23.4262108086341,6.426210808634099
2017-05-18 03:00:00,3,6,0,1,0,7.952299447056656,1.9522994470566557
2017-05-18 03:00:00,4,5,0,1,0,4.313974780914349,0.6860252190856508
2017-05-18 03:00:00,1,43,0,1,0,48.380410248887216,5.380410248887216
2017-05-18 04:00:00,4,2,0,1,0,4.563066582470647,2.563066582470647
2017-05-18 04:00:00,1,33,0,1,0,38.69258354626082,5.6925835462608205
2017-05-18 04:00:00,2,18,0,1,0,16.13537841950562,1.8646215804943793
2017-05-18 04:00:00,3,3,0,1,0,6.284395201013775,3.2843952010137754
2017-05-18 05:00:00,1,38,0,1,0,31.471080082434078,6.528919917565922
2017-05-18 05:00:00,3,5,0,1,0,5.7586198018635155,0.7586198018635155
2017-05-18 05:00:00,2,15,0,1,0,16.859795943614554,1.8597959436145537
2017-05-18 05:00:00,4,5,0,1,0,4.150314607149283,0.8496853928507173
2017-05-18 06:00:00,2,18,0,1,0,15.929387108968207,2.070612891031793
2017-05-18 06:00:00,4,4,0,1,0,4.625819080414745,0.625819080414745
2017-05-18 06:00:00,3,7,0,1,0,5.459120742769947,1.5408792572300527
2017-05-18 06:00:00,1,44,0,1,0,40.75302256129943,3.2469774387005685
2017-05-18 07:00:00,3,6,0,1,1,6.682990770077074,0.6829907700770743
2017-05-18 07:00:00,1,50,0,1,1,46.77757836079969,3.222421639200313
2017-05-18 07:00:00,2,19,0,1,1,18.74667717115224,0.2533228288477609
2017-05-18 07:00:00,4,4,0,1,1,5.067043018702998,1.0670430187029982
2017-05-18 08:00:00,4,7,0,1,1,5.897002635954731,1.1029973640452688
2017-05-18 08:00:00,1,53,0,1,1,54.80256796313098,1.8025679631309828
2017-05-18 08:00:00,2,17,0,1,1,20.470686663092373,3.4706866630923727
2017-05-18 08:00:00,3,9,0,1,1,8.012050489353289,0.9879495106467111
2017-05-18 09:00:00,1,65,0,1,1,61.337438236441564,3.662561763558436
2017-05-18 09:00:00,2,25,0,1,1,20.72238132126999,4.277618678730011
2017-05-18 09:00:00,3,9,0,1,1,10.305124206272906,1.3051242062729056
2017-05-18 09:00:00,4,4,0,1,1,7.682794404477316,3.682794404477316
2017-05-18 10:00:00,3,13,0,1,0,12.017285806466855,0.9827141935331447
2017-05-18 10:00:00,4,7,0,1,0,7.589159907239559,0.5891599072395586
2017-05-18 10:00:00,1,83,0,1,0,76.73382243571471,6.266177564285286
2017-05-18 10:00:00,2,26,0,1,0,27.334779924902506,1.3347799249025059
2017-05-18 11:00:00,2,29,0,1,0,27.710731095931546,1.2892689040684537
2017-05-18 11:00:00,3,16,0,1,0,14.509400314884152,1.490599685115848
2017-05-18 11:00:00,4,10,0,1,0,8.972326359518526,1.0276736404814741
2017-05-18 11:00:00,1,111,0,1,0,85.77104553918777,25.228954460812233
2017-05-18 12:00:00,4,10,0,1,0,9.936699692038712,0.06330030796128838
2017-05-18 12:00:00,3,21,0,1,0,16.462258242728684,4.537741757271316
2017-05-18 12:00:00,2,31,0,1,0,27.800917990894195,3.1990820091058048
2017-05-18 12:00:00,1,110,0,1,0,94.32192726066006,15.678072739339939
2017-05-18 13:00:00,2,30,0,1,0,28.918058658001833,1.0819413419981672
2017-05-18 13:00:00,1,98,0,1,0,94.76943945608824,3.230560543911764
2017-05-18 13:00:00,3,21,0,1,0,19.069888442833857,1.9301115571661427
2017-05-18 13:00:00,4,8,0,1,0,9.163972238054066,1.1639722380540665
2017-05-18 14:00:00,4,11,0,1,0,9.355835394495518,1.644164605504482
2017-05-18 14:00:00,2,36,0,1,0,30.14952145559181,5.85047854440819
2017-05-18 14:00:00,1,105,0,1,0,103.75338477195123,1.2466152280487677
2017-05-18 14:00:00,3,20,0,1,0,20.8691180681748,0.8691180681747994
2017-05-18 15:00:00,1,103,0,1,0,99.3635790211871,3.636420978812893
2017-05-18 15:00:00,3,16,0,1,0,20.015119036883785,4.015119036883785
2017-05-18 15:00:00,2,38,0,1,0,35.30140765494292,2.6985923450570795
2017-05-18 15:00:00,4,10,0,1,0,10.23449076215055,0.23449076215054987
2017-05-18 16:00:00,1,102,0,1,0,96.94392828250271,5.056071717497289
2017-05-18 16:00:00,3,23,0,1,0,17.400935181212976,5.599064818787024
2017-05-18 16:00:00,2,38,0,1,0,38.52049139793599,0.5204913979359915
2017-05-18 16:00:00,4,8,0,1,0,9.70679942586752,1.7067994258675192
2017-05-18 17:00:00,1,95,0,1,1,98.63822042992778,3.6382204299277845
2017-05-18 17:00:00,2,35,0,1,1,38.62517255774587,3.62517255774587
2017-05-18 17:00:00,3,19,0,1,1,22.267314842893857,3.2673148428938568
2017-05-18 17:00:00,4,10,0,1,1,8.754786564043368,1.2452134359566323
2017-05-18 18:00:00,2,38,0,1,1,36.63208199607215,1.3679180039278478
2017-05-18 18:00:00,4,6,0,1,1,9.25123821196414,3.2512382119641394
2017-05-18 18:00:00,3,16,0,1,1,19.338301166802083,3.3383011668020828
2017-05-18 18:00:00,1,109,0,1,1,100.00205667321026,8.997943326789738
2017-05-18 19:00:00,1,105,0,1,1,108.37875765728263,3.378757657282634
2017-05-18 19:00:00,4,6,0,1,1,8.071264064377248,2.0712640643772477
2017-05-18 19:00:00,2,42,0,1,1,40.42961038397911,1.57038961602089
2017-05-18 19:00:00,3,22,0,1,1,18.492282090819092,3.507717909180908
2017-05-18 20:00:00,2,40,0,1,0,43.04415688080113,3.0441568808011326
2017-05-18 20:00:00,1,101,0,1,0,99.7389051069522,1.2610948930477974
2017-05-18 20:00:00,4,10,0,1,0,7.5882503695953885,2.4117496304046115
2017-05-18 20:00:00,3,16,0,1,0,21.47108767991543,5.471087679915431
2017-05-18 21:00:00,1,95,0,1,0,94.4370310455692,0.5629689544308007
2017-05-18 21:00:00,3,10,0,1,0,16.815774606498696,6.815774606498696
2017-05-18 21:00:00,2,36,0,1,0,38.64250268787464,2.6425026878746394
2017-05-18 21:00:00,4,4,0,1,0,8.554963762200705,4.554963762200705
2017-05-18 22:00:00,2,31,0,1,0,35.364473937769404,4.364473937769404
2017-05-18 22:00:00,4,7,0,1,0,6.905308573471692,0.09469142652830786
2017-05-18 22:00:00,1,82,0,1,0,88.82948158046217,6.829481580462172
2017-05-18 22:00:00,3,12,0,1,0,13.432763867934714,1.4327638679347139
2017-05-18 23:00:00,4,6,0,1,0,7.679387431525689,1.6793874315256891
2017-05-18 23:00:00,1,87,0,1,0,77.31957816078555,9.680421839214446
2017-05-18 23:00:00,2,37,0,1,0,30.713986714886563,6.286013285113437
2017-05-18 23:00:00,3,16,0,1,0,12.411751682219768,3.5882483177802325
2017-05-19 00:00:00,4,4,0,1,0,5.644172580855605,1.6441725808556047
2017-05-19 00:00:00,1,70,0,1,0,82.35937500723583,12.359375007235826
2017-05-19 00:00:00,3,13,0,1,0,13.698039061986863,0.6980390619868633
2017-05-19 00:00:00,2,32,0,1,0,37.450560159053246,5.450560159053246
2017-05-19 01:00:00,3,11,0,1,0,10.563792031139911,0.4362079688600886
2017-05-19 01:00:00,1,66,0,1,0,60.5911924733123,5.408807526687703
2017-05-19 01:00:00,4,3,0,1,0,4.7081430280484335,1.7081430280484335
2017-05-19 01:00:00,2,29,0,1,0,27.68374676435922,1.3162532356407795
2017-05-19 02:00:00,1,54,0,1,0,57.79627644627442,3.796276446274419
2017-05-19 02:00:00,2,23,0,1,0,24.333444094411465,1.3334440944114654
2017-05-19 02:00:00,3,8,0,1,0,9.622487768735432,1.6224877687354322
2017-05-19 02:00:00,4,6,0,1,0,4.107938894448331,1.8920611055516687
2017-05-19 03:00:00,4,1,0,1,0,4.207949654974044,3.207949654974044
2017-05-19 03:00:00,3,6,0,1,0,7.79130687018971,1.7913068701897101
2017-05-19 03:00:00,1,42,0,1,0,48.03658039407781,6.036580394077809
2017-05-19 03:00:00,2,18,0,1,0,19.714073806766613,1.7140738067666135
2017-05-19 04:00:00,4,3,0,1,0,3.768440889308606,0.7684408893086059
2017-05-19 04:00:00,3,7,0,1,0,6.567845220939156,0.432154779060844
2017-05-19 04:00:00,1,37,0,1,0,38.4552726673723,1.4552726673722987
2017-05-19 04:00:00,2,16,0,1,0,16.33872964848367,0.33872964848367104
2017-05-19 05:00:00,4,1,0,1,0,3.7104568636384023,2.7104568636384023
2017-05-19 05:00:00,3,4,0,1,0,6.053927599636176,2.053927599636176
2017-05-19 05:00:00,1,37,0,1,0,33.978179724644384,3.0218202753556156
2017-05-19 05:00:00,2,17,0,1,0,15.337025434328774,1.6629745656712256
2017-05-19 06:00:00,4,5,0,1,0,4.098622209983752,0.9013777900162481
2017-05-19 06:00:00,2,14,0,1,0,17.001257112305247,3.0012571123052467
2017-05-19 06:00:00,1,40,0,1,0,39.0695022714474,0.9304977285526022
2017-05-19 06:00:00,3,9,0,1,0,5.949035960113554,3.0509640398864457
2017-05-19 07:00:00,2,22,0,1,1,17.08404545846488,4.915954541535118
2017-05-19 07:00:00,1,48,0,1,1,44.251128615089186,3.7488713849108137
2017-05-19 07:00:00,3,7,0,1,1,8.07446844986043,1.0744684498604293
2017-05-19 07:00:00,4,6,0,1,1,5.051551398451888,0.9484486015481117
2017-05-19 08:00:00,2,17,0,1,1,21.493106923078546,4.493106923078546
2017-05-19 08:00:00,1,59,0,1,1,52.91709191464583,6.08290808535417
2017-05-19 08:00:00,4,5,0,1,1,6.031602882825392,1.0316028828253918
2017-05-19 08:00:00,3,8,0,1,1,8.667901701635126,0.6679017016351256
2017-05-19 09:00:00,1,67,0,1,1,66.75918178357584,0.24081821642415946
2017-05-19 09:00:00,2,23,0,1,1,20.828703846920668,2.171296153079332
2017-05-19 09:00:00,4,4,0,1,1,7.385678103625608,3.385678103625608
2017-05-19 09:00:00,3,10,0,1,1,10.784564444198645,0.7845644441986455
2017-05-19 10:00:00,4,4,0,1,0,7.488803601007853,3.488803601007853
2017-05-19 10:00:00,3,14,0,1,0,12.420598568214725,1.579401431785275
2017-05-19 10:00:00,1,88,0,1,0,76.18962846419986,11.810371535800144
2017-05-19 10:00:00,2,27,0,1,0,25.717833681741688,1.2821663182583123
2017-05-19 11:00:00,2,34,0,1,0,30.216822093136848,3.783177906863152
2017-05-19 11:00:00,4,10,0,1,0,7.335120794914792,2.6648792050852084
2017-05-19 11:00:00,1,94,0,1,0,85.26340387946145,8.73659612053855
2017-05-19 11:00:00,3,17,0,1,0,15.01322124941775,1.9867787505822498
2017-05-19 12:00:00,1,101,0,1,0,87.90060646807878,13.099393531921223
2017-05-19 12:00:00,4,11,0,1,0,9.394499845015567,1.6055001549844334
2017-05-19 12:00:00,3,15,0,1,0,16.89484614697635,1.8948461469763487
2017-05-19 12:00:00,2,30,0,1,0,33.1639154906844,3.1639154906844027
2017-05-19 13:00:00,4,4,0,1,0,9.46267791850626,5.462677918506261
2017-05-19 13:00:00,1,89,0,1,0,83.87454983608774,5.125450163912262
2017-05-19 13:00:00,3,15,0,1,0,15.806838126313341,0.8068381263133411
2017-05-19 13:00:00,2,32,0,1,0,28.414635035891504,3.5853649641084964
2017-05-19 14:00:00,4,6,0,1,0,8.705100927758153,2.705100927758153
2017-05-19 14:00:00,1,88,0,1,0,90.98156206635919,2.9815620663591886
2017-05-19 14:00:00,3,18,0,1,0,16.567284418388308,1.432715581611692
2017-05-19 14:00:00,2,33,0,1,0,32.95707539465031,0.04292460534968967
2017-05-19 15:00:00,4,8,0,1,0,7.892147533030663,0.10785246696933726
2017-05-19 15:00:00,1,89,0,1,0,84.01774224701246,4.982257752987536
2017-05-19 15:00:00,2,32,0,1,0,32.639008911543954,0.6390089115439537
2017-05-19 15:00:00,3,19,0,1,0,17.203236828086197,1.7967631719138026
2017-05-19 16:00:00,1,83,0,1,0,83.78347797963016,0.7834779796301632
2017-05-19 16:00:00,4,6,0,1,0,7.377007069476113,1.3770070694761127
2017-05-19 16:00:00,2,38,0,1,0,31.57598583574566,6.424014164254341
2017-05-19 16:00:00,3,19,0,1,0,18.33293569628759,0.6670643037124115
2017-05-19 17:00:00,3,17,0,1,1,18.87573296747647,1.8757329674764698
2017-05-19 17:00:00,4,8,0,1,1,6.977984369141926,1.022015630858074
2017-05-19 17:00:00,1,84,0,1,1,78.15772766309207,5.842272336907925
2017-05-19 17:00:00,2,32,0,1,1,38.5962532456779,6.5962532456779
2017-05-19 18:00:00,3,20,0,1,1,18.43822935665842,1.5617706433415783
2017-05-19 18:00:00,2,37,0,1,1,33.4723502699433,3.5276497300567016
2017-05-19 18:00:00,1,90,0,1,1,85.28960410473925,4.710395895260746
2017-05-19 18:00:00,4,13,0,1,1,8.045393362023496,4.954606637976504
2017-05-19 19:00:00,3,21,0,1,1,19.92794842214393,1.0720515778560689
2017-05-19 19:00:00,2,34,0,1,1,37.83699967789586,3.836999677895861
2017-05-19 19:00:00,1,90,0,1,1,91.209521826844,1.2095218268439965
2017-05-19 19:00:00,4,15,0,1,1,10.338682599066678,4.6613174009333225
2017-05-19 20:00:00,2,36,0,1,0,34.60791464578514,1.3920853542148635
2017-05-19 20:00:00,3,18,0,1,0,20.409705095421003,2.4097050954210033
2017-05-19 20:00:00,1,86,0,1,0,86.3181658316891,0.3181658316891003
2017-05-19 20:00:00,4,9,0,1,0,12.478365657577614,3.478365657577614
2017-05-19 21:00:00,1,80,0,1,0,82.90776970989315,2.907769709893145
2017-05-19 21:00:00,4,10,0,1,0,10.37983712666074,0.37983712666074076
2017-05-19 21:00:00,2,32,0,1,0,35.11721564961233,3.1172156496123336
2017-05-19 21:00:00,3,10,0,1,0,17.455102137569963,7.455102137569963
2017-05-19 22:00:00,4,11,0,1,0,10.022967345095475,0.9770326549045247
2017-05-19 22:00:00,3,11,0,1,0,13.545672333941917,2.5456723339419174
2017-05-19 22:00:00,1,71,0,1,0,77.13980407274883,6.139804072748831
2017-05-19 22:00:00,2,25,0,1,0,32.05467763489771,7.054677634897708
2017-05-19 23:00:00,4,7,0,1,0,9.479750825026397,2.4797508250263967
2017-05-19 23:00:00,3,12,0,1,0,12.215747947999922,0.21574794799992247
2017-05-19 23:00:00,1,71,0,1,0,67.32569149764997,3.67430850235003
2017-05-19 23:00:00,2,28,0,1,0,24.049676045313145,3.950323954686855
2017-05-20 00:00:00,2,26,0,0,0,26.13379340883064,0.13379340883064117
2017-05-20 00:00:00,4,4,0,0,0,7.3716833528455314,3.3716833528455314
2017-05-20 00:00:00,3,15,0,0,0,10.166384571768676,4.833615428231324
2017-05-20 00:00:00,1,67,0,0,0,65.14773316041335,1.8522668395866475
2017-05-20 01:00:00,1,56,0,0,0,55.41587143714146,0.5841285628585382
2017-05-20 01:00:00,3,11,0,0,0,11.074036775687697,0.07403677568769673
2017-05-20 01:00:00,4,4,0,0,0,4.956993076129765,0.9569930761297654
2017-05-20 01:00:00,2,23,0,0,0,21.83244435431166,1.1675556456883385
2017-05-20 02:00:00,2,21,0,0,0,19.551511702412196,1.4484882975878044
2017-05-20 02:00:00,3,8,0,0,0,9.401031453026148,1.4010314530261478
2017-05-20 02:00:00,1,45,0,0,0,49.01853115751931,4.018531157519313
2017-05-20 02:00:00,4,3,0,0,0,3.959951742720334,0.9599517427203339
2017-05-20 03:00:00,2,19,0,0,0,17.755609255834365,1.244390744165635
2017-05-20 03:00:00,4,4,0,0,0,3.615062985444355,0.384937014555645
2017-05-20 03:00:00,1,33,0,0,0,39.662108924809,6.662108924808997
2017-05-20 03:00:00,3,5,0,0,0,7.5590715552109256,2.5590715552109256
2017-05-20 04:00:00,1,35,0,0,0,28.672416185258886,6.327583814741114
2017-05-20 04:00:00,2,15,0,0,0,16.733505566713127,1.7335055667131272
2017-05-20 04:00:00,3,5,0,0,0,6.1963590273140365,1.1963590273140365
2017-05-20 04:00:00,4,5,0,0,0,3.615062985444355,1.384937014555645
2017-05-20 05:00:00,1,25,0,0,0,31.579823134471436,6.579823134471436
2017-05-20 05:00:00,3,6,0,0,0,5.348720735587218,0.651279264412782
2017-05-20 05:00:00,4,3,0,0,0,3.8796723472554095,0.8796723472554095
2017-05-20 05:00:00,2,10,0,0,0,13.993037231311643,3.993037231311643
2017-05-20 06:00:00,3,6,0,0,0,5.4449057380539205,0.5550942619460795
2017-05-20 06:00:00,4,6,0,0,0,4.22553511238178,1.7744648876182199
2017-05-20 06:00:00,1,28,0,0,0,27.445713145662886,0.5542868543371142
2017-05-20 06:00:00,2,11,0,0,0,11.850674188394844,0.8506741883948443
2017-05-20 07:00:00,2,11,0,0,1,12.364251464414924,1.3642514644149237
2017-05-20 07:00:00,3,11,0,0,1,6.646657925125301,4.353342074874699
2017-05-20 07:00:00,4,7,0,0,1,5.185030751079065,1.814969248920935
2017-05-20 07:00:00,1,34,0,0,1,30.55453818486465,3.4454618151353493
2017-05-20 08:00:00,2,11,0,0,1,12.287356190412265,1.2873561904122646
2017-05-20 08:00:00,3,9,0,0,1,10.313913391317422,1.3139133913174224
2017-05-20 08:00:00,4,4,0,0,1,6.704948946452321,2.704948946452321
2017-05-20 08:00:00,1,36,0,0,1,37.568886936124215,1.5688869361242155
2017-05-20 09:00:00,4,7,0,0,1,6.9601903319574,0.03980966804259989
2017-05-20 09:00:00,3,9,0,0,1,11.234250956904798,2.2342509569047984
2017-05-20 09:00:00,2,14,0,0,1,12.876159069832454,1.123840930167546
2017-05-20 09:00:00,1,46,0,0,1,41.85794199540933,4.142058004590673
2017-05-20 10:00:00,2,21,0,0,0,14.609239934550061,6.390760065449939
2017-05-20 10:00:00,3,15,0,0,0,12.098978222208498,2.9010217777915024
2017-05-20 10:00:00,1,51,0,0,0,52.21756729742358,1.217567297423578
2017-05-20 10:00:00,4,7,0,0,0,8.219079327890231,1.2190793278902312
2017-05-20 11:00:00,1,55,0,0,0,58.16181764848714,3.161817648487137
2017-05-20 11:00:00,3,15,0,0,0,14.880567327645425,0.11943267235457533
2017-05-20 11:00:00,2,22,0,0,0,20.150408708526083,1.8495912914739172
2017-05-20 11:00:00,4,3,0,0,0,8.085836304530753,5.085836304530753
2017-05-20 12:00:00,3,33,0,0,0,15.597582755067076,17.402417244932924
2017-05-20 12:00:00,2,25,0,0,0,21.40636186663672,3.5936381333632816
2017-05-20 12:00:00,4,9,0,0,0,6.909927438230626,2.0900725617693743
2017-05-20 12:00:00,1,61,0,0,0,56.39533161522458,4.604668384775422
2017-05-20 13:00:00,4,9,0,0,0,7.134271920440535,1.8657280795594646
2017-05-20 13:00:00,3,16,0,0,0,28.943964220339893,12.943964220339893
2017-05-20 13:00:00,2,22,0,0,0,23.583501413497935,1.5835014134979346
2017-05-20 13:00:00,1,55,0,0,0,56.97881507783827,1.97881507783827
2017-05-20 14:00:00,1,53,0,0,0,55.70831436757169,2.7083143675716883
2017-05-20 14:00:00,2,22,0,0,0,21.669269108603814,0.33073089139618617
2017-05-20 14:00:00,3,12,0,0,0,16.535034069282343,4.535034069282343
2017-05-20 14:00:00,4,7,0,0,0,7.989049352438658,0.9890493524386583
2017-05-20 15:00:00,1,52,0,0,0,52.58241972482112,0.582419724821122
2017-05-20 15:00:00,4,4,0,0,0,8.20617686269498,4.20617686269498
2017-05-20 15:00:00,3,7,0,0,0,14.983213911163629,7.983213911163629
2017-05-20 15:00:00,2,20,0,0,0,21.53418352848044,1.5341835284804404
2017-05-20 16:00:00,2,21,0,0,0,19.371773304019115,1.628226695980885
2017-05-20 16:00:00,3,11,0,0,0,10.776546205604507,0.22345379439549262
2017-05-20 16:00:00,1,50,0,0,0,52.158242257403145,2.1582422574031455
2017-05-20 16:00:00,4,6,0,0,0,6.672360501578129,0.6723605015781287
2017-05-20 17:00:00,4,5,0,0,1,6.2412660814389955,1.2412660814389955
2017-05-20 17:00:00,3,9,0,0,1,10.738259083156239,1.7382590831562386
2017-05-20 17:00:00,1,50,0,0,1,49.92019912666813,0.07980087333186958
2017-05-20 17:00:00,2,22,0,0,1,19.947538255223172,2.052461744776828
2017-05-20 18:00:00,1,60,0,0,1,53.36367837686943,6.63632162313057
2017-05-20 18:00:00,2,25,0,0,1,22.114874064509117,2.8851259354908834
2017-05-20 18:00:00,3,11,0,0,1,10.241938448820894,0.7580615511791056
2017-05-20 18:00:00,4,7,0,0,1,5.875212971117585,1.124787028882415
2017-05-20 19:00:00,1,57,0,0,1,65.33496081143986,8.334960811439856
2017-05-20 19:00:00,4,6,0,0,1,7.616131767340684,1.6161317673406836
2017-05-20 19:00:00,3,8,0,0,1,11.82531026697095,3.8253102669709502
2017-05-20 19:00:00,2,21,0,0,1,26.269083190136023,5.269083190136023
2017-05-20 20:00:00,4,10,0,0,0,7.27288329473172,2.72711670526828
2017-05-20 20:00:00,1,62,0,0,0,58.21959282798281,3.780407172017192
2017-05-20 20:00:00,3,12,0,0,0,10.60680410885442,1.3931958911455808
2017-05-20 20:00:00,2,26,0,0,0,21.821824988643076,4.178175011356924
2017-05-20 21:00:00,1,56,0,0,0,59.40135759506859,3.401357595068589
2017-05-20 21:00:00,2,26,0,0,0,25.390684813462354,0.6093151865376463
2017-05-20 21:00:00,3,11,0,0,0,11.494186669102785,0.49418666910278475
2017-05-20 21:00:00,4,6,0,0,0,8.747339476611954,2.7473394766119537
2017-05-20 22:00:00,4,8,0,0,0,7.467661661963068,0.532338338036932
2017-05-20 22:00:00,2,23,0,0,0,25.42000899372026,2.420008993720259
2017-05-20 22:00:00,1,57,0,0,0,54.12497266930882,2.875027330691182
2017-05-20 22:00:00,3,8,0,0,0,11.517219814898516,3.5172198148985157
2017-05-20 23:00:00,2,24,0,0,0,22.839929099890135,1.160070900109865
2017-05-20 23:00:00,4,9,0,0,0,8.310588922761317,0.6894110772386828
2017-05-20 23:00:00,1,59,0,0,0,55.14586971292505,3.854130287074952
2017-05-20 23:00:00,3,10,0,0,0,10.35253187485647,0.35253187485647075
2017-05-21 00:00:00,3,9,0,0,0,8.494402029457456,0.505597970542544
2017-05-21 00:00:00,1,50,0,0,0,52.840322875185244,2.840322875185244
2017-05-21 00:00:00,2,19,0,0,0,22.180169171138637,3.180169171138637
2017-05-21 00:00:00,4,5,0,0,0,6.638730191004251,1.6387301910042513
2017-05-21 01:00:00,4,8,0,0,0,5.3348487402769935,2.6651512597230065
2017-05-21 01:00:00,1,40,0,0,0,43.37388364324919,3.3738836432491865
2017-05-21 01:00:00,2,16,0,0,0,16.899488139244905,0.8994881392449052
2017-05-21 01:00:00,3,5,0,0,0,7.109596289558697,2.109596289558697
2017-05-21 02:00:00,3,6,0,0,0,6.3710092315811515,0.3710092315811515
2017-05-21 02:00:00,2,11,0,0,0,14.517696257475976,3.5176962574759756
2017-05-21 02:00:00,1,40,0,0,0,35.61072654896378,4.3892734510362175
2017-05-21 02:00:00,4,2,0,0,0,5.263207418024279,3.2632074180242787
2017-05-21 03:00:00,3,8,0,0,0,5.501522896400513,2.4984771035994866
2017-05-21 03:00:00,2,14,0,0,0,10.996558353470538,3.0034416465294616
2017-05-21 03:00:00,1,29,0,0,0,35.326133741456516,6.326133741456516
2017-05-21 03:00:00,4,5,0,0,0,3.9439861950342885,1.0560138049657115
2017-05-21 04:00:00,2,12,0,0,0,11.164699138819623,0.8353008611803769
2017-05-21 04:00:00,1,25,0,0,0,25.648971284164695,0.6489712841646949
2017-05-21 04:00:00,3,6,0,0,0,5.561804722010641,0.438195277989359
2017-05-21 04:00:00,4,4,0,0,0,3.992679501609687,0.007320498390313013
2017-05-21 05:00:00,3,5,0,0,0,5.61201513422569,0.6120151342256896
2017-05-21 05:00:00,1,28,0,0,0,24.14459462148519,3.85540537851481
2017-05-21 05:00:00,4,1,0,0,0,3.615062985444355,2.615062985444355
2017-05-21 05:00:00,2,12,0,0,0,10.106652476662353,1.8933475233376473
2017-05-21 06:00:00,1,26,0,0,0,28.69022172351449,2.6902217235144903
2017-05-21 06:00:00,4,6,0,0,0,3.941726989891278,2.058273010108722
2017-05-21 06:00:00,3,3,0,0,0,5.935513758687925,2.935513758687925
2017-05-21 06:00:00,2,9,0,0,0,11.669816243044838,2.6698162430448384
2017-05-21 07:00:00,1,32,0,0,1,29.161184776399498,2.838815223600502
2017-05-21 07:00:00,3,4,0,0,1,5.756346109766533,1.7563461097665334
2017-05-21 07:00:00,4,4,0,0,1,4.943718154223129,0.943718154223129
2017-05-21 07:00:00,2,10,0,0,1,11.015325255661068,1.0153252556610681
2017-05-21 08:00:00,2,17,0,0,1,11.378156755259484,5.621843244740516
2017-05-21 08:00:00,4,5,0,0,1,5.370503843509751,0.3705038435097512
2017-05-21 08:00:00,3,7,0,0,1,6.2506818584413555,0.7493181415586445
2017-05-21 08:00:00,1,37,0,0,1,35.896141166987846,1.1038588330121542
2017-05-21 09:00:00,2,17,0,0,1,17.156033966983692,0.1560339669836921
2017-05-21 09:00:00,4,5,0,0,1,6.387205909157677,1.387205909157677
2017-05-21 09:00:00,3,7,0,0,1,7.647223307195494,0.6472233071954943
2017-05-21 09:00:00,1,41,0,0,1,41.49961830979846,0.499618309798457
2017-05-21 10:00:00,4,2,0,0,0,6.784230362797641,4.784230362797641
2017-05-21 10:00:00,1,49,0,0,0,45.506858136372024,3.493141863627976
2017-05-21 10:00:00,2,14,0,0,0,18.224647468347793,4.2246474683477935
2017-05-21 10:00:00,3,8,0,0,0,8.8170391762465,0.8170391762464995
2017-05-21 11:00:00,2,21,0,0,0,17.534185893206,3.4658141067939994
2017-05-21 11:00:00,4,5,0,0,0,6.319351950777786,1.3193519507777864
2017-05-21 11:00:00,1,57,0,0,0,57.11214655501164,0.11214655501164117
2017-05-21 11:00:00,3,8,0,0,0,9.449972877896657,1.4499728778966574
2017-05-21 12:00:00,4,10,0,0,0,6.159619693872122,3.8403803061278783
2017-05-21 12:00:00,3,12,0,0,0,9.49631610691714,2.5036838930828598
2017-05-21 12:00:00,1,55,0,0,0,60.040800429215125,5.040800429215125
2017-05-21 12:00:00,2,22,0,0,0,19.720945784075102,2.279054215924898
2017-05-21 13:00:00,2,17,0,0,0,20.546872744264682,3.5468727442646824
2017-05-21 13:00:00,3,11,0,0,0,10.419241756280925,0.5807582437190746
2017-05-21 13:00:00,1,51,0,0,0,51.78201624443406,0.782016244434061
2017-05-21 13:00:00,4,6,0,0,0,7.590608166061363,1.5906081660613633
2017-05-21 14:00:00,4,6,0,0,0,7.343305040540366,1.3433050405403657
2017-05-21 14:00:00,2,19,0,0,0,17.987515140974068,1.0124848590259319
2017-05-21 14:00:00,3,13,0,0,0,11.356573467307438,1.643426532692562
2017-05-21 14:00:00,1,46,0,0,0,51.98710466046413,5.9871046604641265
2017-05-21 15:00:00,4,8,0,0,0,7.324534773862916,0.6754652261370842
2017-05-21 15:00:00,2,19,0,0,0,18.520983060746325,0.4790169392536754
2017-05-21 15:00:00,3,11,0,0,0,12.954830205323749,1.9548302053237485
2017-05-21 15:00:00,1,52,0,0,0,46.05347485504006,5.946525144959942
2017-05-21 16:00:00,4,7,0,0,0,7.369883742614609,0.36988374261460866
2017-05-21 16:00:00,2,19,0,0,0,18.353857254880733,0.646142745119267
2017-05-21 16:00:00,3,10,0,0,0,12.091415563995866,2.0914155639958665
2017-05-21 16:00:00,1,51,0,0,0,52.21979563488355,1.2197956348835532
2017-05-21 17:00:00,2,23,0,0,1,18.953524306237128,4.046475693762872
2017-05-21 17:00:00,4,3,0,0,1,7.509947732565454,4.509947732565454
2017-05-21 17:00:00,3,9,0,0,1,11.208425356962483,2.2084253569624828
2017-05-21 17:00:00,1,53,0,0,1,51.33926799156062,1.660732008439382
2017-05-21 18:00:00,1,60,0,0,1,56.173062485864115,3.826937514135885
2017-05-21 18:00:00,2,23,0,0,1,23.259983328569334,0.2599833285693336
2017-05-21 18:00:00,3,10,0,0,1,10.198551449051342,0.19855144905134203
2017-05-21 18:00:00,4,7,0,0,1,6.734359568290845,0.26564043170915497
2017-05-21 19:00:00,1,72,0,0,1,64.44192514117297,7.558074858827027
2017-05-21 19:00:00,2,24,0,0,1,24.153162118759695,0.15316211875969543
2017-05-21 19:00:00,3,12,0,0,1,11.137826032013463,0.8621739679865374
2017-05-21 19:00:00,4,3,0,0,1,7.34415862033706,4.34415862033706
2017-05-21 20:00:00,1,69,0,0,0,73.93877471100853,4.938774711008534
2017-05-21 20:00:00,3,9,0,0,0,12.134398689706007,3.134398689706007
2017-05-21 20:00:00,4,10,0,0,0,6.083853740384318,3.916146259615682
2017-05-21 20:00:00,2,21,0,0,0,25.043966873653357,4.043966873653357
2017-05-21 21:00:00,3,9,0,0,0,10.680462977019978,1.6804629770199782
2017-05-21 21:00:00,4,9,0,0,0,8.142966273582305,0.8570337264176953
2017-05-21 21:00:00,2,24,0,0,0,20.9335196494789,3.0664803505211005
2017-05-21 21:00:00,1,69,0,0,0,66.44214423658133,2.5578557634186723
2017-05-21 22:00:00,3,11,0,0,0,10.295653854566535,0.7043461454334654
2017-05-21 22:00:00,1,63,0,0,0,66.5439339485158,3.5439339485158
2017-05-21 22:00:00,4,6,0,0,0,8.144082678977513,2.1440826789775134
2017-05-21 22:00:00,2,23,0,0,0,24.290548067281037,1.290548067281037
2017-05-21 23:00:00,2,25,0,0,0,22.887275251859343,2.112724748140657
2017-05-21 23:00:00,3,11,0,0,0,10.790479657298594,0.2095203427014063
2017-05-21 23:00:00,1,58,0,0,0,60.304097764201764,2.3040977642017637
2017-05-21 23:00:00,4,3,0,0,0,7.788692251647629,4.788692251647629
2017-05-22 00:00:00,3,14,0,1,0,9.967563531523162,4.032436468476838
2017-05-22 00:00:00,1,55,0,1,0,53.63608002037204,1.3639199796279584
2017-05-22 00:00:00,2,21,0,1,0,22.905690963753724,1.9056909637537238
2017-05-22 00:00:00,4,3,0,1,0,5.949761613312308,2.949761613312308
2017-05-22 01:00:00,4,6,0,1,0,4.071859072421586,1.928140927578414
2017-05-22 01:00:00,3,8,0,1,0,10.156965288153291,2.156965288153291
2017-05-22 01:00:00,2,23,0,1,0,18.18541594497091,4.814584055029091
2017-05-22 01:00:00,1,47,0,1,0,47.69520843917678,0.6952084391767812
2017-05-22 02:00:00,2,15,0,1,0,19.284457699008076,4.284457699008076
2017-05-22 02:00:00,1,43,0,1,0,42.22800950845979,0.7719904915402083
2017-05-22 02:00:00,4,6,0,1,0,4.1366514593555666,1.8633485406444334
2017-05-22 02:00:00,3,8,0,1,0,7.756301198766222,0.24369880123377818
2017-05-22 03:00:00,2,16,0,1,0,14.047093287319186,1.9529067126808144
2017-05-22 03:00:00,3,5,0,1,0,7.133664787288717,2.1336647872887173
2017-05-22 03:00:00,4,5,0,1,0,4.341889920673216,0.658110079326784
2017-05-22 03:00:00,1,37,0,1,0,38.839820164725445,1.8398201647254453
2017-05-22 04:00:00,3,6,0,1,0,6.107920629455841,0.10792062945584124
2017-05-22 04:00:00,1,35,0,1,0,33.37890421719205,1.6210957828079486
2017-05-22 04:00:00,2,15,0,1,0,14.330990207389675,0.6690097926103249
2017-05-22 04:00:00,4,5,0,1,0,4.8123442932515115,0.18765570674848853
2017-05-22 05:00:00,3,8,0,1,0,5.641718196722946,2.3582818032770536
2017-05-22 05:00:00,2,14,0,1,0,13.404631973028293,0.5953680269717072
2017-05-22 05:00:00,1,34,0,1,0,32.441386796210736,1.558613203789264
2017-05-22 05:00:00,4,4,0,1,0,4.53515144271178,0.5351514427117801
2017-05-22 06:00:00,3,7,0,1,0,6.45994099632716,0.5400590036728401
2017-05-22 06:00:00,1,42,0,1,0,36.59235224667234,5.407647753327659
2017-05-22 06:00:00,2,19,0,1,0,14.175555263572527,4.824444736427473
2017-05-22 06:00:00,4,1,0,1,0,4.642449062640315,3.642449062640315
2017-05-22 07:00:00,3,7,0,1,1,8.15760512044428,1.1576051204442805
2017-05-22 07:00:00,1,50,0,1,1,46.266602996144414,3.733397003855586
2017-05-22 07:00:00,2,15,0,1,1,18.843895816686157,3.8438958166861568
2017-05-22 07:00:00,4,6,0,1,1,4.950800331929696,1.0491996680703037
2017-05-22 08:00:00,2,16,0,1,1,18.080268842421596,2.080268842421596
2017-05-22 08:00:00,4,3,0,1,1,5.858615430093669,2.8586154300936686
2017-05-22 08:00:00,1,59,0,1,1,55.97209530937929,3.0279046906207085
2017-05-22 08:00:00,3,7,0,1,1,9.036097710118105,2.0360977101181046
2017-05-22 09:00:00,3,7,0,1,1,9.892118274911212,2.892118274911212
2017-05-22 09:00:00,1,74,0,1,1,68.03446167895565,5.965538321044349
2017-05-22 09:00:00,2,22,0,1,1,18.84061525006099,3.1593847499390115
2017-05-22 09:00:00,4,4,0,1,1,6.5785832327909795,2.5785832327909795
2017-05-22 10:00:00,2,23,0,1,0,23.585344796882133,0.5853447968821328
2017-05-22 10:00:00,3,11,0,1,0,10.285819497508438,0.714180502491562
2017-05-22 10:00:00,1,92,0,1,0,83.32907369576657,8.670926304233433
2017-05-22 10:00:00,4,10,0,1,0,7.496402766696655,2.5035972333033447
2017-05-22 11:00:00,4,10,0,1,0,9.916836099351212,0.08316390064878831
2017-05-22 11:00:00,3,15,0,1,0,12.225274446371763,2.7747255536282367
2017-05-22 11:00:00,1,136,0,1,0,93.39505908277356,42.60494091722644
2017-05-22 11:00:00,2,26,0,1,0,24.888395564190727,1.111604435809273
2017-05-22 12:00:00,1,129,0,1,0,133.66424087233426,4.664240872334261
2017-05-22 12:00:00,2,36,0,1,0,25.141206280231614,10.858793719768386
2017-05-22 12:00:00,4,12,0,1,0,10.70424606129387,1.2957539387061292
2017-05-22 12:00:00,3,19,0,1,0,15.149904344925933,3.8500956550740675
2017-05-22 13:00:00,3,16,0,1,0,17.278609723829803,1.2786097238298026
2017-05-22 13:00:00,2,36,0,1,0,33.629497814245845,2.3705021857541553
2017-05-22 13:00:00,1,118,0,1,0,101.95838568002617,16.04161431997383
2017-05-22 13:00:00,4,8,0,1,0,10.467575301236486,2.4675753012364865
2017-05-22 14:00:00,4,9,0,1,0,9.90187882348265,0.9018788234826491
2017-05-22 14:00:00,3,20,0,1,0,17.70061882902326,2.2993811709767407
2017-05-22 14:00:00,2,41,0,1,0,36.384417240939136,4.615582759060864
2017-05-22 14:00:00,1,124,0,1,0,106.93169629721919,17.06830370278081
2017-05-22 15:00:00,3,19,0,1,0,19.53420528960182,0.5342052896018217
2017-05-22 15:00:00,2,39,0,1,0,41.069834244863756,2.069834244863756
2017-05-22 15:00:00,4,11,0,1,0,9.549522768876558,1.4504772311234415
2017-05-22 15:00:00,1,118,0,1,0,100.6414875599185,17.358512440081498
2017-05-22 16:00:00,1,116,0,1,0,98.81742471472532,17.18257528527468
2017-05-22 16:00:00,3,15,0,1,0,18.376254888569306,3.3762548885693064
2017-05-22 16:00:00,4,7,0,1,0,9.624201281301628,2.6242012813016284
2017-05-22 16:00:00,2,41,0,1,0,37.38485699114308,3.6151430088569185
2017-05-22 17:00:00,3,18,0,1,1,17.019007167923792,0.9809928320762076
2017-05-22 17:00:00,4,10,0,1,1,8.565459968799795,1.4345400312002052
2017-05-22 17:00:00,2,39,0,1,1,40.20030265207349,1.2003026520734892
2017-05-22 17:00:00,1,114,0,1,1,105.1975752052226,8.802424794777394
2017-05-22 18:00:00,1,123,0,1,1,107.5173879472112,15.482612052788795
2017-05-22 18:00:00,4,12,0,1,1,9.299387145300118,2.700612854699882
2017-05-22 18:00:00,3,15,0,1,1,18.10622359442746,3.1062235944274583
2017-05-22 18:00:00,2,38,0,1,1,38.998677414481634,0.9986774144816337
2017-05-22 19:00:00,3,12,0,1,1,16.843726782448172,4.843726782448172
2017-05-22 19:00:00,1,133,0,1,1,109.44045634877537,23.55954365122463
2017-05-22 19:00:00,2,44,0,1,1,39.49297581044339,4.50702418955661
2017-05-22 19:00:00,4,8,0,1,1,10.2116122792566,2.2116122792566006
2017-05-22 20:00:00,1,120,0,1,0,129.22336069709633,9.223360697096325
2017-05-22 20:00:00,3,14,0,1,0,14.793637223346673,0.7936372233466731
2017-05-22 20:00:00,4,4,0,1,0,9.28005305262422,5.28005305262422
2017-05-22 20:00:00,2,47,0,1,0,44.3072436599723,2.6927563400276995
2017-05-22 21:00:00,3,15,0,1,0,13.64680559276826,1.3531944072317401
2017-05-22 21:00:00,2,35,0,1,0,45.87241256164441,10.87241256164441
2017-05-22 21:00:00,1,111,0,1,0,95.1278149731036,15.872185026896403
2017-05-22 21:00:00,4,7,0,1,0,8.03875073053588,1.0387507305358792
2017-05-22 22:00:00,2,35,0,1,0,34.60637558607025,0.39362441392975
2017-05-22 22:00:00,4,6,0,1,0,7.1778712924314965,1.1778712924314965
2017-05-22 22:00:00,3,12,0,1,0,14.121986182424465,2.1219861824244646
2017-05-22 22:00:00,1,102,0,1,0,91.27393643346163,10.726063566538372
2017-05-22 23:00:00,2,29,0,1,0,33.40380339977443,4.403803399774432
2017-05-22 23:00:00,1,96,0,1,0,87.51430295821581,8.485697041784192
2017-05-22 23:00:00,4,9,0,1,0,6.3607475736444785,2.6392524263555215
2017-05-22 23:00:00,3,13,0,1,0,12.745428707943042,0.2545712920569585
2017-05-23 00:00:00,1,85,0,1,0,88.92358018803887,3.923580188038869
2017-05-23 00:00:00,3,12,0,1,0,11.497883384921364,0.502116615078636
2017-05-23 00:00:00,4,5,0,1,0,6.54950501078239,1.54950501078239
2017-05-23 00:00:00,2,29,0,1,0,27.322887828354567,1.6771121716454331
2017-05-23 01:00:00,1,74,0,1,0,76.4647574926296,2.4647574926296016
2017-05-23 01:00:00,2,26,0,1,0,24.35289523424924,1.6471047657507611
2017-05-23 01:00:00,3,13,0,1,0,9.62616946655742,3.3738305334425807
2017-05-23 01:00:00,4,4,0,1,0,5.3773911995455945,1.3773911995455945
2017-05-23 02:00:00,3,8,0,1,0,10.060765028032403,2.060765028032403
2017-05-23 02:00:00,2,22,0,1,0,22.076777144931558,0.07677714493155818
2017-05-23 02:00:00,4,6,0,1,0,4.772072694516787,1.2279273054832132
2017-05-23 02:00:00,1,66,0,1,0,63.74226353968223,2.2577364603177728
2017-05-23 03:00:00,3,8,0,1,0,7.745282896011002,0.25471710398899816
2017-05-23 03:00:00,2,21,0,1,0,18.824301258156446,2.1756987418435543
2017-05-23 03:00:00,4,7,0,1,0,4.313974780914349,2.686025219085651
2017-05-23 03:00:00,1,50,0,1,0,58.48087176510799,8.480871765107992
2017-05-23 04:00:00,4,3,0,1,0,4.88330407419911,1.8833040741991098
2017-05-23 04:00:00,2,17,0,1,0,17.847897262588926,0.8478972625889263
2017-05-23 04:00:00,1,41,0,1,0,46.04449440042736,5.044494400427361
2017-05-23 04:00:00,3,4,0,1,0,7.123315743986496,3.1233157439864963
2017-05-23 05:00:00,1,42,0,1,0,38.32732424259022,3.6726757574097775
2017-05-23 05:00:00,4,5,0,1,0,4.466022656376788,0.5339773436232118
2017-05-23 05:00:00,3,7,0,1,0,5.762712297379329,1.2372877026206712
2017-05-23 05:00:00,2,15,0,1,0,16.43648452637913,1.4364845263791288
2017-05-23 06:00:00,2,18,0,1,0,16.784446068281532,1.2155539317184676
2017-05-23 06:00:00,1,47,0,1,0,43.98814118731783,3.0118588126821706
2017-05-23 06:00:00,3,6,0,1,0,6.287751337079446,0.2877513370794462
2017-05-23 06:00:00,4,5,0,1,0,4.803142401973528,0.1968575980264724
2017-05-23 07:00:00,1,55,0,1,1,49.86112986045012,5.13887013954988
2017-05-23 07:00:00,4,6,0,1,1,5.445326288833486,0.5546737111665143
2017-05-23 07:00:00,3,10,0,1,1,6.9859163160999795,3.0140836839000205
2017-05-23 07:00:00,2,23,0,1,1,18.440031492275054,4.559968507724946
2017-05-23 08:00:00,1,63,0,1,1,56.838640287717354,6.161359712282646
2017-05-23 08:00:00,4,6,0,1,1,6.422004578776402,0.4220045787764022
2017-05-23 08:00:00,3,8,0,1,1,10.105917397536174,2.1059173975361745
2017-05-23 08:00:00,2,18,0,1,1,23.65398064048866,5.653980640488658
2017-05-23 09:00:00,1,73,0,1,1,69.36301287394576,3.636987126054237
2017-05-23 09:00:00,3,9,0,1,1,11.022834064996403,2.0228340649964025
2017-05-23 09:00:00,4,9,0,1,1,7.887555898002952,1.1124441019970481
2017-05-23 09:00:00,2,21,0,1,1,21.363346641204853,0.3633466412048527
2017-05-23 10:00:00,3,12,0,1,0,12.391651343406203,0.39165134340620256
2017-05-23 10:00:00,2,29,0,1,0,23.943347463957277,5.056652536042723
2017-05-23 10:00:00,1,90,0,1,0,82.15807790775447,7.841922092245525
2017-05-23 10:00:00,4,10,0,1,0,10.098432202801568,0.09843220280156828
2017-05-23 11:00:00,1,106,0,1,0,92.552902359985,13.447097640015002
2017-05-23 11:00:00,4,9,0,1,0,11.275181697185095,2.2751816971850953
2017-05-23 11:00:00,2,27,0,1,0,30.96189519362777,3.9618951936277718
2017-05-23 11:00:00,3,17,0,1,0,13.597194765386597,3.4028052346134032
2017-05-23 12:00:00,2,31,0,1,0,26.944394777773258,4.055605222226742
2017-05-23 12:00:00,3,18,0,1,0,16.909693502519875,1.0903064974801246
2017-05-23 12:00:00,4,8,0,1,0,10.339335618656015,2.3393356186560155
2017-05-23 12:00:00,1,116,0,1,0,95.92004765266455,20.07995234733545
2017-05-23 13:00:00,2,33,0,1,0,29.225337444134073,3.774662555865927
2017-05-23 13:00:00,3,17,0,1,0,16.89692893741852,0.10307106258148124
2017-05-23 13:00:00,1,96,0,1,0,96.45244752860044,0.45244752860044457
2017-05-23 13:00:00,4,4,0,1,0,8.612639421790824,4.612639421790824
2017-05-23 14:00:00,4,6,0,1,0,8.068956682088164,2.0689566820881637
2017-05-23 14:00:00,2,39,0,1,0,33.107622204137705,5.892377795862295
2017-05-23 14:00:00,3,18,0,1,0,18.445552056746955,0.44555205674695486
2017-05-23 14:00:00,1,113,0,1,0,101.44266452882212,11.557335471177879
2017-05-23 15:00:00,1,115,0,1,0,101.75057491492787,13.249425085072133
2017-05-23 15:00:00,4,9,0,1,0,7.34082285406345,1.6591771459365496
2017-05-23 15:00:00,2,40,0,1,0,38.838916690150704,1.161083309849296
2017-05-23 15:00:00,3,19,0,1,0,18.10577791329707,0.8942220867029285
2017-05-23 16:00:00,1,110,0,1,0,101.72558282864448,8.274417171355523
2017-05-23 16:00:00,3,20,0,1,0,18.36421185079697,1.6357881492030302
2017-05-23 16:00:00,2,39,0,1,0,39.4756590852648,0.4756590852648017
2017-05-23 16:00:00,4,10,0,1,0,7.643367962329776,2.3566320376702237
2017-05-23 17:00:00,2,38,0,1,1,37.99494823724604,0.005051762753957689
2017-05-23 17:00:00,1,103,0,1,1,104.60690180109788,1.6069018010978766
2017-05-23 17:00:00,4,7,0,1,1,9.004372427640998,2.004372427640998
2017-05-23 17:00:00,3,14,0,1,1,19.422723399971503,5.4227233999715025
2017-05-23 18:00:00,2,39,0,1,1,38.73289839852727,0.26710160147273143
2017-05-23 18:00:00,1,109,0,1,1,105.97753882883787,3.022461171162135
2017-05-23 18:00:00,4,10,0,1,1,8.274367125541643,1.7256328744583573
2017-05-23 18:00:00,3,17,0,1,1,16.557484588195848,0.4425154118041519
2017-05-23 19:00:00,3,16,0,1,1,18.155768510863727,2.1557685108637266
2017-05-23 19:00:00,2,43,0,1,1,40.60670910542697,2.3932908945730276
2017-05-23 19:00:00,1,108,0,1,1,112.9501883030688,4.950188303068799
2017-05-23 19:00:00,4,10,0,1,1,9.297393285492882,0.7026067145071178
2017-05-23 20:00:00,3,15,0,1,0,17.003397250968533,2.0033972509685327
2017-05-23 20:00:00,1,103,0,1,0,101.53119844264697,1.4688015573530322
2017-05-23 20:00:00,2,41,0,1,0,42.84451727258799,1.8445172725879928
2017-05-23 20:00:00,4,6,0,1,0,9.308845336996027,3.3088453369960273
2017-05-23 21:00:00,1,101,0,1,0,94.88822752195384,6.111772478046163
2017-05-23 21:00:00,2,41,0,1,0,38.82370349542263,2.1762965045773726
2017-05-23 21:00:00,4,6,0,1,0,7.713018385471351,1.7130183854713508
2017-05-23 21:00:00,3,13,0,1,0,15.347912145841628,2.3479121458416277
2017-05-23 22:00:00,3,13,0,1,0,14.125798561221464,1.1257985612214636
2017-05-23 22:00:00,1,92,0,1,0,91.90209378250633,0.0979062174936729
2017-05-23 22:00:00,2,35,0,1,0,38.697917651591,3.6979176515909984
2017-05-23 22:00:00,4,3,0,1,0,7.445207279901733,4.445207279901733
2017-05-23 23:00:00,1,86,0,1,0,83.7455730951908,2.2544269048091934
2017-05-23 23:00:00,2,35,0,1,0,33.8280249486398,1.1719750513601994
2017-05-23 23:00:00,3,13,0,1,0,13.350083723209115,0.3500837232091154
2017-05-23 23:00:00,4,8,0,1,0,5.5073405795400525,2.4926594204599475
2017-05-24 00:00:00,4,6,0,1,0,5.840835166030391,0.15916483396960857
2017-05-24 00:00:00,2,34,0,1,0,33.36941726429196,0.6305827357080389
2017-05-24 00:00:00,3,11,0,1,0,11.788053416877084,0.7880534168770836
2017-05-24 00:00:00,1,83,0,1,0,80.49136812755862,2.5086318724413843
2017-05-24 01:00:00,1,71,0,1,0,70.47386396347362,0.5261360365263812
2017-05-24 01:00:00,2,29,0,1,0,28.92751542683817,0.07248457316183021
2017-05-24 01:00:00,3,9,0,1,0,9.3507155274438,0.35071552744379986
2017-05-24 01:00:00,4,3,0,1,0,4.933106599341407,1.9331065993414072
2017-05-24 02:00:00,3,9,0,1,0,7.9527349662700155,1.0472650337299845
2017-05-24 02:00:00,1,54,0,1,0,62.25781319781872,8.25781319781872
2017-05-24 02:00:00,4,4,0,1,0,4.715300367157653,0.7153003671576528
2017-05-24 02:00:00,2,26,0,1,0,24.435538123238064,1.5644618767619356
2017-05-24 03:00:00,1,50,0,1,0,46.33896221486276,3.661037785137239
2017-05-24 03:00:00,2,18,0,1,0,21.992777354368695,3.9927773543686946
2017-05-24 03:00:00,4,6,0,1,0,4.150314607149283,1.8496853928507173
2017-05-24 03:00:00,3,8,0,1,0,7.538492217298954,0.4615077827010463
2017-05-24 04:00:00,2,17,0,1,0,16.60797628620258,0.3920237137974212
2017-05-24 04:00:00,1,39,0,1,0,45.670849577362496,6.670849577362496
2017-05-24 04:00:00,3,7,0,1,0,7.054951295051998,0.05495129505199792
2017-05-24 04:00:00,4,4,0,1,0,4.2503253676749955,0.25032536767499547
2017-05-24 05:00:00,1,39,0,1,0,35.653283442298445,3.346716557701555
2017-05-24 05:00:00,2,16,0,1,0,16.58335073418988,0.5833507341898816
2017-05-24 05:00:00,3,4,0,1,0,6.65573417839067,2.65573417839067
2017-05-24 05:00:00,4,5,0,1,0,4.1782297469081495,0.8217702530918505
2017-05-24 06:00:00,3,4,0,1,0,6.177728223568746,2.177728223568746
2017-05-24 06:00:00,2,18,0,1,0,16.779373563459874,1.220626436540126
2017-05-24 06:00:00,4,5,0,1,0,4.803142401973528,0.1968575980264724
2017-05-24 06:00:00,1,49,0,1,0,41.394861016104784,7.605138983895216
2017-05-24 07:00:00,2,15,0,1,1,19.346862966544737,4.346862966544737
2017-05-24 07:00:00,4,4,0,1,1,5.445326288833486,1.4453262888334857
2017-05-24 07:00:00,3,10,0,1,1,6.159253913980564,3.8407460860194362
2017-05-24 07:00:00,1,55,0,1,1,50.55970320878916,4.440296791210841
2017-05-24 08:00:00,2,21,0,1,1,18.052622518286586,2.9473774817134135
2017-05-24 08:00:00,4,4,0,1,1,5.897002635954731,1.8970026359547312
2017-05-24 08:00:00,3,11,0,1,1,9.308608653613978,1.6913913463860215
2017-05-24 08:00:00,1,62,0,1,1,56.815824894250795,5.184175105749205
2017-05-24 09:00:00,3,12,0,1,1,12.224820436295712,0.2248204362957118
2017-05-24 09:00:00,1,68,0,1,1,67.58240964182215,0.41759035817784707
2017-05-24 09:00:00,4,3,0,1,1,6.888015784158817,3.888015784158817
2017-05-24 09:00:00,2,25,0,1,1,21.773766200017405,3.2262337999825945
2017-05-24 10:00:00,4,10,0,1,0,7.186290556432824,2.813709443567176
2017-05-24 10:00:00,1,90,0,1,0,78.36611441904354,11.63388558095646
2017-05-24 10:00:00,2,27,0,1,0,27.684574181692955,0.6845741816929554
2017-05-24 10:00:00,3,14,0,1,0,14.907626555301626,0.9076265553016256
2017-05-24 11:00:00,3,16,0,1,0,15.995359924556897,0.004640075443102631
2017-05-24 11:00:00,1,109,0,1,0,91.80426380514514,17.19573619485486
2017-05-24 11:00:00,2,36,0,1,0,30.396120059542394,5.603879940457606
2017-05-24 11:00:00,4,8,0,1,0,9.88796323312401,1.88796323312401
2017-05-24 12:00:00,1,109,0,1,0,96.61570117408901,12.384298825910989
2017-05-24 12:00:00,2,38,0,1,0,35.27578314694955,2.72421685305045
2017-05-24 12:00:00,4,10,0,1,0,9.341752912949191,0.6582470870508086
2017-05-24 12:00:00,3,16,0,1,0,16.542263361339476,0.5422633613394758
2017-05-24 13:00:00,4,8,0,1,0,9.162518283284884,1.162518283284884
2017-05-24 13:00:00,3,16,0,1,0,16.394538302119535,0.39453830211953544
2017-05-24 13:00:00,2,32,0,1,0,37.49086506357668,5.490865063576678
2017-05-24 13:00:00,1,94,0,1,0,94.64667078168345,0.6466707816834543
2017-05-24 14:00:00,3,18,0,1,0,17.424324261505454,0.5756757384945459
2017-05-24 14:00:00,2,42,0,1,0,35.26773561738855,6.732264382611447
2017-05-24 14:00:00,1,111,0,1,0,100.65958433168427,10.340415668315728
2017-05-24 14:00:00,4,7,0,1,0,9.06664694799252,2.0666469479925205
2017-05-24 15:00:00,2,43,0,1,0,41.94435585614325,1.0556441438567532
2017-05-24 15:00:00,1,107,0,1,0,101.75057491492787,5.249425085072133
2017-05-24 15:00:00,4,14,0,1,0,8.840771293955129,5.159228706044871
2017-05-24 15:00:00,3,17,0,1,0,17.615582805467827,0.6155828054678274
2017-05-24 16:00:00,4,11,0,1,0,10.878249311587293,0.12175068841270686
2017-05-24 16:00:00,3,17,0,1,0,17.325528730121338,0.3255287301213379
2017-05-24 16:00:00,2,36,0,1,0,42.56703617556362,6.567036175563622
2017-05-24 16:00:00,1,101,0,1,0,100.10754760138768,0.8924523986123205
2017-05-24 17:00:00,3,20,0,1,1,17.818718864991048,2.181281135008952
2017-05-24 17:00:00,4,10,0,1,1,10.800462693836504,0.8004626938365043
2017-05-24 17:00:00,2,33,0,1,1,36.280467969684295,3.2804679696842953
2017-05-24 17:00:00,1,96,0,1,1,100.51024623216975,4.510246232169749
2017-05-24 18:00:00,1,104,0,1,1,101.38579691807699,2.6142030819230087
2017-05-24 18:00:00,4,4,0,1,1,10.36130744539629,6.361307445396291
2017-05-24 18:00:00,2,42,0,1,1,34.430447357209474,7.569552642790526
2017-05-24 18:00:00,3,15,0,1,1,19.51647348259024,4.516473482590239
2017-05-24 19:00:00,1,102,0,1,1,106.09943469963008,4.099434699630081
2017-05-24 19:00:00,3,14,0,1,1,17.583068624448853,3.5830686244488525
2017-05-24 19:00:00,4,11,0,1,1,7.91358214201046,3.08641785798954
2017-05-24 19:00:00,2,42,0,1,1,43.79123796736372,1.7912379673637204
2017-05-24 20:00:00,1,102,0,1,0,99.61776256433826,2.382237435661736
2017-05-24 20:00:00,2,41,0,1,0,43.2197198506389,2.219719850638903
2017-05-24 20:00:00,3,12,0,1,0,16.319906583584473,4.319906583584473
2017-05-24 20:00:00,4,5,0,1,0,9.628640853367822,4.628640853367822
2017-05-24 21:00:00,4,6,0,1,0,7.165568756713232,1.165568756713232
2017-05-24 21:00:00,1,89,0,1,0,95.00746780453633,6.007467804536333
2017-05-24 21:00:00,2,32,0,1,0,39.70870694593469,7.7087069459346935
2017-05-24 21:00:00,3,14,0,1,0,13.119632908767999,0.8803670912320012
2017-05-24 22:00:00,3,12,0,1,0,13.614996938574452,1.6149969385744516
2017-05-24 22:00:00,1,92,0,1,0,86.51492169997158,5.48507830002842
2017-05-24 22:00:00,4,6,0,1,0,7.496682206768499,1.496682206768499
2017-05-24 22:00:00,2,35,0,1,0,32.56976611705042,2.4302338829495795
2017-05-24 23:00:00,2,34,0,1,0,33.740516454741964,0.2594835452580355
2017-05-24 23:00:00,3,9,0,1,0,12.721129225358608,3.7211292253586077
2017-05-24 23:00:00,4,9,0,1,0,6.331874707417276,2.668125292582724
2017-05-24 23:00:00,1,88,0,1,0,83.67095894139649,4.329041058603508
2017-05-25 00:00:00,1,78,0,1,0,79.84880266051425,1.8488026605142522
2017-05-25 00:00:00,4,4,0,1,0,6.546876895340819,2.5468768953408194
2017-05-25 00:00:00,3,9,0,1,0,9.655695461917567,0.655695461917567
2017-05-25 00:00:00,2,28,0,1,0,31.155725446529893,3.1557254465298925
2017-05-25 01:00:00,3,11,0,1,0,7.560641873128146,3.439358126871854
2017-05-25 01:00:00,4,3,0,1,0,5.091189244045772,2.091189244045772
2017-05-25 01:00:00,1,65,0,1,0,68.307601586163,3.3076015861630026
2017-05-25 01:00:00,2,29,0,1,0,23.672250910757803,5.327749089242197
2017-05-25 02:00:00,4,3,0,1,0,4.336478432981684,1.336478432981684
2017-05-25 02:00:00,2,24,0,1,0,24.336371746582113,0.3363717465821132
2017-05-25 02:00:00,1,55,0,1,0,57.97082104002344,2.970821040023438
2017-05-25 02:00:00,3,7,0,1,0,8.348901472054221,1.3489014720542212
2017-05-25 03:00:00,3,3,0,1,0,7.248445891041892,4.248445891041892
2017-05-25 03:00:00,2,19,0,1,0,20.66091640445037,1.6609164044503686
2017-05-25 03:00:00,1,47,0,1,0,49.86201018886006,2.8620101888600615
2017-05-25 03:00:00,4,2,0,1,0,3.7528325763393533,1.7528325763393533
2017-05-25 04:00:00,2,16,0,1,0,17.23172676926379,1.2317267692637905
2017-05-25 04:00:00,1,41,0,1,0,42.27352051074006,1.2735205107400631
2017-05-25 04:00:00,4,4,0,1,0,3.6488634671936717,0.3511365328063283
2017-05-25 04:00:00,3,4,0,1,0,5.815420860720971,1.8154208607209714
2017-05-25 05:00:00,1,38,0,1,0,37.690301556159454,0.3096984438405457
2017-05-25 05:00:00,4,2,0,1,0,3.6488634671936717,1.6488634671936717
2017-05-25 05:00:00,3,6,0,1,0,4.818320265193492,1.181679734806508
2017-05-25 05:00:00,2,14,0,1,0,15.40790856160787,1.4079085616078704
2017-05-25 06:00:00,2,13,0,1,0,15.304492956766774,2.304492956766774
2017-05-25 06:00:00,4,6,0,1,0,4.140997922684703,1.8590020773152967
2017-05-25 06:00:00,3,5,0,1,0,5.462087577201801,0.4620875772018014
2017-05-25 06:00:00,1,42,0,1,0,41.37739769631022,0.6226023036897814
2017-05-25 07:00:00,4,3,0,1,1,5.37459688469874,2.3745968846987404
2017-05-25 07:00:00,2,17,0,1,1,15.351453559703883,1.6485464402961174
2017-05-25 07:00:00,3,5,0,1,1,6.314278433605177,1.3142784336051774
2017-05-25 07:00:00,1,50,0,1,1,46.057617475297185,3.942382524702815
2017-05-25 08:00:00,3,12,0,1,1,7.185671596372451,4.814328403627549
2017-05-25 08:00:00,4,7,0,1,1,5.673743885448857,1.3262561145511427
2017-05-25 08:00:00,2,23,0,1,1,17.85234814409391,5.147651855906091
2017-05-25 08:00:00,1,59,0,1,1,55.454792721342756,3.5452072786572444
2017-05-25 09:00:00,1,71,0,1,1,67.72939961943024,3.2706003805697605
2017-05-25 09:00:00,4,5,0,1,1,7.94122154306476,2.94122154306476
2017-05-25 09:00:00,2,21,0,1,1,24.42320115686071,3.42320115686071
2017-05-25 09:00:00,3,11,0,1,1,12.167567397363678,1.167567397363678
2017-05-25 10:00:00,3,10,0,1,0,13.977447442560974,3.9774474425609743
2017-05-25 10:00:00,1,91,0,1,0,79.43103017666935,11.568969823330647
2017-05-25 10:00:00,2,26,0,1,0,24.040087686254218,1.9599123137457823
2017-05-25 10:00:00,4,10,0,1,0,7.749140794049746,2.2508592059502543
2017-05-25 11:00:00,4,11,0,1,0,10.41601206357388,0.5839879364261193
2017-05-25 11:00:00,3,20,0,1,0,13.595243822728067,6.404756177271933
2017-05-25 11:00:00,2,34,0,1,0,27.7550979561056,6.244902043894399
2017-05-25 11:00:00,1,128,0,1,0,91.80426380514514,36.19573619485486
2017-05-25 12:00:00,3,21,0,1,0,18.770221148797887,2.229778851202113
2017-05-25 12:00:00,1,112,0,1,0,103.27172416919782,8.728275830802176
2017-05-25 12:00:00,2,35,0,1,0,33.028911604982255,1.9710883950177447
2017-05-25 12:00:00,4,9,0,1,0,10.950860646161049,1.9508606461610487
2017-05-25 13:00:00,1,100,0,1,0,94.65705952214523,5.342940477854768
2017-05-25 13:00:00,2,31,0,1,0,33.996143733051156,2.9961437330511558
2017-05-25 13:00:00,3,20,0,1,0,18.96682276914387,1.0331772308561291
2017-05-25 13:00:00,4,7,0,1,0,9.234495821905414,2.234495821905414
2017-05-25 14:00:00,3,18,0,1,0,20.41143806638044,2.411438066380441
2017-05-25 14:00:00,4,9,0,1,0,9.246046179756686,0.24604617975668575
2017-05-25 14:00:00,2,37,0,1,0,31.764125673909856,5.235874326090144
2017-05-25 14:00:00,1,103,0,1,0,104.63938747472581,1.6393874747258081
2017-05-25 15:00:00,1,107,0,1,0,98.49196696048422,8.50803303951578
2017-05-25 15:00:00,4,12,0,1,0,9.136858597030493,2.8631414029695073
2017-05-25 15:00:00,2,37,0,1,0,36.154681385138346,0.8453186148616538
2017-05-25 15:00:00,3,17,0,1,0,18.469434965635603,1.4694349656356032
2017-05-25 16:00:00,1,103,0,1,0,99.90790675741722,3.092093242582777
2017-05-25 16:00:00,4,10,0,1,0,9.943730065323699,0.05626993467630115
2017-05-25 16:00:00,2,38,0,1,0,36.100824563021966,1.8991754369780338
2017-05-25 16:00:00,3,16,0,1,0,17.459436753541336,1.4594367535413362
2017-05-25 17:00:00,4,11,0,1,1,9.910897601321128,1.0891023986788717
2017-05-25 17:00:00,3,18,0,1,1,17.31708150084976,0.6829184991502402
2017-05-25 17:00:00,1,104,0,1,1,100.12354309803065,3.8764569019693482
2017-05-25 17:00:00,2,31,0,1,1,38.6658037948274,7.665803794827397
2017-05-25 18:00:00,4,11,0,1,1,10.33741596371537,0.6625840362846294
2017-05-25 18:00:00,1,109,0,1,1,104.04471992907611,4.955280070923891
2017-05-25 18:00:00,3,15,0,1,1,18.296954415313714,3.2969544153137136
2017-05-25 18:00:00,2,31,0,1,1,31.89978191198645,0.8997819119864516
2017-05-25 19:00:00,1,115,0,1,1,111.33077816451049,3.669221835489509
2017-05-25 19:00:00,4,9,0,1,1,10.448710948194961,1.448710948194961
2017-05-25 19:00:00,2,33,0,1,1,31.845856581012928,1.154143418987072
2017-05-25 19:00:00,3,15,0,1,1,17.01698612934364,2.016986129343639
2017-05-25 20:00:00,3,14,0,1,0,16.19151368236552,2.191513682365521
2017-05-25 20:00:00,4,10,0,1,0,9.637729491570099,0.3622705084299014
2017-05-25 20:00:00,1,106,0,1,0,103.3405030637539,2.6594969362461
2017-05-25 20:00:00,2,34,0,1,0,33.145805045095706,0.854194954904294
2017-05-25 21:00:00,3,10,0,1,0,14.511451713590183,4.5114517135901835
2017-05-25 21:00:00,4,10,0,1,0,9.340692889173136,0.6593071108268642
2017-05-25 21:00:00,1,107,0,1,0,95.92394565756429,11.076054342435711
2017-05-25 21:00:00,2,32,0,1,0,32.93022156129822,0.9302215612982181
2017-05-25 22:00:00,1,102,0,1,0,94.3575632965034,7.6424367034966
2017-05-25 22:00:00,4,9,0,1,0,9.284353797290906,0.2843537972909065
2017-05-25 22:00:00,2,33,0,1,0,32.317290209938534,0.682709790061466
2017-05-25 22:00:00,3,9,0,1,0,12.474865100605676,3.474865100605676
2017-05-25 23:00:00,4,7,0,1,0,8.645285084651329,1.645285084651329
2017-05-25 23:00:00,1,93,0,1,0,86.47077831684174,6.529221683158255
2017-05-25 23:00:00,2,32,0,1,0,31.381016477381078,0.6189835226189224
2017-05-25 23:00:00,3,13,0,1,0,10.437270034176464,2.562729965823536
2017-05-26 00:00:00,2,31,0,1,0,29.76486831226593,1.2351316877340714
2017-05-26 00:00:00,3,12,0,1,0,10.46200723187778,1.5379927681222192
2017-05-26 00:00:00,1,85,0,1,0,85.47162075754775,0.471620757547754
2017-05-26 00:00:00,4,5,0,1,0,6.853520410679459,1.853520410679459
2017-05-26 01:00:00,3,11,0,1,0,9.411482722474515,1.5885172775254848
2017-05-26 01:00:00,2,27,0,1,0,25.76208983060642,1.2379101693935795
2017-05-26 01:00:00,1,70,0,1,0,73.91100794647771,3.91100794647771
2017-05-26 01:00:00,4,5,0,1,0,5.350180534236103,0.3501805342361033
2017-05-26 02:00:00,4,6,0,1,0,4.742053440791693,1.2579465592083068
2017-05-26 02:00:00,1,59,0,1,0,61.75233241097284,2.7523324109728406
2017-05-26 02:00:00,2,23,0,1,0,23.42953282797073,0.42953282797072845
2017-05-26 02:00:00,3,8,0,1,0,9.01247264554306,1.0124726455430597
2017-05-26 03:00:00,2,22,0,1,0,19.695321214802103,2.304678785197897
2017-05-26 03:00:00,3,5,0,1,0,7.771521350780102,2.7715213507801018
2017-05-26 03:00:00,4,4,0,1,0,4.495742564442683,0.4957425644426827
2017-05-26 03:00:00,1,52,0,1,0,53.21277297206957,1.2127729720695726
2017-05-26 04:00:00,2,15,0,1,0,18.485089825079015,3.485089825079015
2017-05-26 04:00:00,1,46,0,1,0,47.41643577105531,1.416435771055312
2017-05-26 04:00:00,3,3,0,1,0,6.4440139413169595,3.4440139413169595
2017-05-26 04:00:00,4,3,0,1,0,4.199503447446552,1.1995034474465518
2017-05-26 05:00:00,2,18,0,1,0,14.576625285672568,3.423374714327432
2017-05-26 05:00:00,4,5,0,1,0,4.107938894448331,0.8920611055516687
2017-05-26 05:00:00,1,41,0,1,0,41.22350247575019,0.22350247575018756
2017-05-26 05:00:00,3,5,0,1,0,5.063737461961179,0.06373746196117924
2017-05-26 06:00:00,2,17,0,1,0,17.27876267408588,0.27876267408587907
2017-05-26 06:00:00,4,6,0,1,0,4.583443367713794,1.4165566322862064
2017-05-26 06:00:00,3,6,0,1,0,5.416745030068996,0.5832549699310041
2017-05-26 06:00:00,1,47,0,1,0,42.72160165552934,4.278398344470659
2017-05-26 07:00:00,4,4,0,1,1,5.44589508031722,1.4458950803172197
2017-05-26 07:00:00,2,17,0,1,1,19.13053555002904,2.130535550029041
2017-05-26 07:00:00,3,7,0,1,1,6.193217218318805,0.8067827816811954
2017-05-26 07:00:00,1,56,0,1,1,49.70621584502575,6.293784154974247
2017-05-26 08:00:00,4,2,0,1,1,5.976256930023886,3.9762569300238857
2017-05-26 08:00:00,1,61,0,1,1,56.44342443683532,4.556575563164678
2017-05-26 08:00:00,3,6,0,1,1,8.35097196123811,2.350971961238111
2017-05-26 08:00:00,2,17,0,1,1,19.41696418502067,2.416964185020671
2017-05-26 09:00:00,4,4,0,1,1,6.731966163138435,2.731966163138435
2017-05-26 09:00:00,3,8,0,1,1,8.87896382988013,0.8789638298801297
2017-05-26 09:00:00,1,68,0,1,1,65.77344239506166,2.2265576049383355
2017-05-26 09:00:00,2,22,0,1,1,20.15956519423601,1.8404348057639908
2017-05-26 10:00:00,3,13,0,1,0,10.424851067168836,2.575148932831164
2017-05-26 10:00:00,4,6,0,1,0,7.0276721569585705,1.0276721569585705
2017-05-26 10:00:00,1,88,0,1,0,76.18962846419986,11.810371535800144
2017-05-26 10:00:00,2,20,0,1,0,23.58675155966972,3.5867515596697217
2017-05-26 11:00:00,2,31,0,1,0,21.839887239664492,9.160112760335508
2017-05-26 11:00:00,1,97,0,1,0,85.26340387946145,11.73659612053855
2017-05-26 11:00:00,3,14,0,1,0,13.674399514884282,0.32560048511571793
2017-05-26 11:00:00,4,7,0,1,0,7.424372277590234,0.4243722775902343
2017-05-26 12:00:00,2,36,0,1,0,29.469973148593617,6.530026851406383
2017-05-26 12:00:00,1,101,0,1,0,91.57175267185038,9.428247328149624
2017-05-26 12:00:00,4,7,0,1,0,8.162365216981648,1.162365216981648
2017-05-26 12:00:00,3,17,0,1,0,15.118267846513696,1.881732153486304
2017-05-26 13:00:00,1,86,0,1,0,84.13507150576591,1.8649284942340927
2017-05-26 13:00:00,2,29,0,1,0,33.14252782794114,4.142527827941137
2017-05-26 13:00:00,4,7,0,1,0,7.400659015580162,0.40065901558016215
2017-05-26 13:00:00,3,11,0,1,0,15.87194994370581,4.871949943705809
2017-05-26 14:00:00,2,29,0,1,0,29.059567983064433,0.059567983064432894
2017-05-26 14:00:00,1,94,0,1,0,88.937529879167,5.062470120832998
2017-05-26 14:00:00,4,8,0,1,0,8.513189805902817,0.513189805902817
2017-05-26 14:00:00,3,13,0,1,0,14.567043079504739,1.5670430795047388
2017-05-26 15:00:00,3,15,0,1,0,14.07819342577106,0.9218065742289401
2017-05-26 15:00:00,1,93,0,1,0,86.98299381228308,6.017006187716916
2017-05-26 15:00:00,2,35,0,1,0,28.513340319307524,6.486659680692476
2017-05-26 15:00:00,4,7,0,1,0,8.420526256842672,1.4205262568426722
2017-05-26 16:00:00,1,89,0,1,0,84.71115258455228,4.288847415447719
2017-05-26 16:00:00,2,25,0,1,0,34.20053655608557,9.200536556085567
2017-05-26 16:00:00,3,14,0,1,0,14.36540598084148,0.36540598084148
2017-05-26 16:00:00,4,8,0,1,0,7.873865998529773,0.12613400147022702
2017-05-26 17:00:00,4,6,0,1,1,8.06570739523647,2.065707395236471
2017-05-26 17:00:00,2,29,0,1,1,25.349129071410246,3.650870928589754
2017-05-26 17:00:00,1,85,0,1,1,81.89388511532097,3.1061148846790303
2017-05-26 17:00:00,3,12,0,1,1,14.454236477141075,2.454236477141075
2017-05-26 18:00:00,4,8,0,1,1,7.493070546493355,0.5069294535066451
2017-05-26 18:00:00,2,30,0,1,1,28.896712223010937,1.1032877769890632
2017-05-26 18:00:00,1,92,0,1,1,85.9063787233058,6.0936212766941935
2017-05-26 18:00:00,3,12,0,1,1,13.624239748541005,1.6242397485410045
2017-05-26 19:00:00,4,9,0,1,1,8.04339950221626,0.9566004977837395
2017-05-26 19:00:00,1,90,0,1,1,93.67282923032758,3.6728292303275794
2017-05-26 19:00:00,3,13,0,1,1,13.212090182725847,0.2120901827258468
2017-05-26 19:00:00,2,32,0,1,1,30.34155678343022,1.658443216569779
2017-05-26 20:00:00,4,3,0,1,0,8.454360402655338,5.454360402655338
2017-05-26 20:00:00,1,89,0,1,0,86.88247444294751,2.1175255570524882
2017-05-26 20:00:00,2,33,0,1,0,32.48557392418231,0.5144260758176884
2017-05-26 20:00:00,3,12,0,1,0,13.393401888903488,1.3934018889034885
2017-05-26 21:00:00,3,10,0,1,0,12.730550956828084,2.7305509568280844
2017-05-26 21:00:00,4,5,0,1,0,6.898325290889901,1.8983252908899013
2017-05-26 21:00:00,2,30,0,1,0,32.202550697009926,2.202550697009926
2017-05-26 21:00:00,1,85,0,1,0,86.52074541030679,1.5207454103067874
2017-05-26 22:00:00,4,6,0,1,0,6.560165201435047,0.5601652014350469
2017-05-26 22:00:00,3,9,0,1,0,11.445853553856685,2.4458535538566846
2017-05-26 22:00:00,2,27,0,1,0,29.436469454879862,2.4364694548798624
2017-05-26 22:00:00,1,76,0,1,0,80.64784156200437,4.647841562004373
2017-05-26 23:00:00,3,11,0,1,0,10.245364235900967,0.7546357640990333
2017-05-26 23:00:00,1,77,0,1,0,71.56579573313904,5.434204266860959
2017-05-26 23:00:00,2,26,0,1,0,26.24369965229543,0.24369965229542956
2017-05-26 23:00:00,4,4,0,1,0,5.552240195024324,1.552240195024324
2017-05-27 00:00:00,1,67,0,0,0,71.39849782493155,4.398497824931553
2017-05-27 00:00:00,3,12,0,0,0,9.254142290230009,2.745857709769991
2017-05-27 00:00:00,2,28,0,0,0,23.765779436746804,4.234220563253196
2017-05-27 00:00:00,4,8,0,0,0,5.013317570284533,2.986682429715467
2017-05-27 01:00:00,4,4,0,0,0,4.937120646834869,0.9371206468348694
2017-05-27 01:00:00,2,20,0,0,0,23.42372389807793,3.423723898077931
2017-05-27 01:00:00,3,12,0,0,0,8.798984522684266,3.2010154773157335
2017-05-27 01:00:00,1,62,0,0,0,57.62406659106623,4.3759334089337685
2017-05-27 02:00:00,4,6,0,0,0,4.255264773750273,1.7447352262497269
2017-05-27 02:00:00,2,19,0,0,0,17.584755922739436,1.4152440772605637
2017-05-27 02:00:00,3,7,0,0,0,9.07589151082754,2.0758915108275406
2017-05-27 02:00:00,1,46,0,0,0,54.72200718474033,8.722007184740328
2017-05-27 03:00:00,3,5,0,0,0,7.275545776088707,2.2755457760887072
2017-05-27 03:00:00,2,16,0,0,0,16.829712618846845,0.8297126188468447
2017-05-27 03:00:00,1,41,0,0,0,41.74629718095372,0.746297180953718
2017-05-27 03:00:00,4,6,0,0,0,4.719700261010435,1.280299738989565
2017-05-27 04:00:00,3,7,0,0,0,6.123799483709966,0.8762005162900337
2017-05-27 04:00:00,1,32,0,0,0,36.233331930125104,4.233331930125104
2017-05-27 04:00:00,2,12,0,0,0,14.411281809871069,2.4112818098710687
2017-05-27 04:00:00,4,1,0,0,0,4.312021139234199,3.312021139234199
2017-05-27 05:00:00,1,28,0,0,0,30.013997746909624,2.0139977469096237
2017-05-27 05:00:00,3,8,0,0,0,5.4196805165348145,2.5803194834651855
2017-05-27 05:00:00,4,5,0,0,0,4.011941946136017,0.9880580538639832
2017-05-27 05:00:00,2,12,0,0,0,11.731782986201885,0.2682170137981146
2017-05-27 06:00:00,3,6,0,0,0,6.353265563313658,0.3532655633136583
2017-05-27 06:00:00,4,3,0,0,0,4.410303515371808,1.4103035153718082
2017-05-27 06:00:00,2,14,0,0,0,11.822466707195659,2.177533292804341
2017-05-27 06:00:00,1,30,0,0,0,29.299049244214146,0.7009507557858541
2017-05-27 07:00:00,1,39,0,0,1,32.87510758348195,6.124892416518051
2017-05-27 07:00:00,4,5,0,0,1,4.543591180844909,0.456408819155091
2017-05-27 07:00:00,2,11,0,0,1,14.272540825647294,3.272540825647294
2017-05-27 07:00:00,3,5,0,0,1,7.581504935150133,2.581504935150133
2017-05-27 08:00:00,4,4,0,0,1,5.753743480825812,1.753743480825812
2017-05-27 08:00:00,1,45,0,0,1,42.64952890372566,2.3504710962743403
2017-05-27 08:00:00,3,6,0,0,1,7.629847594193925,1.629847594193925
2017-05-27 08:00:00,2,13,0,0,1,13.445524749403214,0.44552474940321396
2017-05-27 09:00:00,3,7,0,0,1,7.794004207190377,0.794004207190377
2017-05-27 09:00:00,1,52,0,0,1,48.86968132182417,3.1303186781758328
2017-05-27 09:00:00,2,15,0,0,1,14.916726404252282,0.08327359574771798
2017-05-27 09:00:00,4,6,0,0,1,6.049901700788708,0.04990170078870815
2017-05-27 10:00:00,1,56,0,0,0,62.52112138542004,6.521121385420038
2017-05-27 10:00:00,3,8,0,0,0,8.8170391762465,0.8170391762464995
2017-05-27 10:00:00,2,14,0,0,0,15.856905888950967,1.8569058889509673
2017-05-27 10:00:00,4,7,0,0,0,6.890824280221677,0.10917571977832274
2017-05-27 11:00:00,1,78,0,0,0,65.45217985827955,12.54782014172045
2017-05-27 11:00:00,2,15,0,0,0,16.110138943766025,1.1101389437660245
2017-05-27 11:00:00,4,7,0,0,0,7.813863157527119,0.8138631575271189
2017-05-27 11:00:00,3,16,0,0,0,9.396704389461977,6.603295610538023
2017-05-27 12:00:00,3,11,0,0,0,14.9405216072466,3.9405216072466
2017-05-27 12:00:00,4,10,0,0,0,8.015142757168501,1.9848572428314988
2017-05-27 12:00:00,1,72,0,0,0,77.60415148508245,5.604151485082454
2017-05-27 12:00:00,2,19,0,0,0,15.949966165045767,3.050033834954233
2017-05-27 13:00:00,3,10,0,0,0,12.229993896175419,2.2299938961754187
2017-05-27 13:00:00,4,9,0,0,0,8.664577141224777,0.3354228587752228
2017-05-27 13:00:00,2,18,0,0,0,16.977848971989314,1.0221510280106862
2017-05-27 13:00:00,1,64,0,0,0,68.28592455796054,4.285924557960541
2017-05-27 14:00:00,4,9,0,0,0,8.278115446452622,0.7218845535473779
2017-05-27 14:00:00,2,18,0,0,0,17.79799210044312,0.2020078995568788
2017-05-27 14:00:00,1,58,0,0,0,69.20493904622116,11.204939046221156
2017-05-27 14:00:00,3,13,0,0,0,11.94738676097485,1.0526132390251508
2017-05-27 15:00:00,4,7,0,0,0,8.594773556654966,1.5947735566549657
2017-05-27 15:00:00,3,9,0,0,0,12.108954230313959,3.108954230313959
2017-05-27 15:00:00,1,58,0,0,0,59.79702704659641,1.797027046596412
2017-05-27 15:00:00,2,16,0,0,0,17.713199621447803,1.713199621447803
2017-05-27 16:00:00,1,58,0,0,0,58.027122506516896,0.027122506516896294
2017-05-27 16:00:00,3,11,0,0,0,10.806590830976319,0.19340916902368122
2017-05-27 16:00:00,2,18,0,0,0,17.154059409423525,0.8459405905764754
2017-05-27 16:00:00,4,7,0,0,0,8.126155308260897,1.1261553082608966
2017-05-27 17:00:00,3,9,0,0,1,11.079962234815312,2.079962234815312
2017-05-27 17:00:00,4,8,0,0,1,7.738107844258039,0.2618921557419611
2017-05-27 17:00:00,1,61,0,0,1,58.103085348213554,2.896914651786446
2017-05-27 17:00:00,2,19,0,0,1,18.04036551897998,0.9596344810200215
2017-05-27 18:00:00,1,62,0,0,1,63.555627055953835,1.5556270559538348
2017-05-27 18:00:00,4,8,0,0,1,7.9988323729596145,0.0011676270403855327
2017-05-27 18:00:00,3,14,0,0,1,10.453651634862998,3.5463483651370016
2017-05-27 18:00:00,2,21,0,0,1,19.734901317337485,1.265098682662515
2017-05-27 19:00:00,1,65,0,0,1,66.34246814729775,1.342468147297751
2017-05-27 19:00:00,2,17,0,0,1,21.484577620764146,4.484577620764146
2017-05-27 19:00:00,4,7,0,0,1,8.617553612911523,1.6175536129115233
2017-05-27 19:00:00,3,10,0,0,1,13.243079217221416,3.243079217221416
2017-05-27 20:00:00,4,6,0,0,0,8.483781445970228,2.4837814459702283
2017-05-27 20:00:00,2,18,0,0,0,18.920656677978606,0.9206566779786058
2017-05-27 20:00:00,1,69,0,0,0,65.83773868900387,3.1622613109961293
2017-05-27 20:00:00,3,12,0,0,0,12.110310632458063,0.11031063245806294
2017-05-27 21:00:00,3,15,0,0,0,12.35610875456985,2.643891245430151
2017-05-27 21:00:00,1,63,0,0,0,65.74515301703467,2.745153017034667
2017-05-27 21:00:00,4,7,0,0,0,7.3605033804774544,0.36050338047745445
2017-05-27 21:00:00,2,19,0,0,0,17.748705330364135,1.2512946696358647
2017-05-27 22:00:00,4,8,0,0,0,7.45677961098357,0.5432203890164304
2017-05-27 22:00:00,3,15,0,0,0,13.781237540781971,1.2187624592180288
2017-05-27 22:00:00,2,19,0,0,0,18.248887918352658,0.7511120816473422
2017-05-27 22:00:00,1,62,0,0,0,61.240029145484094,0.7599708545159061
2017-05-27 23:00:00,4,7,0,0,0,7.738838782421165,0.7388387824211646
2017-05-27 23:00:00,2,18,0,0,0,18.416080914330035,0.4160809143300348
2017-05-27 23:00:00,1,58,0,0,0,58.59984513166259,0.5998451316625903
2017-05-27 23:00:00,3,13,0,0,0,13.999442573291653,0.9994425732916525
2017-05-28 00:00:00,1,56,0,0,0,51.65591540208517,4.344084597914829
2017-05-28 00:00:00,2,20,0,0,0,16.795417214784862,3.2045827852151376
2017-05-28 00:00:00,4,4,0,0,0,6.284941277937828,2.284941277937828
2017-05-28 00:00:00,3,9,0,0,0,11.932257443737496,2.9322574437374964
2017-05-28 01:00:00,1,45,0,0,0,47.56521626040191,2.565216260401911
2017-05-28 01:00:00,4,4,0,0,0,4.682823013835321,0.6828230138353213
2017-05-28 01:00:00,2,17,0,0,0,16.77776212320712,0.22223787679288165
2017-05-28 01:00:00,3,8,0,0,0,8.118149261453315,0.11814926145331484
2017-05-28 02:00:00,2,13,0,0,0,15.019127250770186,2.019127250770186
2017-05-28 02:00:00,1,33,0,0,0,39.51882196752937,6.5188219675293695
2017-05-28 02:00:00,4,4,0,0,0,3.959951742720334,0.0400482572796661
2017-05-28 02:00:00,3,5,0,0,0,7.096348045069051,2.0963480450690506
2017-05-28 03:00:00,1,30,0,0,0,28.64959726997669,1.3504027300233084
2017-05-28 03:00:00,3,4,0,0,0,5.8205181181935375,1.8205181181935375
2017-05-28 03:00:00,2,14,0,0,0,12.181372790540678,1.818627209459322
2017-05-28 03:00:00,4,2,0,0,0,3.7826284211615517,1.7826284211615517
2017-05-28 04:00:00,1,30,0,0,0,26.254740312822406,3.745259687177594
2017-05-28 04:00:00,2,11,0,0,0,11.886161364470443,0.8861613644704427
2017-05-28 04:00:00,4,3,0,0,0,3.4988202986710535,0.4988202986710535
2017-05-28 04:00:00,3,6,0,0,0,5.065360258739121,0.9346397412608791
2017-05-28 05:00:00,2,9,0,0,0,10.137277595268575,1.137277595268575
2017-05-28 05:00:00,4,3,0,0,0,3.394851189525372,0.3948511895253719
2017-05-28 05:00:00,1,25,0,0,0,27.787559268868193,2.7875592688681934
2017-05-28 05:00:00,3,4,0,0,0,4.691949812254684,0.6919498122546841
2017-05-28 06:00:00,3,5,0,0,0,5.080799019232165,0.08079901923216504
2017-05-28 06:00:00,2,11,0,0,0,9.13649039093222,1.8635096090677798
2017-05-28 06:00:00,4,5,0,0,0,3.8377578807455994,1.1622421192544006
2017-05-28 06:00:00,1,30,0,0,0,27.26931467276831,2.73068532723169
2017-05-28 07:00:00,2,11,0,0,1,11.30760693432163,0.30760693432162967
2017-05-28 07:00:00,3,5,0,0,1,5.917039449099744,0.917039449099744
2017-05-28 07:00:00,1,30,0,0,1,32.63063338168389,2.630633381683893
2017-05-28 07:00:00,4,3,0,0,1,4.860846902857752,1.8608469028577517
2017-05-28 08:00:00,4,3,0,0,1,5.312523249978996,2.3125232499789963
2017-05-28 08:00:00,2,10,0,0,1,12.17499265133914,2.1749926513391404
2017-05-28 08:00:00,1,38,0,0,1,33.01986888014695,4.9801311198530485
2017-05-28 08:00:00,3,11,0,0,1,6.524336653570973,4.475663346429027
2017-05-28 09:00:00,3,7,0,0,1,10.659984828014284,3.6599848280142844
2017-05-28 09:00:00,2,11,0,0,1,12.504232800020516,1.5042328000205156
2017-05-28 09:00:00,4,5,0,0,1,5.88233626507151,0.8823362650715101
2017-05-28 09:00:00,1,45,0,0,1,43.61446072011662,1.3855392798833819
2017-05-28 10:00:00,2,13,0,0,0,12.337919842394648,0.6620801576053523
2017-05-28 10:00:00,4,6,0,0,0,6.502991018761014,0.5029910187610138
2017-05-28 10:00:00,1,48,0,0,0,48.178166794938214,0.17816679493821397
2017-05-28 10:00:00,3,7,0,0,0,10.795497306312717,3.7954973063127166
2017-05-28 11:00:00,2,13,0,0,0,13.837585310675133,0.8375853106751325
2017-05-28 11:00:00,4,6,0,0,0,6.635951250092089,0.6359512500920887
2017-05-28 11:00:00,1,60,0,0,0,53.19307007331917,6.80692992668083
2017-05-28 11:00:00,3,11,0,0,0,10.162269863797386,0.8377301362026142
2017-05-28 12:00:00,1,65,0,0,0,63.82568813778053,1.1743118622194686
2017-05-28 12:00:00,3,14,0,0,0,10.925072305101805,3.0749276948981947
2017-05-28 12:00:00,2,20,0,0,0,14.293304185169214,5.706695814830786
2017-05-28 12:00:00,4,9,0,0,0,7.112852829225499,1.887147170774501
2017-05-28 13:00:00,3,12,0,0,0,12.216521166315445,0.21652116631544516
2017-05-28 13:00:00,1,58,0,0,0,60.9116391637583,2.911639163758302
2017-05-28 13:00:00,2,19,0,0,0,17.607163597250953,1.3928364027490474
2017-05-28 13:00:00,4,7,0,0,0,7.651628775935322,0.6516287759353219
2017-05-28 14:00:00,3,8,0,0,0,12.676119947447564,4.676119947447564
2017-05-28 14:00:00,4,5,0,0,0,7.687498776780205,2.687498776780205
2017-05-28 14:00:00,2,19,0,0,0,18.53995862213139,0.46004137786860966
2017-05-28 14:00:00,1,54,0,0,0,58.976235493710256,4.976235493710256
2017-05-28 15:00:00,3,7,0,0,0,10.792861975912588,3.7928619759125883
2017-05-28 15:00:00,4,6,0,0,0,7.228321781243554,1.2283217812435536
2017-05-28 15:00:00,1,53,0,0,0,54.43649975752747,1.4364997575274714
2017-05-28 15:00:00,2,18,0,0,0,18.628291902445376,0.6282919024453761
2017-05-28 16:00:00,4,8,0,0,0,6.595880047372831,1.4041199526271688
2017-05-28 16:00:00,1,56,0,0,0,52.28114792380541,3.7188520761945867
2017-05-28 16:00:00,3,14,0,0,0,9.417024134768527,4.582975865231473
2017-05-28 16:00:00,2,21,0,0,0,17.687721193323014,3.3122788066769857
2017-05-28 17:00:00,2,19,0,0,1,19.832171070576393,0.8321710705763934
2017-05-28 17:00:00,4,4,0,0,1,7.0663572919464865,3.0663572919464865
2017-05-28 17:00:00,3,13,0,0,1,11.811826963756676,1.1881730362433238
2017-05-28 17:00:00,1,57,0,0,1,54.98343392485461,2.0165660751453913
2017-05-28 18:00:00,3,12,0,0,1,12.844039333201875,0.8440393332018754
2017-05-28 18:00:00,1,61,0,0,1,60.50567775119177,0.4943222488082313
2017-05-28 18:00:00,4,7,0,0,1,6.667416993251004,0.33258300674899566
2017-05-28 18:00:00,2,22,0,0,1,19.84774838127434,2.1522516187256606
2017-05-28 19:00:00,4,6,0,0,1,7.616131767340684,1.6161317673406836
2017-05-28 19:00:00,3,10,0,0,1,14.220084031834348,4.220084031834348
2017-05-28 19:00:00,2,23,0,0,1,23.029445437340414,0.029445437340413605
2017-05-28 19:00:00,1,62,0,0,1,64.5748593719753,2.5748593719752932
2017-05-28 20:00:00,3,11,0,0,0,12.348556780852546,1.3485567808525456
2017-05-28 20:00:00,1,63,0,0,0,62.0857502782308,0.9142497217692025
2017-05-28 20:00:00,4,7,0,0,0,7.000910147728095,0.0009101477280948345
2017-05-28 20:00:00,2,22,0,0,0,23.60746437072054,1.607464370720539
2017-05-28 21:00:00,1,67,0,0,0,60.955370536439496,6.044629463560504
2017-05-28 21:00:00,4,4,0,0,0,7.401338613672464,3.401338613672464
2017-05-28 21:00:00,3,10,0,0,0,11.411874677520826,1.4118746775208262
2017-05-28 21:00:00,2,20,0,0,0,21.98353950279657,1.983539502796571
2017-05-28 22:00:00,2,23,0,0,0,19.987257464119935,3.012742535880065
2017-05-28 22:00:00,3,13,0,0,0,11.10147743020933,1.8985225697906696
2017-05-28 22:00:00,1,64,0,0,0,64.64920070030797,0.6492007003079721
2017-05-28 22:00:00,4,9,0,0,0,6.404201369630994,2.595798630369006
2017-05-28 23:00:00,1,68,0,0,0,61.62172822965986,6.378271770340142
2017-05-28 23:00:00,4,7,0,0,0,7.501137346714288,0.5011373467142883
2017-05-28 23:00:00,2,23,0,0,0,22.608675962156145,0.39132403784385517
2017-05-28 23:00:00,3,14,0,0,0,12.051237727809438,1.948762272190562
2017-05-29 00:00:00,4,4,0,1,0,6.320309209886249,2.320309209886249
2017-05-29 00:00:00,1,55,0,1,0,60.64192191344539,5.641921913445387
2017-05-29 00:00:00,3,7,0,1,0,11.843781326689408,4.843781326689408
2017-05-29 00:00:00,2,16,0,1,0,21.071371035876606,5.071371035876606
2017-05-29 01:00:00,3,10,0,1,0,7.651534090379061,2.3484659096209386
2017-05-29 01:00:00,2,19,0,1,0,15.00888932421977,3.991110675780231
2017-05-29 01:00:00,1,48,0,1,0,49.42678353643393,1.4267835364339305
2017-05-29 01:00:00,4,4,0,1,0,5.086670617885065,1.0866706178850647
2017-05-29 02:00:00,2,14,0,1,0,16.61862720564721,2.6186272056472113
2017-05-29 02:00:00,1,40,0,1,0,43.51801642592245,3.518016425922447
2017-05-29 02:00:00,3,8,0,1,0,7.732646671657769,0.2673533283422307
2017-05-29 02:00:00,4,3,0,1,0,4.213964020388636,1.2139640203886364
2017-05-29 03:00:00,2,14,0,1,0,12.849779855920207,1.1502201440797926
2017-05-29 03:00:00,3,5,0,1,0,6.989892065422115,1.989892065422115
2017-05-29 03:00:00,1,35,0,1,0,36.75919990698673,1.75919990698673
2017-05-29 03:00:00,4,5,0,1,0,3.8690752631126535,1.1309247368873465
2017-05-29 04:00:00,1,32,0,1,0,32.16333809456855,0.16333809456855164
2017-05-29 04:00:00,2,9,0,1,0,12.395448430449518,3.395448430449518
2017-05-29 04:00:00,3,7,0,1,0,6.2049118678246185,0.7950881321753815
2017-05-29 04:00:00,4,4,0,1,0,4.1336846249237125,0.13368462492371247
2017-05-29 05:00:00,4,2,0,1,0,4.036640698829854,2.0366406988298538
2017-05-29 05:00:00,1,35,0,1,0,30.27724808454786,4.72275191545214
2017-05-29 05:00:00,3,4,0,1,0,5.85954646962013,1.8595464696201303
2017-05-29 05:00:00,2,16,0,1,0,9.333419510815608,6.666580489184392
2017-05-29 06:00:00,3,5,0,1,0,5.742133962033641,0.7421339620336411
2017-05-29 06:00:00,1,38,0,1,0,38.19584263259945,0.1958426325994509
2017-05-29 06:00:00,2,12,0,1,0,14.35818048894437,2.3581804889443703
2017-05-29 06:00:00,4,5,0,1,0,4.3612097186036864,0.6387902813963136
2017-05-29 07:00:00,3,9,0,1,1,6.514724978661868,2.485275021338132
2017-05-29 07:00:00,4,7,0,1,1,5.164086944796858,1.8359130552031422
2017-05-29 07:00:00,1,48,0,1,1,43.770451000956875,4.229548999043125
2017-05-29 07:00:00,2,17,0,1,1,14.427428087670089,2.572571912329911
2017-05-29 08:00:00,3,10,0,1,1,8.73426642286129,1.2657335771387093
2017-05-29 08:00:00,4,3,0,1,1,6.691781256273228,3.691781256273228
2017-05-29 08:00:00,2,20,0,1,1,17.93536528375287,2.064634716247131
2017-05-29 08:00:00,1,54,0,1,1,53.16429916617537,0.8357008338246317
2017-05-29 09:00:00,2,19,0,1,1,21.184817108338315,2.184817108338315
2017-05-29 09:00:00,1,71,0,1,1,63.61687348612628,7.383126513873719
2017-05-29 09:00:00,3,13,0,1,1,11.749682362082027,1.2503176379179735
2017-05-29 09:00:00,4,2,0,1,1,7.009645790928923,5.009645790928923
2017-05-29 10:00:00,1,102,0,1,0,80.64213941130662,21.357860588693384
2017-05-29 10:00:00,2,28,0,1,0,21.338778048504736,6.661221951495264
2017-05-29 10:00:00,3,16,0,1,0,15.17354030814307,0.8264596918569307
2017-05-29 10:00:00,4,6,0,1,0,7.63510105203626,1.6351010520362603
2017-05-29 11:00:00,4,12,0,1,0,7.367982167981883,4.632017832018117
2017-05-29 11:00:00,2,32,0,1,0,30.21665910678644,1.783340893213559
2017-05-29 11:00:00,3,24,0,1,0,17.55007149160415,6.44992850839585
2017-05-29 11:00:00,1,128,0,1,0,96.87010408227472,31.12989591772528
2017-05-29 12:00:00,4,10,0,1,0,11.203739841711103,1.2037398417111032
2017-05-29 12:00:00,2,35,0,1,0,31.477020293748474,3.522979706251526
2017-05-29 12:00:00,1,128,0,1,0,106.49931089964028,21.500689100359722
2017-05-29 12:00:00,3,34,0,1,0,23.723358990654084,10.276641009345916
2017-05-29 13:00:00,3,24,0,1,0,31.197906565489202,7.197906565489202
2017-05-29 13:00:00,4,6,0,1,0,9.555953294913417,3.555953294913417
2017-05-29 13:00:00,2,32,0,1,0,33.91705130388905,1.9170513038890533
2017-05-29 13:00:00,1,108,0,1,0,94.09728083423755,13.902719165762448
2017-05-29 14:00:00,4,11,0,1,0,9.1242058201651,1.8757941798348998
2017-05-29 14:00:00,2,36,0,1,0,33.51467470653543,2.4853252934645695
2017-05-29 14:00:00,1,120,0,1,0,107.00282199791053,12.99717800208947
2017-05-29 14:00:00,3,29,0,1,0,25.493244298283198,3.506755701716802
2017-05-29 15:00:00,1,113,0,1,0,100.66032621662161,12.339673783378387
2017-05-29 15:00:00,4,10,0,1,0,10.117658183061582,0.11765818306158238
2017-05-29 15:00:00,2,38,0,1,0,35.440907334354236,2.559092665645764
2017-05-29 15:00:00,3,24,0,1,0,28.37046976471902,4.370469764719019
2017-05-29 16:00:00,1,109,0,1,0,98.64727477685015,10.352725223149847
2017-05-29 16:00:00,3,21,0,1,0,23.797763866576137,2.797763866576137
2017-05-29 16:00:00,2,37,0,1,0,38.37583351068253,1.3758335106825328
2017-05-29 16:00:00,4,9,0,1,0,9.570690779669775,0.5706907796697749
2017-05-29 17:00:00,2,37,0,1,1,36.83064677271897,0.16935322728102875
2017-05-29 17:00:00,4,10,0,1,1,8.950991416007332,1.0490085839926682
2017-05-29 17:00:00,1,107,0,1,1,105.3938736917124,1.6061263082875996
2017-05-29 17:00:00,3,34,0,1,1,20.35428821713474,13.64571178286526
2017-05-29 18:00:00,2,40,0,1,1,37.87500718703609,2.12499281296391
2017-05-29 18:00:00,3,26,0,1,1,33.39057012704503,7.390570127045031
2017-05-29 18:00:00,4,8,0,1,1,9.493278219002628,1.4932782190026277
2017-05-29 18:00:00,1,109,0,1,1,108.43603809027204,0.5639619097279649
2017-05-29 19:00:00,3,19,0,1,1,26.821300067754766,7.821300067754766
2017-05-29 19:00:00,2,35,0,1,1,42.04989377307449,7.049893773074487
2017-05-29 19:00:00,4,10,0,1,1,8.699365490662847,1.3006345093371525
2017-05-29 19:00:00,1,104,0,1,1,110.92294874247366,6.922948742473665
2017-05-29 20:00:00,2,32,0,1,0,35.46751832675791,3.4675183267579115
2017-05-29 20:00:00,1,93,0,1,0,98.37958700951876,5.379587009518758
2017-05-29 20:00:00,4,8,0,1,0,9.307391382226841,1.3073913822268413
2017-05-29 20:00:00,3,17,0,1,0,20.25539250203593,3.2553925020359316
2017-05-29 21:00:00,1,84,0,1,0,91.65543764077377,7.655437640773769
2017-05-29 21:00:00,4,5,0,1,0,8.232119348482563,3.2321193484825628
2017-05-29 21:00:00,3,20,0,1,0,17.87099765741081,2.129002342589189
2017-05-29 21:00:00,2,30,0,1,0,32.648015011844905,2.6480150118449046
2017-05-29 22:00:00,2,26,0,1,0,29.436469454879862,3.4364694548798624
2017-05-29 22:00:00,1,89,0,1,0,85.46620284970292,3.533797150297076
2017-05-29 22:00:00,4,9,0,1,0,7.617247670806437,1.382752329193563
2017-05-29 22:00:00,3,19,0,1,0,18.48126584379543,0.5187341562045695
2017-05-29 23:00:00,4,5,0,1,0,7.910750815295678,2.9107508152956783
2017-05-29 23:00:00,3,17,0,1,0,17.978761643923395,0.978761643923395
2017-05-29 23:00:00,1,80,0,1,0,81.93804854059518,1.938048540595176
2017-05-29 23:00:00,2,25,0,1,0,24.431160716219328,0.5688392837806724
2017-05-30 00:00:00,3,13,0,1,0,15.233691055971256,2.2336910559712564
2017-05-30 00:00:00,1,69,0,1,0,74.2238773991528,5.223877399152798
2017-05-30 00:00:00,4,7,0,1,0,6.099514102557211,0.9004858974427892
2017-05-30 00:00:00,2,26,0,1,0,24.058605727830027,1.9413942721699726
2017-05-30 01:00:00,2,23,0,1,0,22.076777144931558,0.9232228550684418
2017-05-30 01:00:00,3,10,0,1,0,10.827273243250978,0.8272732432509784
2017-05-30 01:00:00,4,5,0,1,0,5.435600888125784,0.43560088812578357
2017-05-30 01:00:00,1,58,0,1,0,58.761294887755874,0.7612948877558736
2017-05-30 02:00:00,3,8,0,1,0,8.993880838077137,0.9938808380771373
2017-05-30 02:00:00,4,5,0,1,0,4.8123442932515115,0.18765570674848853
2017-05-30 02:00:00,1,48,0,1,0,51.70731324490807,3.7073132449080717
2017-05-30 02:00:00,2,21,0,1,0,19.703060782391375,1.2969392176086245
2017-05-30 03:00:00,3,9,0,1,0,7.637869750396151,1.3621302496038492
2017-05-30 03:00:00,4,8,0,1,0,4.784429153492645,3.2155708465073554
2017-05-30 03:00:00,1,44,0,1,0,43.61561951425719,0.3843804857428097
2017-05-30 03:00:00,2,16,0,1,0,17.99994204645426,1.9999420464542617
2017-05-30 04:00:00,1,38,0,1,0,38.82048763482729,0.8204876348272876
2017-05-30 04:00:00,3,8,0,1,0,7.170078781491298,0.8299212185087024
2017-05-30 04:00:00,4,4,0,1,0,5.155914550911439,1.1559145509114392
2017-05-30 04:00:00,2,17,0,1,0,14.843753694869303,2.156246305130697
2017-05-30 05:00:00,1,40,0,1,0,35.27181289529573,4.7281871047042685
2017-05-30 05:00:00,3,8,0,1,0,6.989892065422115,1.010107934577885
2017-05-30 05:00:00,4,6,0,1,0,4.75855476219944,1.2414452378005603
2017-05-30 05:00:00,2,14,0,1,0,15.988435471258299,1.988435471258299
2017-05-30 06:00:00,1,42,0,1,0,42.042320144472455,0.04232014447245547
2017-05-30 06:00:00,2,13,0,1,0,15.169056122753453,2.169056122753453
2017-05-30 06:00:00,4,3,0,1,0,5.500130636527929,2.5001306365279294
2017-05-30 06:00:00,3,9,0,1,0,7.547800602442885,1.4521993975571146
2017-05-30 07:00:00,4,4,0,1,1,5.406262956270382,1.406262956270382
2017-05-30 07:00:00,2,20,0,1,1,15.715735205169114,4.284264794830886
2017-05-30 07:00:00,3,12,0,1,1,9.185605283363463,2.814394716636537
2017-05-30 07:00:00,1,52,0,1,1,46.321071743434075,5.678928256565925
2017-05-30 08:00:00,1,58,0,1,1,56.29665746616606,1.7033425338339399
2017-05-30 08:00:00,3,13,0,1,1,12.131459670495154,0.8685403295048459
2017-05-30 08:00:00,4,4,0,1,1,5.897002635954731,1.8970026359547312
2017-05-30 08:00:00,2,19,0,1,1,19.581049159211165,0.5810491592111653
2017-05-30 09:00:00,1,76,0,1,1,66.34829021903086,9.651709780969142
2017-05-30 09:00:00,3,19,0,1,1,14.850546953068095,4.149453046931905
2017-05-30 09:00:00,4,6,0,1,1,6.6067764401221885,0.6067764401221885
2017-05-30 09:00:00,2,24,0,1,1,21.504212933962783,2.4957870660372166
2017-05-30 10:00:00,1,92,0,1,0,85.5912420008627,6.408757999137293
2017-05-30 10:00:00,2,25,0,1,0,27.52222518114196,2.522225181141959
2017-05-30 10:00:00,4,5,0,1,0,7.699328157691527,2.699328157691527
2017-05-30 10:00:00,3,24,0,1,0,20.660732692843144,3.339267307156856
2017-05-30 11:00:00,2,34,0,1,0,26.78507647991675,7.21492352008325
2017-05-30 11:00:00,4,11,0,1,0,7.687980267423239,3.3120197325767613
2017-05-30 11:00:00,3,23,0,1,0,25.63434936424399,2.6343493642439917
2017-05-30 11:00:00,1,108,0,1,0,92.08839228125099,15.91160771874901
2017-05-30 12:00:00,2,38,0,1,0,33.14647738667967,4.8535226133203295
2017-05-30 12:00:00,4,13,0,1,0,10.585093840268891,2.4149061597311086
2017-05-30 12:00:00,3,45,0,1,0,23.146277950436136,21.853722049563864
2017-05-30 12:00:00,1,116,0,1,0,96.66911118248187,19.33088881751813
2017-05-30 13:00:00,3,26,0,1,0,42.21122797379245,16.211227973792447
2017-05-30 13:00:00,4,10,0,1,0,10.585522487488241,0.585522487488241
2017-05-30 13:00:00,1,101,0,1,0,96.45244752860044,4.547552471399555
2017-05-30 13:00:00,2,33,0,1,0,37.49086506357668,4.490865063576678
2017-05-30 14:00:00,1,116,0,1,0,104.44218398166993,11.557816018330072
2017-05-30 14:00:00,3,28,0,1,0,24.94278342887791,3.0572165711220904
2017-05-30 14:00:00,2,41,0,1,0,34.352594246622466,6.647405753377534
2017-05-30 14:00:00,4,15,0,1,0,11.214452352578578,3.7855476474214225
2017-05-30 15:00:00,1,115,0,1,0,102.95179721322145,12.048202786778546
2017-05-30 15:00:00,3,26,0,1,0,27.002030581578616,1.002030581578616
2017-05-30 15:00:00,2,42,0,1,0,40.47905529566274,1.5209447043372606
2017-05-30 15:00:00,4,12,0,1,0,12.914693649957517,0.9146936499575169
2017-05-30 16:00:00,4,12,0,1,0,11.734926700617445,0.2650732993825553
2017-05-30 16:00:00,3,27,0,1,0,24.755096433726894,2.2449035662731056
2017-05-30 16:00:00,2,38,0,1,0,41.679459682079994,3.679459682079994
2017-05-30 16:00:00,1,105,0,1,0,101.07053288307496,3.9294671169250392
2017-05-30 17:00:00,1,104,0,1,1,101.45211637337312,2.5478836266268843
2017-05-30 17:00:00,3,28,0,1,1,26.961061108783262,1.0389388912167377
2017-05-30 17:00:00,2,36,0,1,1,37.81784951579818,1.81784951579818
2017-05-30 17:00:00,4,14,0,1,1,11.739175063032777,2.2608249369672233
2017-05-30 18:00:00,2,38,0,1,1,36.98968500570891,1.0103149942910932
2017-05-30 18:00:00,4,10,0,1,1,12.317600157563929,2.3176001575639287
2017-05-30 18:00:00,3,21,0,1,1,27.321244671892707,6.321244671892707
2017-05-30 18:00:00,1,110,0,1,1,105.97753882883787,4.022461171162135
2017-05-30 19:00:00,4,8,0,1,1,11.042010856970153,3.042010856970153
2017-05-30 19:00:00,3,23,0,1,1,21.65696344935589,1.3430365506441113
2017-05-30 19:00:00,2,40,0,1,1,40.42961038397911,0.4296103839791101
2017-05-30 19:00:00,1,109,0,1,1,112.25101317107983,3.2510131710798333
2017-05-30 20:00:00,3,18,0,1,0,23.409692265529937,5.409692265529937
2017-05-30 20:00:00,4,7,0,1,0,9.526444834041301,2.5264448340413015
2017-05-30 20:00:00,1,102,0,1,0,103.21719279070606,1.217192790706065
2017-05-30 20:00:00,2,39,0,1,0,40.681841084823176,1.6818410848231764
2017-05-30 21:00:00,3,17,0,1,0,18.056990363756675,1.0569903637566753
2017-05-30 21:00:00,2,33,0,1,0,36.73843462213892,3.738434622138918
2017-05-30 21:00:00,1,95,0,1,0,94.88822752195384,0.11177247804616286
2017-05-30 21:00:00,4,7,0,1,0,8.325395413964607,1.325395413964607
2017-05-30 22:00:00,1,48,0,1,0,89.18086637112512,41.18086637112512
2017-05-30 22:00:00,4,7,0,1,0,7.826504464487501,0.8265044644875008
2017-05-30 22:00:00,2,38,0,1,0,32.90552456366589,5.094475436334108
2017-05-30 22:00:00,3,19,0,1,0,17.294250274741994,1.7057497252580056
2017-05-30 23:00:00,3,19,0,1,0,17.261435460642566,1.7385645393574336
2017-05-30 23:00:00,2,34,0,1,0,36.20962789487411,2.20962789487411
2017-05-30 23:00:00,4,5,0,1,0,7.575365488362539,2.5753654883625394
2017-05-30 23:00:00,1,68,0,1,0,40.003779077319,27.996220922680997
2017-05-31 00:00:00,1,80,0,1,0,56.17259326427969,23.82740673572031
2017-05-31 00:00:00,2,31,0,1,0,31.544720467988938,0.5447204679889381
2017-05-31 00:00:00,4,10,0,1,0,5.86989800987894,4.13010199012106
2017-05-31 00:00:00,3,16,0,1,0,16.446368978252014,0.44636897825201416
2017-05-31 01:00:00,3,9,0,1,0,12.817725313761066,3.8177253137610663
2017-05-31 01:00:00,4,5,0,1,0,6.062958868018435,1.062958868018435
2017-05-31 01:00:00,1,66,0,1,0,66.32471776580762,0.3247177658076197
2017-05-31 01:00:00,2,26,0,1,0,25.810897376979536,0.18910262302046377
2017-05-31 02:00:00,4,4,0,1,0,5.240543742317625,1.2405437423176249
2017-05-31 02:00:00,3,11,0,1,0,8.93602385270929,2.0639761472907097
2017-05-31 02:00:00,1,56,0,1,0,56.84334625158728,0.8433462515872776
2017-05-31 02:00:00,2,28,0,1,0,22.014851965669834,5.985148034330166
2017-05-31 03:00:00,3,8,0,1,0,8.69969681084121,0.6996968108412105
2017-05-31 03:00:00,4,4,0,1,0,4.772072694516787,0.7720726945167868
2017-05-31 03:00:00,1,49,0,1,0,50.02459307483922,1.024593074839217
2017-05-31 03:00:00,2,22,0,1,0,23.64598207739669,1.6459820773966882
2017-05-31 04:00:00,3,8,0,1,0,7.435763316145616,0.564236683854384
2017-05-31 04:00:00,1,38,0,1,0,44.73466523850474,6.734665238504739
2017-05-31 04:00:00,2,18,0,1,0,18.84712017343864,0.8471201734386398
2017-05-31 04:00:00,4,1,0,1,0,4.150314607149283,3.1503146071492827
2017-05-31 05:00:00,3,8,0,1,0,7.076268475058066,0.9237315249419336
2017-05-31 05:00:00,4,5,0,1,0,3.6488634671936717,1.3511365328063283
2017-05-31 05:00:00,2,14,0,1,0,17.12790620360557,3.127906203605569
2017-05-31 05:00:00,1,39,0,1,0,35.912981442742435,3.087018557257565
2017-05-31 06:00:00,2,16,0,1,0,16.207582303957444,0.20758230395744448
2017-05-31 06:00:00,3,10,0,1,0,7.580601311499445,2.4193986885005554
2017-05-31 06:00:00,4,3,0,1,0,4.428184758786207,1.428184758786207
2017-05-31 06:00:00,1,46,0,1,0,41.1957960219571,4.804203978042899
2017-05-31 07:00:00,3,10,0,1,1,9.92257568114626,0.07742431885374046
2017-05-31 07:00:00,1,52,0,1,1,49.43051528481383,2.569484715186171
2017-05-31 07:00:00,4,4,0,1,1,4.846831222784015,0.8468312227840151
2017-05-31 07:00:00,2,19,0,1,1,17.45702048418223,1.5429795158177697
2017-05-31 08:00:00,4,6,0,1,1,5.7833287276353005,0.21667127236469952
2017-05-31 08:00:00,1,62,0,1,1,55.6444327079543,6.3555672920456985
2017-05-31 08:00:00,3,11,0,1,1,10.914059574180492,0.08594042581950845
2017-05-31 08:00:00,2,21,0,1,1,19.71941991994571,1.280580080054289
2017-05-31 09:00:00,4,7,0,1,1,7.090941175153689,0.09094117515368882
2017-05-31 09:00:00,3,17,0,1,1,13.22194525152358,3.7780547484764195
2017-05-31 09:00:00,2,18,0,1,1,22.62751369055846,4.627513690558459
2017-05-31 09:00:00,1,67,0,1,1,68.49244140437924,1.4924414043792353
2017-05-31 10:00:00,3,20,0,1,0,18.66284524657767,1.337154753422329
2017-05-31 10:00:00,1,84,0,1,0,79.54598176403758,4.4540182359624225
2017-05-31 10:00:00,2,27,0,1,0,21.494189627134816,5.505810372865184
2017-05-31 10:00:00,4,9,0,1,0,8.848367198899364,0.15163280110063582
2017-05-31 11:00:00,1,100,0,1,0,88.33762071380589,11.66237928619411
2017-05-31 11:00:00,2,33,0,1,0,30.11365083528573,2.8863491647142716
2017-05-31 11:00:00,4,8,0,1,0,10.032794432155338,2.032794432155338
2017-05-31 11:00:00,3,24,0,1,0,21.094460171110416,2.9055398288895837
2017-05-31 12:00:00,2,34,0,1,0,32.13725141466187,1.8627485853381316
2017-05-31 12:00:00,3,25,0,1,0,24.040655488902225,0.9593445110977754
2017-05-31 12:00:00,1,106,0,1,0,95.19628673260587,10.80371326739413
2017-05-31 12:00:00,4,9,0,1,0,10.025599112844414,1.0255991128444144
2017-05-31 13:00:00,4,10,0,1,0,8.432131611832586,1.5678683881674136
2017-05-31 13:00:00,1,97,0,1,0,90.41673097667424,6.583269023325755
2017-05-31 13:00:00,2,30,0,1,0,32.2935561500922,2.2935561500922006
2017-05-31 13:00:00,3,26,0,1,0,24.02898565798824,1.9710143420117596
2017-05-31 14:00:00,3,19,0,1,0,25.80820474078017,6.80820474078017
2017-05-31 14:00:00,2,38,0,1,0,31.02373487426641,6.97626512573359
2017-05-31 14:00:00,1,100,0,1,0,104.63644077101124,4.636440771011237
2017-05-31 14:00:00,4,12,0,1,0,9.936041076985962,2.063958923014038
2017-05-31 15:00:00,4,11,0,1,0,10.871889768627941,0.1281102313720588
2017-05-31 15:00:00,2,41,0,1,0,38.25464689707562,2.7453531029243834
2017-05-31 15:00:00,3,24,0,1,0,19.772584672095764,4.227415327904236
2017-05-31 15:00:00,1,103,0,1,0,98.73729708529471,4.262702914705287
2017-05-31 16:00:00,3,24,0,1,0,23.455425103176903,0.5445748968230966
2017-05-31 16:00:00,4,5,0,1,0,10.466107208983424,5.4661072089834235
2017-05-31 16:00:00,2,37,0,1,0,40.55581522591775,3.5558152259177476
2017-05-31 16:00:00,1,97,0,1,0,97.39512475888735,0.39512475888734855
2017-05-31 17:00:00,3,21,0,1,1,23.966052305498458,2.966052305498458
2017-05-31 17:00:00,1,97,0,1,1,99.35762030374353,2.3576203037435306
2017-05-31 17:00:00,4,12,0,1,1,8.386498371136733,3.6135016288632666
2017-05-31 17:00:00,2,38,0,1,1,36.90832718128335,1.0916728187166527
2017-05-31 18:00:00,2,42,0,1,1,39.66953297206299,2.3304670279370114
2017-05-31 18:00:00,3,20,0,1,1,20.72583162012746,0.7258316201274617
2017-05-31 18:00:00,1,99,0,1,1,103.09273129129244,4.092731291292438
2017-05-31 18:00:00,4,7,0,1,1,10.028510931981982,3.028510931981982
2017-05-31 19:00:00,2,37,0,1,1,44.464706029756684,7.464706029756684
2017-05-31 19:00:00,3,18,0,1,1,20.908677865529683,2.9086778655296825
2017-05-31 19:00:00,1,100,0,1,1,100.16193010145213,0.16193010145212838
2017-05-31 19:00:00,4,12,0,1,1,8.762514406797678,3.2374855932023223
2017-05-31 20:00:00,3,24,0,1,0,18.56275638762073,5.43724361237927
2017-05-31 20:00:00,1,99,0,1,0,99.31539643858237,0.31539643858236843
2017-05-31 20:00:00,4,15,0,1,0,10.732767429625763,4.267232570374237
2017-05-31 20:00:00,2,41,0,1,0,37.353917554783976,3.646082445216024
2017-05-31 21:00:00,4,9,0,1,0,11.993787706586318,2.9937877065863177
2017-05-31 21:00:00,2,37,0,1,0,39.7088519654678,2.708851965467801
2017-05-31 21:00:00,1,89,0,1,0,94.11481512563276,5.114815125632759
2017-05-31 21:00:00,3,18,0,1,0,23.12645141224082,5.126451412240819
2017-05-31 22:00:00,4,9,0,1,0,10.393717246665497,1.3937172466654975
2017-05-31 22:00:00,2,34,0,1,0,35.80537441750596,1.8053744175059592
2017-05-31 22:00:00,3,23,0,1,0,18.020694561651148,4.979305438348852
2017-05-31 22:00:00,1,85,0,1,0,86.51492169997158,1.5149216999715804
2017-05-31 23:00:00,3,15,0,1,0,21.509248297831586,6.509248297831586
2017-05-31 23:00:00,4,11,0,1,0,9.298120561010267,1.7018794389897334
2017-05-31 23:00:00,2,30,0,1,0,32.72440899977246,2.724408999772457
2017-05-31 23:00:00,1,83,0,1,0,81.21333410934231,1.7866658906576873
2017-06-01 00:00:00,3,17,0,1,0,13.755875823632692,3.2441241763673077
2017-06-01 00:00:00,4,9,0,1,0,8.390579511397682,0.6094204886023178
2017-06-01 00:00:00,2,28,0,1,0,27.68191534295952,0.3180846570404796
2017-06-01 00:00:00,1,80,0,1,0,74.75079306208846,5.249206937911538
2017-06-01 01:00:00,3,9,0,1,0,13.240611822905095,4.240611822905095
2017-06-01 01:00:00,2,27,0,1,0,23.60435271242121,3.3956472875787895
2017-06-01 01:00:00,1,71,0,1,0,67.36461145561695,3.635388544383048
2017-06-01 01:00:00,4,8,0,1,0,6.771577661200583,1.228422338799417
2017-06-01 02:00:00,1,61,0,1,0,61.68142013047806,0.6814201304780596
2017-06-01 02:00:00,3,7,0,1,0,8.807203492535963,1.8072034925359635
2017-06-01 02:00:00,4,4,0,1,0,6.270335274886243,2.270335274886243
2017-06-01 02:00:00,2,26,0,1,0,23.46297820380374,2.5370217961962602
2017-06-01 03:00:00,4,3,0,1,0,5.216663949309234,2.2166639493092344
2017-06-01 03:00:00,2,22,0,1,0,22.00969924253458,0.009699242534580321
2017-06-01 03:00:00,1,47,0,1,0,54.78906924798248,7.789069247982482
2017-06-01 03:00:00,3,6,0,1,0,7.441245826848639,1.4412458268486388
2017-06-01 04:00:00,1,40,0,1,0,43.616705868163756,3.6167058681637556
2017-06-01 04:00:00,3,8,0,1,0,6.002458677834231,1.9975413221657687
2017-06-01 04:00:00,4,5,0,1,0,4.12707962740462,0.87292037259538
2017-06-01 04:00:00,2,18,0,1,0,18.729738750500836,0.7297387505008359
2017-06-01 05:00:00,4,5,0,1,0,4.105204821494987,0.8947951785050128
2017-06-01 05:00:00,3,4,0,1,0,6.182032574625362,2.182032574625362
2017-06-01 05:00:00,1,41,0,1,0,37.25326482961472,3.7467351703852785
2017-06-01 05:00:00,2,13,0,1,0,17.008037265305656,4.008037265305656
2017-06-01 06:00:00,4,5,0,1,0,4.711013185305449,0.28898681469455134
2017-06-01 06:00:00,1,44,0,1,0,42.771028683511645,1.2289713164883551
2017-06-01 06:00:00,3,5,0,1,0,6.14639496162228,1.1463949616222804
2017-06-01 06:00:00,2,17,0,1,0,15.771374051411645,1.2286259485883555
2017-06-01 07:00:00,4,10,0,1,1,5.480495898644112,4.519504101355888
2017-06-01 07:00:00,1,50,0,1,1,47.034635545789094,2.9653644542109063
2017-06-01 07:00:00,3,10,0,1,1,6.856511414955814,3.143488585044186
2017-06-01 07:00:00,2,15,0,1,1,17.958007925267324,2.9580079252673244
2017-06-01 08:00:00,3,11,0,1,1,9.224015794945691,1.7759842050543089
2017-06-01 08:00:00,2,21,0,1,1,17.25266620474756,3.747333795252441
2017-06-01 08:00:00,1,55,0,1,1,54.938222230183854,0.06177776981614613
2017-06-01 08:00:00,4,3,0,1,1,8.567348439935836,5.567348439935836
2017-06-01 09:00:00,1,67,0,1,1,65.08844530775636,1.9115546922436408
2017-06-01 09:00:00,4,9,0,1,1,8.130184437475563,0.8698155625244368
2017-06-01 09:00:00,3,16,0,1,1,12.267807864306434,3.732192135693566
2017-06-01 09:00:00,2,25,0,1,1,21.68917334134913,3.3108266586508712
2017-06-01 10:00:00,2,25,0,1,0,27.59998132302468,2.5999813230246787
2017-06-01 10:00:00,1,84,0,1,0,78.28152156037527,5.718478439624732
2017-06-01 10:00:00,3,22,0,1,0,18.064643047876476,3.9353569521235237
2017-06-01 10:00:00,4,12,0,1,0,10.694369627801123,1.305630372198877
2017-06-01 11:00:00,4,11,0,1,0,12.008480870314111,1.008480870314111
2017-06-01 11:00:00,2,31,0,1,0,26.809675171005225,4.190324828994775
2017-06-01 11:00:00,1,110,0,1,0,88.25302785513762,21.746972144862383
2017-06-01 11:00:00,3,29,0,1,0,23.01152522451433,5.98847477548567
2017-06-01 12:00:00,1,111,0,1,0,93.81261537125611,17.187384628743885
2017-06-01 12:00:00,2,36,0,1,0,29.869776557849868,6.1302234421501325
2017-06-01 12:00:00,3,27,0,1,0,27.18667675636973,0.18667675636973158
2017-06-01 12:00:00,4,11,0,1,0,12.183633600834103,1.1836336008341029
2017-06-01 13:00:00,1,94,0,1,0,94.4911481911157,0.4911481911156983
2017-06-01 13:00:00,2,32,0,1,0,33.64296256437133,1.6429625643713308
2017-06-01 13:00:00,4,20,0,1,0,10.429331395876915,9.570668604123085
2017-06-01 13:00:00,3,22,0,1,0,25.714569958195828,3.7145699581958276
2017-06-01 14:00:00,4,15,0,1,0,16.514622348012836,1.5146223480128356
2017-06-01 14:00:00,3,21,0,1,0,22.95521567676996,1.95521567676996
2017-06-01 14:00:00,2,36,0,1,0,33.17935269472869,2.820647305271308
2017-06-01 14:00:00,1,106,0,1,0,100.36811389812745,5.631886101872553
2017-06-01 15:00:00,2,34,0,1,0,35.46808792987217,1.4680879298721692
2017-06-01 15:00:00,4,13,0,1,0,14.891607076869915,1.8916070768699154
2017-06-01 15:00:00,3,24,0,1,0,20.861864596230355,3.1381354037696454
2017-06-01 15:00:00,1,107,0,1,0,101.0079080049864,5.992091995013595
2017-06-01 16:00:00,4,22,0,1,0,13.965940840359982,8.034059159640018
2017-06-01 16:00:00,1,117,0,1,0,99.36488069144622,17.635119308553783
2017-06-01 16:00:00,3,38,0,1,0,23.38288703926094,14.61711296073906
2017-06-01 16:00:00,2,43,0,1,0,33.79971877878362,9.200281221216379
2017-06-01 17:00:00,3,38,0,1,1,38.01300172580339,0.01300172580339165
2017-06-01 17:00:00,4,22,0,1,1,18.93909302474433,3.0609069752556692
2017-06-01 17:00:00,1,121,0,1,1,103.76745920358942,17.232540796410575
2017-06-01 17:00:00,2,34,0,1,1,43.69318884885182,9.693188848851818
2017-06-01 18:00:00,1,110,0,1,1,108.24027457796272,1.7597254220372776
2017-06-01 18:00:00,3,26,0,1,1,39.559341643507004,13.559341643507004
2017-06-01 18:00:00,4,10,0,1,1,19.68539225823635,9.685392258236352
2017-06-01 18:00:00,2,35,0,1,1,34.8812491089015,0.11875089109850023
2017-06-01 19:00:00,1,112,0,1,1,108.77200196147204,3.227998038527957
2017-06-01 19:00:00,2,40,0,1,1,37.0728292817735,2.927170718226499
2017-06-01 19:00:00,4,15,0,1,1,14.000689495459786,0.9993105045402135
2017-06-01 19:00:00,3,25,0,1,1,27.462518963929377,2.4625189639293765
2017-06-01 20:00:00,1,105,0,1,0,100.59279664054216,4.407203359457839
2017-06-01 20:00:00,3,22,0,1,0,25.395955579476766,3.395955579476766
2017-06-01 20:00:00,2,40,0,1,0,40.69743178311551,0.6974317831155119
2017-06-01 20:00:00,4,14,0,1,0,14.354849664663554,0.35484966466355417
2017-06-01 21:00:00,4,12,0,1,0,12.52245531629433,0.5224553162943302
2017-06-01 21:00:00,3,20,0,1,0,22.13375415113784,2.1337541511378397
2017-06-01 21:00:00,1,97,0,1,0,94.9907581757829,2.0092418242170993
2017-06-01 21:00:00,2,38,0,1,0,38.728230059424284,0.7282300594242841
2017-06-01 22:00:00,4,11,0,1,0,11.92554528332202,0.9255452833220197
2017-06-01 22:00:00,2,28,0,1,0,37.471446065184566,9.471446065184566
2017-06-01 22:00:00,1,89,0,1,0,90.31355661391449,1.3135566139144856
2017-06-01 22:00:00,3,17,0,1,0,19.715305059909728,2.7153050599097277
2017-06-01 23:00:00,2,30,0,1,0,26.03481040246739,3.9651895975326106
2017-06-01 23:00:00,3,17,0,1,0,17.351849054846546,0.3518490548465465
2017-06-01 23:00:00,1,85,0,1,0,81.43858788532869,3.561412114671313
2017-06-01 23:00:00,4,9,0,1,0,10.77596936924332,1.7759693692433203
2017-06-02 00:00:00,3,16,0,1,0,14.610652442474326,1.3893475575256744
2017-06-02 00:00:00,1,79,0,1,0,79.33781957120888,0.3378195712088825
2017-06-02 00:00:00,4,9,0,1,0,8.321386426488766,0.6786135735112335
2017-06-02 00:00:00,2,28,0,1,0,27.966657166420468,0.03334283357953183
2017-06-02 01:00:00,4,5,0,1,0,6.527932558468608,1.527932558468608
2017-06-02 01:00:00,3,14,0,1,0,12.542260621854052,1.4577393781459485
2017-06-02 01:00:00,1,69,0,1,0,67.30689710327866,1.6931028967213422
2017-06-02 01:00:00,2,30,0,1,0,23.608559396452453,6.391440603547547
2017-06-02 02:00:00,3,8,0,1,0,11.18403372840173,3.1840337284017295
2017-06-02 02:00:00,1,55,0,1,0,58.469749287279896,3.469749287279896
2017-06-02 02:00:00,4,3,0,1,0,5.577150251151094,2.577150251151094
2017-06-02 02:00:00,2,23,0,1,0,25.28252268945448,2.2825226894544812
2017-06-02 03:00:00,1,48,0,1,0,49.66698649274615,1.6669864927461475
2017-06-02 03:00:00,2,18,0,1,0,19.710065905454336,1.7100659054543357
2017-06-02 03:00:00,4,4,0,1,0,4.572619122863356,0.5726191228633564
2017-06-02 03:00:00,3,5,0,1,0,8.274246858375868,3.274246858375868
2017-06-02 04:00:00,2,17,0,1,0,16.33065542385371,0.6693445761462904
2017-06-02 04:00:00,1,38,0,1,0,42.54200553391028,4.542005533910277
2017-06-02 04:00:00,3,7,0,1,0,6.764000828393373,0.2359991716066272
2017-06-02 04:00:00,4,1,0,1,0,3.9657851827001767,2.9657851827001767
2017-06-02 05:00:00,2,15,0,1,0,16.127794952007413,1.127794952007413
2017-06-02 05:00:00,1,40,0,1,0,35.426686082990585,4.573313917009415
2017-06-02 05:00:00,3,7,0,1,0,5.788690953490454,1.2113090465095464
2017-06-02 05:00:00,4,6,0,1,0,3.500313359533195,2.499686640466805
2017-06-02 06:00:00,3,9,0,1,0,6.2748764144805245,2.7251235855194755
2017-06-02 06:00:00,2,16,0,1,0,15.709427502447161,0.290572497552839
2017-06-02 06:00:00,1,46,0,1,0,41.707153576461835,4.292846423538165
2017-06-02 06:00:00,4,6,0,1,0,4.4302917101804145,1.5697082898195855
2017-06-02 07:00:00,2,16,0,1,1,17.536647144573685,1.536647144573685
2017-06-02 07:00:00,4,6,0,1,1,5.507007292075857,0.4929927079241434
2017-06-02 07:00:00,1,56,0,1,1,49.43333273372263,6.566667266277371
2017-06-02 07:00:00,3,7,0,1,1,8.682844381515517,1.6828443815155172
2017-06-02 08:00:00,4,8,0,1,1,7.134583451442879,0.8654165485571212
2017-06-02 08:00:00,1,62,0,1,1,56.2997802737911,5.7002197262089
2017-06-02 08:00:00,3,12,0,1,1,9.302036357573595,2.697963642426405
2017-06-02 08:00:00,2,25,0,1,1,18.260003515283287,6.739996484716713
2017-06-02 09:00:00,4,4,0,1,1,8.937320662947696,4.9373206629476964
2017-06-02 09:00:00,1,72,0,1,1,66.31477678620945,5.68522321379055
2017-06-02 09:00:00,2,17,0,1,1,26.58788918087902,9.58788918087902
2017-06-02 09:00:00,3,17,0,1,1,12.68825737625936,4.31174262374064
2017-06-02 10:00:00,4,5,0,1,0,8.52311190436273,3.5231119043627306
2017-06-02 10:00:00,3,25,0,1,0,18.890073171386838,6.109926828613162
2017-06-02 10:00:00,2,27,0,1,0,20.922502871085953,6.077497128914047
2017-06-02 10:00:00,1,83,0,1,0,79.89699909424252,3.103000905757483
2017-06-02 11:00:00,4,12,0,1,0,8.20525600761477,3.7947439923852304
2017-06-02 11:00:00,3,26,0,1,0,26.06875039293303,0.06875039293302976
2017-06-02 11:00:00,1,95,0,1,0,82.61223584617505,12.387764153824946
2017-06-02 11:00:00,2,24,0,1,0,29.953195120372552,5.953195120372552
2017-06-02 12:00:00,1,97,0,1,0,88.47168846769247,8.528311532307526
2017-06-02 12:00:00,4,10,0,1,0,11.098827473365303,1.0988274733653025
2017-06-02 12:00:00,2,30,0,1,0,24.150047635267413,5.849952364732587
2017-06-02 12:00:00,3,23,0,1,0,25.192606397946697,2.1926063979466974
2017-06-02 13:00:00,1,88,0,1,0,82.1486895241913,5.8513104758087024
2017-06-02 13:00:00,4,9,0,1,0,9.465949195217211,0.46594919521721145
2017-06-02 13:00:00,2,26,0,1,0,27.898636716282848,1.898636716282848
2017-06-02 13:00:00,3,20,0,1,0,22.606912670646665,2.6069126706466648
2017-06-02 14:00:00,1,100,0,1,0,88.70427149705135,11.295728502948648
2017-06-02 14:00:00,3,24,0,1,0,20.676416736235993,3.3235832637640073
2017-06-02 14:00:00,4,8,0,1,0,10.136985001976706,2.136985001976706
2017-06-02 14:00:00,2,32,0,1,0,26.05106220285655,5.948937797143451
2017-06-02 15:00:00,4,13,0,1,0,8.989116700631163,4.010883299368837
2017-06-02 15:00:00,2,32,0,1,0,31.937109090892232,0.06289090910776807
2017-06-02 15:00:00,3,27,0,1,0,24.03461556225636,2.9653844377436407
2017-06-02 15:00:00,1,90,0,1,0,90.89486111347694,0.8948611134769351
2017-06-02 16:00:00,3,21,0,1,0,25.88059249733758,4.880592497337581
2017-06-02 16:00:00,1,89,0,1,0,83.20278709292928,5.7972129070707155
2017-06-02 16:00:00,4,9,0,1,0,10.570682493902869,1.5706824939028685
2017-06-02 16:00:00,2,31,0,1,0,31.102905844638673,0.10290584463867347
2017-06-02 17:00:00,4,11,0,1,1,9.621940929345804,1.3780590706541958
2017-06-02 17:00:00,3,17,0,1,1,20.6177816851247,3.617781685124701
2017-06-02 17:00:00,1,84,0,1,1,83.47685516537089,0.5231448346291074
2017-06-02 17:00:00,2,31,0,1,1,30.476403559773374,0.5235964402266262
2017-06-02 18:00:00,3,19,0,1,1,18.64718160164114,0.35281839835885975
2017-06-02 18:00:00,4,10,0,1,1,10.331409746623025,0.33140974662302547
2017-06-02 18:00:00,2,32,0,1,1,31.000788390363304,0.9992116096366956
2017-06-02 18:00:00,1,92,0,1,1,85.30672722872384,6.693272771276156
2017-06-02 19:00:00,4,15,0,1,1,9.76331073605736,5.23668926394264
2017-06-02 19:00:00,3,18,0,1,1,19.554654185004413,1.5546541850044129
2017-06-02 19:00:00,1,98,0,1,1,92.573007914081,5.426992085918997
2017-06-02 19:00:00,2,31,0,1,1,33.42477003529461,2.424770035294607
2017-06-02 20:00:00,4,18,0,1,0,12.235448264733108,5.764551735266892
2017-06-02 20:00:00,1,98,0,1,0,90.92889343682111,7.071106563178887
2017-06-02 20:00:00,3,19,0,1,0,18.270010984542154,0.7299890154578463
2017-06-02 20:00:00,2,34,0,1,0,30.771244276701207,3.228755723298793
2017-06-02 21:00:00,1,86,0,1,0,88.07864524974902,2.078645249749016
2017-06-02 21:00:00,4,17,0,1,0,13.914432055241132,3.0855679447588678
2017-06-02 21:00:00,3,17,0,1,0,18.16257695227423,1.1625769522742289
2017-06-02 21:00:00,2,31,0,1,0,33.51743575403591,2.5174357540359082
2017-06-02 22:00:00,1,82,0,1,0,79.73109658140415,2.2689034185958548
2017-06-02 22:00:00,3,16,0,1,0,17.14373349327883,1.1437334932788303
2017-06-02 22:00:00,2,28,0,1,0,30.242601022262676,2.2426010222626758
2017-06-02 22:00:00,4,15,0,1,0,15.016221251711872,0.016221251711872497
2017-06-02 23:00:00,1,81,0,1,0,75.48500125118657,5.514998748813426
2017-06-02 23:00:00,2,23,0,1,0,26.412902500942295,3.4129025009422946
2017-06-02 23:00:00,4,12,0,1,0,13.914317883572211,1.9143178835722114
2017-06-02 23:00:00,3,12,0,1,0,16.293101815057387,4.293101815057387
2017-06-03 00:00:00,2,27,0,0,0,22.192225998256536,4.807774001743464
2017-06-03 00:00:00,1,70,0,0,0,71.31479880160308,1.3147988016030752
2017-06-03 00:00:00,4,7,0,0,0,10.367430774658768,3.367430774658768
2017-06-03 00:00:00,3,11,0,0,0,11.494545792086047,0.494545792086047
2017-06-03 01:00:00,2,25,0,0,0,22.995825201022292,2.004174798977708
2017-06-03 01:00:00,4,9,0,0,0,6.520562636259257,2.479437363740743
2017-06-03 01:00:00,1,62,0,0,0,60.379236851712484,1.6207631482875158
2017-06-03 01:00:00,3,10,0,0,0,9.028511566187305,0.971488433812695
2017-06-03 02:00:00,4,4,0,0,0,6.003097946393511,2.0030979463935106
2017-06-03 02:00:00,2,21,0,0,0,20.918706552022655,0.08129344797734461
2017-06-03 02:00:00,3,11,0,0,0,8.089633003379614,2.910366996620386
2017-06-03 02:00:00,1,52,0,0,0,54.417842185078506,2.4178421850785057
2017-06-03 03:00:00,3,7,0,0,0,8.304047853093191,1.3040478530931914
2017-06-03 03:00:00,2,18,0,0,0,17.99323205268054,0.006767947319460177
2017-06-03 03:00:00,4,4,0,0,0,4.940900249992799,0.940900249992799
2017-06-03 03:00:00,1,39,0,0,0,46.96295034936359,7.962950349363588
2017-06-03 04:00:00,1,34,0,0,0,33.96176547933996,0.038234520660040516
2017-06-03 04:00:00,3,5,0,0,0,6.986920281657657,1.9869202816576568
2017-06-03 04:00:00,2,11,0,0,0,15.924834524997474,4.924834524997474
2017-06-03 04:00:00,4,5,0,0,0,4.378568692150351,0.6214313078496492
2017-06-03 05:00:00,1,34,0,0,0,30.829857048380187,3.1701429516198125
2017-06-03 05:00:00,2,13,0,0,0,11.613646484445916,1.3863535155540845
2017-06-03 05:00:00,3,8,0,0,0,5.818953319316004,2.1810466806839957
2017-06-03 05:00:00,4,2,0,0,0,3.9824525864004596,1.9824525864004596
2017-06-03 06:00:00,1,40,0,0,0,35.59994523833497,4.400054761665032
2017-06-03 06:00:00,2,8,0,0,0,12.477159570166897,4.477159570166897
2017-06-03 06:00:00,3,7,0,0,0,6.284391300608523,0.7156086993914768
2017-06-03 06:00:00,4,4,0,0,0,4.0470760074902,0.047076007490200134
2017-06-03 07:00:00,2,14,0,0,1,10.790777843143788,3.209222156856212
2017-06-03 07:00:00,4,5,0,0,1,4.752909307589512,0.2470906924104881
2017-06-03 07:00:00,1,39,0,0,1,43.71555618376488,4.715556183764882
2017-06-03 07:00:00,3,7,0,0,1,7.46699110890446,0.46699110890445983
2017-06-03 08:00:00,3,12,0,0,1,8.685945649969042,3.3140543500309576
2017-06-03 08:00:00,4,9,0,0,1,5.461610467614805,3.538389532385195
2017-06-03 08:00:00,1,47,0,0,1,42.87460798248137,4.125392017518628
2017-06-03 08:00:00,2,15,0,0,1,13.625655716562289,1.3743442834377113
2017-06-03 09:00:00,3,17,0,0,1,11.960550518108622,5.039449481891378
2017-06-03 09:00:00,1,50,0,0,1,53.66557756770241,3.6655775677024067
2017-06-03 09:00:00,4,8,0,0,1,8.283264442259428,0.28326444225942815
2017-06-03 09:00:00,2,15,0,0,1,15.801552228201764,0.8015522282017642
2017-06-03 10:00:00,3,22,0,0,0,18.05555489645853,3.9444451035414687
2017-06-03 10:00:00,4,14,0,0,0,9.63192871568984,4.36807128431016
2017-06-03 10:00:00,1,58,0,0,0,58.2608147292728,0.260814729272802
2017-06-03 10:00:00,2,18,0,0,0,17.146812439519355,0.8531875604806451
2017-06-03 11:00:00,4,10,0,0,0,12.89069395843781,2.8906939584378097
2017-06-03 11:00:00,2,19,0,0,0,18.262718921276807,0.7372810787231927
2017-06-03 11:00:00,3,14,0,0,0,22.522512254881217,8.522512254881217
2017-06-03 11:00:00,1,61,0,0,0,66.93945432513196,5.939454325131962
2017-06-03 12:00:00,2,18,0,0,0,18.688005731494414,0.6880057314944139
2017-06-03 12:00:00,1,59,0,0,0,62.52766263029381,3.527662630293811
2017-06-03 12:00:00,4,13,0,0,0,11.514873493465807,1.4851265065341934
2017-06-03 12:00:00,3,15,0,0,0,16.652731473875473,1.6527314738754733
2017-06-03 13:00:00,3,21,0,0,0,15.689495037694343,5.310504962305657
2017-06-03 13:00:00,2,15,0,0,0,17.211571740559194,2.2115717405591937
2017-06-03 13:00:00,4,9,0,0,0,10.736805841051524,1.736805841051524
2017-06-03 13:00:00,1,55,0,0,0,55.96093890245833,0.9609389024583308
2017-06-03 14:00:00,1,58,0,0,0,55.64029255018179,2.3597074498182096
2017-06-03 14:00:00,2,16,0,0,0,16.718932135211272,0.7189321352112721
2017-06-03 14:00:00,4,8,0,0,0,9.732434388135292,1.7324343881352924
2017-06-03 14:00:00,3,16,0,0,0,18.992274469534827,2.992274469534827
2017-06-03 15:00:00,4,11,0,0,0,8.878820983335054,2.1211790166649465
2017-06-03 15:00:00,3,11,0,0,0,17.243420944426536,6.243420944426536
2017-06-03 15:00:00,2,13,0,0,0,16.24902575160988,3.2490257516098815
2017-06-03 15:00:00,1,56,0,0,0,57.934942852171574,1.9349428521715737
2017-06-03 16:00:00,3,11,0,0,0,14.245945981377542,3.2459459813775418
2017-06-03 16:00:00,4,9,0,0,0,9.424809802292895,0.424809802292895
2017-06-03 16:00:00,2,15,0,0,0,14.98041011012822,0.019589889871779675
2017-06-03 16:00:00,1,50,0,0,0,54.618645765505825,4.618645765505825
2017-06-03 17:00:00,3,15,0,0,1,12.599760552451981,2.400239447548019
2017-06-03 17:00:00,2,17,0,0,1,15.279334003222658,1.7206659967773419
2017-06-03 17:00:00,1,51,0,0,1,50.00429226695987,0.9957077330401276
2017-06-03 17:00:00,4,9,0,0,1,8.96930778712272,0.03069221287728041
2017-06-03 18:00:00,2,16,0,0,1,17.16306679581472,1.1630667958147214
2017-06-03 18:00:00,3,15,0,0,1,14.006257906324532,0.9937420936754684
2017-06-03 18:00:00,4,7,0,0,1,9.025266229347382,2.025266229347382
2017-06-03 18:00:00,1,62,0,0,1,54.46781490229796,7.53218509770204
2017-06-03 19:00:00,1,59,0,0,1,67.79623363181173,8.796233631811731
2017-06-03 19:00:00,3,13,0,0,1,15.395716985256627,2.3957169852566267
2017-06-03 19:00:00,4,6,0,0,1,8.772983746555393,2.7729837465553935
2017-06-03 19:00:00,2,19,0,0,1,18.02334379816542,0.9766562018345795
2017-06-03 20:00:00,2,22,0,0,0,19.544710004324653,2.455289995675347
2017-06-03 20:00:00,4,8,0,0,0,7.877395804366717,0.12260419563328284
2017-06-03 20:00:00,1,64,0,0,0,60.364118658542345,3.6358813414576545
2017-06-03 20:00:00,3,14,0,0,0,15.241964802179213,1.2419648021792131
2017-06-03 21:00:00,4,4,0,0,0,7.92165372766511,3.9216537276651096
2017-06-03 21:00:00,2,16,0,0,0,20.965391017389962,4.965391017389962
2017-06-03 21:00:00,1,61,0,0,0,62.09896006433883,1.0989600643388329
2017-06-03 21:00:00,3,11,0,0,0,14.177814734689314,3.1778147346893135
2017-06-03 22:00:00,4,7,0,0,0,6.698947833702285,0.3010521662977146
2017-06-03 22:00:00,2,16,0,0,0,17.39247023240579,1.3924702324057883
2017-06-03 22:00:00,1,60,0,0,0,58.34532576433222,1.6546742356677768
2017-06-03 22:00:00,3,14,0,0,0,12.891668401478622,1.108331598521378
2017-06-03 23:00:00,2,19,0,0,0,18.198098525399114,0.8019014746008857
2017-06-03 23:00:00,1,61,0,0,0,57.780284722687924,3.2197152773120763
2017-06-03 23:00:00,3,15,0,0,0,13.52151462092047,1.4784853790795296
2017-06-03 23:00:00,4,11,0,0,0,7.028157321234748,3.9718426787652517
2017-06-04 00:00:00,4,5,0,0,0,7.318810944008593,2.318810944008593
2017-06-04 00:00:00,2,14,0,0,0,17.216424456659272,3.216424456659272
2017-06-04 00:00:00,3,11,0,0,0,12.437241294274399,1.4372412942743988
2017-06-04 00:00:00,1,47,0,0,0,54.09652291363481,7.096522913634807
2017-06-04 01:00:00,1,39,0,0,0,41.574305883163966,2.574305883163966
2017-06-04 01:00:00,2,15,0,0,0,12.582638183054021,2.417361816945979
2017-06-04 01:00:00,3,7,0,0,0,9.418959986305875,2.4189599863058753
2017-06-04 01:00:00,4,6,0,0,0,5.483008747701659,0.5169912522983413
2017-06-04 02:00:00,2,13,0,0,0,12.693476934887475,0.3065230651125255
2017-06-04 02:00:00,3,4,0,0,0,7.313894649447093,3.313894649447093
2017-06-04 02:00:00,1,37,0,0,0,33.983840090641095,3.0161599093589047
2017-06-04 02:00:00,4,6,0,0,0,5.026201148211445,0.9737988517885547
2017-06-04 03:00:00,4,4,0,0,0,4.550405180840683,0.5504051808406834
2017-06-04 03:00:00,1,34,0,0,0,32.26372661973208,1.7362733802679173
2017-06-04 03:00:00,3,6,0,0,0,5.552024260232579,0.4479757397674211
2017-06-04 03:00:00,2,14,0,0,0,11.254722011862532,2.7452779881374685
2017-06-04 04:00:00,4,2,0,0,0,4.201116709534106,2.201116709534106
2017-06-04 04:00:00,3,4,0,0,0,5.1544773500904535,1.1544773500904535
2017-06-04 04:00:00,2,13,0,0,0,11.615764861254984,1.3842351387450158
2017-06-04 04:00:00,1,26,0,0,0,29.3499846763075,3.3499846763075
2017-06-04 05:00:00,2,10,0,0,0,11.044372899566515,1.0443728995665147
2017-06-04 05:00:00,1,27,0,0,0,24.639939581654886,2.360060418345114
2017-06-04 05:00:00,3,3,0,0,0,4.545311109074104,1.5453111090741043
2017-06-04 05:00:00,4,1,0,0,0,3.7717347519871742,2.7717347519871742
2017-06-04 06:00:00,1,28,0,0,0,28.41812846367338,0.41812846367337997
2017-06-04 06:00:00,2,7,0,0,0,10.627405699397166,3.6274056993971655
2017-06-04 06:00:00,3,5,0,0,0,5.01192475652703,0.011924756527029956
2017-06-04 06:00:00,4,3,0,0,0,3.749169620040419,0.7491696200404192
2017-06-04 07:00:00,3,8,0,0,1,5.728822458366581,2.271177541633419
2017-06-04 07:00:00,1,34,0,0,1,30.56633633084797,3.433663669152029
2017-06-04 07:00:00,2,12,0,0,1,9.783182622813023,2.2168173771869775
2017-06-04 07:00:00,4,4,0,0,1,4.455002920139727,0.45500292013972743
2017-06-04 08:00:00,1,33,0,0,1,37.6179364566354,4.617936456635398
2017-06-04 08:00:00,4,6,0,0,1,4.955224366748268,1.0447756332517324
2017-06-04 08:00:00,3,9,0,0,1,7.658696473583264,1.341303526416736
2017-06-04 08:00:00,2,11,0,0,1,11.725054813963476,0.7250548139634763
2017-06-04 09:00:00,4,9,0,0,1,6.35560733092863,2.6443926690713697
2017-06-04 09:00:00,2,10,0,0,1,12.638035579663372,2.638035579663372
2017-06-04 09:00:00,1,45,0,0,1,39.038968964229475,5.9610310357705245
2017-06-04 09:00:00,3,7,0,0,1,9.591621663182329,2.5916216631823286
2017-06-04 10:00:00,2,16,0,0,0,12.424297330067033,3.5757026699329675
2017-06-04 10:00:00,1,51,0,0,0,47.81267737023008,3.1873226297699233
2017-06-04 10:00:00,3,8,0,0,0,10.897024976540385,2.8970249765403846
2017-06-04 10:00:00,4,8,0,0,0,8.625903695173617,0.6259036951736174
2017-06-04 11:00:00,4,8,0,0,0,9.24784605700928,1.24784605700928
2017-06-04 11:00:00,3,7,0,0,0,10.229571672582608,3.2295716725826082
2017-06-04 11:00:00,1,56,0,0,0,57.13068588801689,1.1306858880168917
2017-06-04 11:00:00,2,20,0,0,0,15.897247810201138,4.102752189798862
2017-06-04 12:00:00,4,8,0,0,0,9.43684256731855,1.4368425673185499
2017-06-04 12:00:00,3,14,0,0,0,9.035131135839652,4.964868864160348
2017-06-04 12:00:00,1,60,0,0,0,56.85069688059699,3.149303119403008
2017-06-04 12:00:00,2,15,0,0,0,18.721137123126365,3.721137123126365
2017-06-04 13:00:00,3,11,0,0,0,11.520001006509395,0.5200010065093945
2017-06-04 13:00:00,4,9,0,0,0,8.054201722451179,0.9457982775488212
2017-06-04 13:00:00,2,17,0,0,0,16.07225375348808,0.9277462465119193
2017-06-04 13:00:00,1,53,0,0,0,56.62014121088902,3.6201412108890167
2017-06-04 14:00:00,2,16,0,0,0,17.182969405607228,1.1829694056072277
2017-06-04 14:00:00,4,8,0,0,0,8.43546149391003,0.4354614939100294
2017-06-04 14:00:00,1,54,0,0,0,53.477005808799035,0.522994191200965
2017-06-04 14:00:00,3,10,0,0,0,11.713473588498749,1.7134735884987489
2017-06-04 15:00:00,2,19,0,0,0,16.42039983770088,2.579600162299119
2017-06-04 15:00:00,4,11,0,0,0,8.33774176349148,2.662258236508521
2017-06-04 15:00:00,1,48,0,0,0,53.370785696941695,5.370785696941695
2017-06-04 15:00:00,3,10,0,0,0,11.476876720267423,1.4768767202674233
2017-06-04 16:00:00,3,10,0,0,0,10.67357148374857,0.6735714837485691
2017-06-04 16:00:00,4,8,0,0,0,9.424809802292895,1.424809802292895
2017-06-04 16:00:00,1,49,0,0,0,46.949780435088485,2.050219564911515
2017-06-04 16:00:00,2,21,0,0,0,18.231413252358642,2.7685867476413577
2017-06-04 17:00:00,4,8,0,0,1,8.791056661088795,0.7910566610887955
2017-06-04 17:00:00,1,51,0,0,1,50.05568913385743,0.9443108661425725
2017-06-04 17:00:00,2,17,0,0,1,19.9001283748172,2.9001283748172
2017-06-04 17:00:00,3,9,0,0,1,10.418703185272571,1.4187031852725713
2017-06-04 18:00:00,1,57,0,0,1,54.593456353082715,2.406543646917285
2017-06-04 18:00:00,4,8,0,0,1,8.673091630994952,0.6730916309949517
2017-06-04 18:00:00,2,18,0,0,1,18.859713836109474,0.8597138361094743
2017-06-04 18:00:00,3,15,0,0,1,10.121579649445483,4.878420350554517
2017-06-04 19:00:00,2,20,0,0,1,19.72795413154648,0.27204586845352097
2017-06-04 19:00:00,4,4,0,0,1,8.920464297919725,4.920464297919725
2017-06-04 19:00:00,3,9,0,0,1,13.863445924135217,4.863445924135217
2017-06-04 19:00:00,1,57,0,0,1,61.718830845641676,4.718830845641676
2017-06-04 20:00:00,3,8,0,0,0,11.639786347611228,3.6397863476112278
2017-06-04 20:00:00,4,6,0,0,0,7.285967019407236,1.2859670194072361
2017-06-04 20:00:00,1,56,0,0,0,57.54148326129289,1.541483261292889
2017-06-04 20:00:00,2,17,0,0,0,20.449079808653856,3.449079808653856
2017-06-04 21:00:00,4,8,0,0,0,6.807188081032571,1.192811918967429
2017-06-04 21:00:00,3,10,0,0,0,10.417121551147037,0.4171215511470372
2017-06-04 21:00:00,2,18,0,0,0,17.477637229812146,0.5223627701878542
2017-06-04 21:00:00,1,61,0,0,0,54.23301166220335,6.766988337796647
2017-06-04 22:00:00,2,18,0,0,0,17.73337574570577,0.26662425429422854
2017-06-04 22:00:00,3,11,0,0,0,10.312269325147666,0.6877306748523342
2017-06-04 22:00:00,4,3,0,0,0,7.415747141847543,4.415747141847543
2017-06-04 22:00:00,1,63,0,0,0,58.324697077480096,4.675302922519904
2017-06-04 23:00:00,3,12,0,0,0,10.912116459281817,1.0878835407181828
2017-06-04 23:00:00,2,18,0,0,0,17.327158591940783,0.6728414080592167
2017-06-04 23:00:00,4,6,0,0,0,6.348748380628641,0.3487483806286411
2017-06-04 23:00:00,1,58,0,0,0,59.62786997115421,1.6278699711542117
2017-06-05 00:00:00,3,11,0,1,0,10.197170702464899,0.8028292975351015
2017-06-05 00:00:00,2,22,0,1,0,16.794201423522267,5.205798576477733
2017-06-05 00:00:00,4,9,0,1,0,5.593000866216201,3.406999133783799
2017-06-05 00:00:00,1,56,0,1,0,51.621961063012115,4.378038936987885
2017-06-05 01:00:00,3,7,0,1,0,8.840055931886674,1.840055931886674
2017-06-05 01:00:00,2,22,0,1,0,17.96660238137842,4.033397618621581
2017-06-05 01:00:00,4,4,0,1,0,5.2652966807357755,1.2652966807357755
2017-06-05 01:00:00,1,46,0,1,0,47.784045116691,1.7840451166909972
2017-06-05 02:00:00,4,5,0,1,0,5.027491067025315,0.027491067025314564
2017-06-05 02:00:00,3,8,0,1,0,7.320586893924762,0.6794131060752377
2017-06-05 02:00:00,2,16,0,1,0,18.185901266045136,2.1859012660451356
2017-06-05 02:00:00,1,38,0,1,0,41.7198293591612,3.719829359161203
2017-06-05 03:00:00,2,14,0,1,0,14.868271866232256,0.8682718662322557
2017-06-05 03:00:00,1,38,0,1,0,35.19712661661137,2.8028733833886292
2017-06-05 03:00:00,3,7,0,1,0,6.746425274007655,0.2535747259923449
2017-06-05 03:00:00,4,6,0,1,0,4.883861311262867,1.1161386887371334
2017-06-05 04:00:00,4,4,0,1,0,4.285494977485624,0.2854949774856239
2017-06-05 04:00:00,3,4,0,1,0,6.153028722416282,2.1530287224162823
2017-06-05 04:00:00,2,16,0,1,0,13.089389981961203,2.9106100180387973
2017-06-05 04:00:00,1,31,0,1,0,34.519230294774886,3.5192302947748857
2017-06-05 05:00:00,3,7,0,1,0,5.541142772527375,1.4588572274726248
2017-06-05 05:00:00,2,13,0,1,0,14.268826701358321,1.2688267013583214
2017-06-05 05:00:00,1,33,0,1,0,29.268151607240462,3.731848392759538
2017-06-05 05:00:00,4,5,0,1,0,4.213399356718778,0.786600643281222
2017-06-05 06:00:00,2,12,0,1,0,13.632265745681709,1.6322657456817087
2017-06-05 06:00:00,1,42,0,1,0,35.692511964503275,6.307488035496725
2017-06-05 06:00:00,4,3,0,1,0,4.774662598544802,1.7746625985448023
2017-06-05 06:00:00,3,7,0,1,0,6.259271533650721,0.740728466349279
2017-06-05 07:00:00,2,16,0,1,1,14.260207669569184,1.7397923304308165
2017-06-05 07:00:00,1,48,0,1,1,46.21144763679384,1.7885523632061577
2017-06-05 07:00:00,4,6,0,1,1,5.206128650991471,0.793871349008529
2017-06-05 07:00:00,3,6,0,1,1,7.503174524764408,1.5031745247644084
2017-06-05 08:00:00,2,21,0,1,1,16.46165956065688,4.53834043934312
2017-06-05 08:00:00,3,12,0,1,1,8.23259028227817,3.7674097177218293
2017-06-05 08:00:00,1,56,0,1,1,53.43540231662373,2.5645976833762703
2017-06-05 08:00:00,4,6,0,1,1,6.0714482235208775,0.07144822352087754
2017-06-05 09:00:00,4,7,0,1,1,7.18409137849507,0.1840913784950704
2017-06-05 09:00:00,1,65,0,1,1,65.61753035483417,0.6175303548341731
2017-06-05 09:00:00,3,10,0,1,1,12.451287360876101,2.451287360876101
2017-06-05 09:00:00,2,20,0,1,1,21.605483634166546,1.6054836341665464
2017-06-05 10:00:00,1,84,0,1,0,77.4796384650153,6.520361534984701
2017-06-05 10:00:00,4,8,0,1,0,9.120733408701465,1.120733408701465
2017-06-05 10:00:00,3,17,0,1,0,13.520928314080747,3.479071685919253
2017-06-05 10:00:00,2,23,0,1,0,22.32823759104423,0.6717624089557717
2017-06-05 11:00:00,4,14,0,1,0,9.801588845953468,4.198411154046532
2017-06-05 11:00:00,3,19,0,1,0,17.620129933983193,1.3798700660168066
2017-06-05 11:00:00,1,101,0,1,0,89.8581640406033,11.141835959396701
2017-06-05 11:00:00,2,33,0,1,0,24.908418378718316,8.091581621281684
2017-06-05 12:00:00,3,27,0,1,0,18.585668049533833,8.414331950466167
2017-06-05 12:00:00,1,106,0,1,0,95.33082211673809,10.66917788326191
2017-06-05 12:00:00,4,13,0,1,0,12.742259112653427,0.2577408873465732
2017-06-05 12:00:00,2,30,0,1,0,32.02129495245848,2.021294952458483
2017-06-05 13:00:00,2,29,0,1,0,27.529415197868115,1.470584802131885
2017-06-05 13:00:00,1,94,0,1,0,89.59530000583374,4.404699994166265
2017-06-05 13:00:00,3,18,0,1,0,25.188429448142422,7.188429448142422
2017-06-05 13:00:00,4,11,0,1,0,11.338522231782111,0.33852223178211105
2017-06-05 14:00:00,2,32,0,1,0,29.078752942112594,2.921247057887406
2017-06-05 14:00:00,3,27,0,1,0,19.05633279650605,7.943667203493948
2017-06-05 14:00:00,1,101,0,1,0,101.7388592065109,0.7388592065108952
2017-06-05 14:00:00,4,9,0,1,0,12.517595148908011,3.5175951489080113
2017-06-05 15:00:00,4,8,0,1,0,10.141524897177282,2.1415248971772822
2017-06-05 15:00:00,1,103,0,1,0,98.62416075917668,4.375839240823325
2017-06-05 15:00:00,2,36,0,1,0,31.957722322620636,4.042277677379364
2017-06-05 15:00:00,3,18,0,1,0,26.482489052396097,8.482489052396097
2017-06-05 16:00:00,2,36,0,1,0,34.73198764633161,1.2680123536683894
2017-06-05 16:00:00,3,18,0,1,0,18.176231212501225,0.1762312125012251
2017-06-05 16:00:00,4,7,0,1,0,8.798471152765813,1.7984711527658135
2017-06-05 16:00:00,1,93,0,1,0,96.97276199551617,3.9727619955161657
2017-06-05 17:00:00,3,20,0,1,1,18.641017977457782,1.358982022542218
2017-06-05 17:00:00,4,8,0,1,1,8.449373434708354,0.4493734347083542
2017-06-05 17:00:00,2,30,0,1,1,36.225027085720775,6.225027085720775
2017-06-05 17:00:00,1,89,0,1,1,94.19630788121688,5.196307881216882
2017-06-05 18:00:00,1,96,0,1,1,90.82965837722718,5.170341622772824
2017-06-05 18:00:00,4,10,0,1,1,8.255555062282502,1.744444937717498
2017-06-05 18:00:00,3,24,0,1,1,19.637775448162877,4.362224551837123
2017-06-05 18:00:00,2,29,0,1,1,30.909967701124604,1.9099677011246037
2017-06-05 19:00:00,1,100,0,1,1,97.54924502316784,2.450754976832158
2017-06-05 19:00:00,2,36,0,1,1,29.613388762135305,6.386611237864695
2017-06-05 19:00:00,3,25,0,1,1,24.334908551325064,0.6650914486749357
2017-06-05 19:00:00,4,5,0,1,1,9.166226185905215,4.166226185905215
2017-06-05 20:00:00,4,9,0,1,0,7.783306692797951,1.216693307202049
2017-06-05 20:00:00,2,33,0,1,0,35.92451312213458,2.9245131221345773
2017-06-05 20:00:00,1,93,0,1,0,94.81632346280013,1.8163234628001277
2017-06-05 20:00:00,3,22,0,1,0,24.71517133691549,2.715171336915489
2017-06-05 21:00:00,4,8,0,1,0,8.703092310688831,0.7030923106888309
2017-06-05 21:00:00,3,22,0,1,0,21.98280255094829,0.017197449051710834
2017-06-05 21:00:00,2,34,0,1,0,32.9086736615217,1.0913263384782965
2017-06-05 21:00:00,1,89,0,1,0,89.22894374526892,0.22894374526892136
2017-06-05 22:00:00,4,4,0,1,0,7.995234987404978,3.995234987404978
2017-06-05 22:00:00,1,89,0,1,0,87.11682135161476,1.8831786483852397
2017-06-05 22:00:00,3,20,0,1,0,21.44679296375613,1.4467929637561312
2017-06-05 22:00:00,2,31,0,1,0,33.24069831001472,2.2406983100147215
2017-06-05 23:00:00,3,21,0,1,0,18.592777568748026,2.4072224312519737
2017-06-05 23:00:00,4,7,0,1,0,7.071506150505413,0.07150615050541287
2017-06-05 23:00:00,1,83,0,1,0,80.80466637663534,2.195333623364661
2017-06-05 23:00:00,2,36,0,1,0,29.293238208940494,6.706761791059506
2017-06-06 00:00:00,4,5,0,1,0,5.847310363486182,0.8473103634861818
2017-06-06 00:00:00,1,75,0,1,0,74.62146359985071,0.3785364001492866
2017-06-06 00:00:00,2,36,0,1,0,32.7617220431518,3.2382779568482007
2017-06-06 00:00:00,3,16,0,1,0,17.89056695421426,1.8905669542142611
2017-06-06 01:00:00,4,9,0,1,0,4.569805152633654,4.430194847366346
2017-06-06 01:00:00,2,28,0,1,0,30.452151110447293,2.452151110447293
2017-06-06 01:00:00,1,71,0,1,0,63.90408330197431,7.09591669802569
2017-06-06 01:00:00,3,12,0,1,0,12.778427716470757,0.7784277164707571
2017-06-06 02:00:00,1,55,0,1,0,61.68142013047806,6.68142013047806
2017-06-06 02:00:00,4,4,0,1,0,5.619244786280037,1.6192447862800368
2017-06-06 02:00:00,2,24,0,1,0,23.67482966262389,0.325170337376111
2017-06-06 02:00:00,3,9,0,1,0,10.4634497096169,1.4634497096168992
2017-06-06 03:00:00,3,9,0,1,0,8.10948454273742,0.8905154572625804
2017-06-06 03:00:00,4,7,0,1,0,4.969086477470023,2.0309135225299766
2017-06-06 03:00:00,2,20,0,1,0,20.759532299082387,0.7595322990823874
2017-06-06 03:00:00,1,47,0,1,0,49.7976298350579,2.797629835057897
2017-06-06 04:00:00,1,43,0,1,0,43.633229355830885,0.6332293558308848
2017-06-06 04:00:00,2,15,0,1,0,17.554541641509108,2.5545416415091076
2017-06-06 04:00:00,4,4,0,1,0,5.163061008147196,1.1630610081471957
2017-06-06 04:00:00,3,8,0,1,0,7.532162069699421,0.4678379303005791
2017-06-06 05:00:00,2,18,0,1,0,14.28880676849419,3.71119323150581
2017-06-06 05:00:00,1,42,0,1,0,38.4686816904962,3.5313183095038028
2017-06-06 05:00:00,3,7,0,1,0,7.026471491623273,0.02647149162327267
2017-06-06 05:00:00,4,4,0,1,0,4.213399356718778,0.21339935671877797
2017-06-06 06:00:00,3,5,0,1,0,7.437912442353761,2.4379124423537606
2017-06-06 06:00:00,1,43,0,1,0,43.695997799344354,0.6959977993443545
2017-06-06 06:00:00,4,2,0,1,0,4.677618672450944,2.6776186724509436
2017-06-06 06:00:00,2,17,0,1,0,17.21517613454066,0.2151761345406591
2017-06-06 07:00:00,3,9,0,1,1,7.4724078226138655,1.5275921773861345
2017-06-06 07:00:00,4,6,0,1,1,4.84462593697017,1.1553740630298304
2017-06-06 07:00:00,2,22,0,1,1,19.13307323541699,2.8669267645830097
2017-06-06 07:00:00,1,51,0,1,1,46.5669131220297,4.433086877970297
2017-06-06 08:00:00,4,6,0,1,1,5.957774315201449,0.04222568479855138
2017-06-06 08:00:00,3,12,0,1,1,9.256106267650955,2.7438937323490453
2017-06-06 08:00:00,1,61,0,1,1,55.23356440268258,5.766435597317418
2017-06-06 08:00:00,2,20,0,1,1,22.217117978997592,2.2171179789975923
2017-06-06 09:00:00,2,17,0,1,1,22.163917769488453,5.163917769488453
2017-06-06 09:00:00,1,65,0,1,1,68.00795877933727,3.0079587793372724
2017-06-06 09:00:00,4,10,0,1,1,7.1204419652557185,2.8795580347442815
2017-06-06 09:00:00,3,16,0,1,1,12.735438852627395,3.2645611473726053
2017-06-06 10:00:00,2,27,0,1,0,20.81327770252737,6.186722297472631
2017-06-06 10:00:00,4,9,0,1,0,11.026162174088904,2.0261621740889044
2017-06-06 10:00:00,3,16,0,1,0,18.15769495959521,2.1576949595952115
2017-06-06 10:00:00,1,96,0,1,0,76.64922957704644,19.35077042295356
2017-06-06 11:00:00,2,31,0,1,0,29.743512387293908,1.256487612706092
2017-06-06 11:00:00,3,24,0,1,0,18.851737718517658,5.148262281482342
2017-06-06 11:00:00,4,13,0,1,0,10.83401027944311,2.1659897205568903
2017-06-06 11:00:00,1,112,0,1,0,93.41040593762503,18.58959406237497
2017-06-06 12:00:00,2,35,0,1,0,29.434259584648085,5.5657404153519145
2017-06-06 12:00:00,3,27,0,1,0,23.733642130902528,3.2663578690974724
2017-06-06 12:00:00,4,24,0,1,0,12.760946127204997,11.239053872795003
2017-06-06 12:00:00,1,109,0,1,0,96.5949117599582,12.405088240041806
2017-06-06 13:00:00,4,10,0,1,0,20.12004379581935,10.120043795819349
2017-06-06 13:00:00,1,102,0,1,0,93.79976734530727,8.200232654692726
2017-06-06 13:00:00,2,35,0,1,0,33.649561869302396,1.3504381306976043
2017-06-06 13:00:00,3,29,0,1,0,25.33546880095458,3.6645311990454204
2017-06-06 14:00:00,4,13,0,1,0,13.717608072642046,0.7176080726420455
2017-06-06 14:00:00,1,113,0,1,0,104.46188279854238,8.538117201457624
2017-06-06 14:00:00,3,34,0,1,0,28.343103843524926,5.656896156475074
2017-06-06 14:00:00,2,39,0,1,0,35.89829666519669,3.101703334803311
2017-06-06 15:00:00,4,12,0,1,0,23.54830150485602,11.54830150485602
2017-06-06 15:00:00,3,27,0,1,0,33.25429460235554,6.254294602355543
2017-06-06 15:00:00,2,37,0,1,0,38.93116186383675,1.9311618638367491
2017-06-06 15:00:00,1,115,0,1,0,100.58272362590287,14.417276374097128
2017-06-06 16:00:00,3,23,0,1,0,27.061151195703484,4.061151195703484
2017-06-06 16:00:00,2,40,0,1,0,34.920886608701345,5.079113391298655
2017-06-06 16:00:00,4,9,0,1,0,11.304161058815328,2.3041610588153283
2017-06-06 16:00:00,1,127,0,1,0,100.39163991235267,26.608360087647327
2017-06-06 17:00:00,2,35,0,1,1,40.4109142683311,5.410914268331098
2017-06-06 17:00:00,4,14,0,1,1,9.957718429307088,4.0422815706929125
2017-06-06 17:00:00,3,29,0,1,1,23.1976308615052,5.8023691384948
2017-06-06 17:00:00,1,134,0,1,1,102.92270675567022,31.07729324432978
2017-06-06 18:00:00,2,41,0,1,1,35.435306657039305,5.564693342960695
2017-06-06 18:00:00,3,22,0,1,1,27.828471215668536,5.828471215668536
2017-06-06 18:00:00,4,9,0,1,1,11.404012173707418,2.404012173707418
2017-06-06 18:00:00,1,140,0,1,1,138.27540806958774,1.7245919304122594
2017-06-06 19:00:00,3,23,0,1,1,22.5459583570588,0.4540416429411991
2017-06-06 19:00:00,2,41,0,1,1,42.636330045131686,1.636330045131686
2017-06-06 19:00:00,4,6,0,1,1,10.019990849580788,4.019990849580788
2017-06-06 19:00:00,1,136,0,1,1,141.85868615492615,5.858686154926147
2017-06-06 20:00:00,2,39,0,1,0,41.10379961941906,2.103799619419057
2017-06-06 20:00:00,4,10,0,1,0,8.721053408960147,1.278946591039853
2017-06-06 20:00:00,1,126,0,1,0,133.47844512285275,7.478445122852747
2017-06-06 20:00:00,3,17,0,1,0,23.394772523331422,6.394772523331422
2017-06-06 21:00:00,2,36,0,1,0,36.6230439491871,0.6230439491870996
2017-06-06 21:00:00,1,114,0,1,0,95.9370476408306,18.0629523591694
2017-06-06 21:00:00,4,10,0,1,0,9.13602961003158,0.8639703899684203
2017-06-06 21:00:00,3,13,0,1,0,17.885394122528062,4.885394122528062
2017-06-06 22:00:00,3,22,0,1,0,15.230782837147215,6.769217162852785
2017-06-06 22:00:00,1,104,0,1,0,90.34070144060411,13.659298559395893
2017-06-06 22:00:00,4,12,0,1,0,8.88567369901532,3.114326300984681
2017-06-06 22:00:00,2,33,0,1,0,34.37304334181374,1.3730433418137409
2017-06-06 23:00:00,3,17,0,1,0,19.8154132018459,2.8154132018458995
2017-06-06 23:00:00,1,95,0,1,0,85.30661138692064,9.693388613079364
2017-06-06 23:00:00,2,41,0,1,0,31.844518118529898,9.155481881470102
2017-06-06 23:00:00,4,7,0,1,0,10.232159471467165,3.232159471467165
2017-06-07 00:00:00,2,38,0,1,0,41.349627857687395,3.349627857687395
2017-06-07 00:00:00,1,87,0,1,0,88.79660059957317,1.7966005995731678
2017-06-07 00:00:00,4,6,0,1,0,7.726206564518667,1.7262065645186668
2017-06-07 00:00:00,3,16,0,1,0,15.113743139019016,0.8862568609809838
2017-06-07 01:00:00,2,26,0,1,0,32.96002228056322,6.960022280563223
2017-06-07 01:00:00,1,81,0,1,0,75.6240887824174,5.375911217582598
2017-06-07 01:00:00,3,13,0,1,0,12.643687843929154,0.356312156070846
2017-06-07 01:00:00,4,7,0,1,0,5.77739528037952,1.2226047196204801
2017-06-07 02:00:00,4,6,0,1,0,5.1909761479060625,0.8090238520939375
2017-06-07 02:00:00,2,22,0,1,0,22.305660557696086,0.30566055769608624
2017-06-07 02:00:00,1,65,0,1,0,67.92604504928276,2.926045049282763
2017-06-07 02:00:00,3,11,0,1,0,10.86846323420858,0.13153676579142015
2017-06-07 03:00:00,4,6,0,1,0,4.973147875008879,1.0268521249911213
2017-06-07 03:00:00,1,57,0,1,0,57.70658887636738,0.7065888763673769
2017-06-07 03:00:00,3,6,0,1,0,9.622382086460998,3.6223820864609984
2017-06-07 03:00:00,2,22,0,1,0,18.99063689938084,3.0093631006191615
2017-06-07 04:00:00,2,15,0,1,0,18.399301253411153,3.399301253411153
2017-06-07 04:00:00,1,47,0,1,0,51.53206493482894,4.532064934828938
2017-06-07 04:00:00,3,5,0,1,0,7.253244180478072,2.253244180478072
2017-06-07 04:00:00,4,5,0,1,0,4.973147875008879,0.02685212499112133
2017-06-07 05:00:00,3,6,0,1,0,5.982540687688789,0.017459312311211228
2017-06-07 05:00:00,4,4,0,1,0,4.783864489822786,0.7838644898227862
2017-06-07 05:00:00,1,46,0,1,0,42.62449158828664,3.375508411713362
2017-06-07 05:00:00,2,17,0,1,0,14.24184391617234,2.758156083827661
2017-06-07 06:00:00,3,8,0,1,0,6.004962036380739,1.9950379636192608
2017-06-07 06:00:00,4,3,0,1,0,4.677618672450944,1.6776186724509436
2017-06-07 06:00:00,2,16,0,1,0,17.13887283202024,1.1388728320202404
2017-06-07 06:00:00,1,53,0,1,0,47.18745855772468,5.812541442275318
2017-06-07 07:00:00,4,6,0,1,1,5.206128650991471,0.793871349008529
2017-06-07 07:00:00,2,19,0,1,1,18.165207061120473,0.8347929388795272
2017-06-07 07:00:00,1,59,0,1,1,51.829794930423006,7.170205069576994
2017-06-07 07:00:00,3,8,0,1,1,7.6845818071257534,0.31541819287424655
2017-06-07 08:00:00,4,6,0,1,1,6.0714482235208775,0.07144822352087754
2017-06-07 08:00:00,1,67,0,1,1,57.84064132246208,9.159358677537917
2017-06-07 08:00:00,3,20,0,1,1,9.22549443355751,10.77450556644249
2017-06-07 08:00:00,2,23,0,1,1,20.15514257792997,2.8448574220700316
2017-06-07 09:00:00,3,25,0,1,1,19.675492751910575,5.324507248089425
2017-06-07 09:00:00,1,78,0,1,1,72.7505124278833,5.249487572116706
2017-06-07 09:00:00,2,26,0,1,1,24.88691204926722,1.1130879507327798
2017-06-07 09:00:00,4,5,0,1,1,7.18409137849507,2.1840913784950704
2017-06-07 10:00:00,2,27,0,1,0,29.00358658220922,2.00358658220922
2017-06-07 10:00:00,4,10,0,1,0,8.395645706700183,1.6043542932998172
2017-06-07 10:00:00,3,24,0,1,0,27.22012369436899,3.22012369436899
2017-06-07 10:00:00,1,95,0,1,0,85.58236270919429,9.417637290805715
2017-06-07 11:00:00,1,114,0,1,0,93.66265692985647,20.337343070143532
2017-06-07 11:00:00,3,24,0,1,0,26.19382308372122,2.1938230837212203
2017-06-07 11:00:00,2,30,0,1,0,30.919420863893972,0.919420863893972
2017-06-07 11:00:00,4,10,0,1,0,10.377713901528555,0.3777139015285549
2017-06-07 12:00:00,3,20,0,1,0,24.273458837683805,4.273458837683805
2017-06-07 12:00:00,4,13,0,1,0,10.650917629149088,2.349082370850912
2017-06-07 12:00:00,2,39,0,1,0,29.149998989934826,9.850001010065174
2017-06-07 12:00:00,1,111,0,1,0,96.85365825365028,14.14634174634972
2017-06-07 13:00:00,3,24,0,1,0,19.628983964137905,4.371016035862095
2017-06-07 13:00:00,2,38,0,1,0,37.363712233816216,0.6362877661837842
2017-06-07 13:00:00,1,97,0,1,0,93.90400387174199,3.095996128258008
2017-06-07 13:00:00,4,7,0,1,0,10.69330177901972,3.69330177901972
2017-06-07 14:00:00,1,107,0,1,0,103.46191433839441,3.5380856616055922
2017-06-07 14:00:00,4,9,0,1,0,9.70786370839579,0.7078637083957897
2017-06-07 14:00:00,3,20,0,1,0,24.537431628941523,4.537431628941523
2017-06-07 14:00:00,2,42,0,1,0,39.43992760711505,2.5600723928849476
2017-06-07 15:00:00,3,25,0,1,0,20.07395411890197,4.92604588109803
2017-06-07 15:00:00,4,9,0,1,0,9.501541738680482,0.5015417386804817
2017-06-07 15:00:00,1,111,0,1,0,100.5910950760232,10.408904923976806
2017-06-07 15:00:00,2,39,0,1,0,42.51041116542509,3.51041116542509
2017-06-07 16:00:00,4,13,0,1,0,8.788520628967651,4.211479371032349
2017-06-07 16:00:00,2,38,0,1,0,38.158478797013416,0.15847879701341583
2017-06-07 16:00:00,1,104,0,1,0,99.36488069144622,4.635119308553783
2017-06-07 16:00:00,3,20,0,1,0,24.028092158766352,4.028092158766352
2017-06-07 17:00:00,1,102,0,1,1,98.60409957446882,3.395900425531181
2017-06-07 17:00:00,2,39,0,1,1,38.53523675201099,0.46476324798901203
2017-06-07 17:00:00,3,27,0,1,1,20.09446464747641,6.905535352523589
2017-06-07 17:00:00,4,9,0,1,1,10.722755236214823,1.722755236214823
2017-06-07 18:00:00,1,104,0,1,1,103.92663417749282,0.07336582250718493
2017-06-07 18:00:00,2,39,0,1,1,39.7015736377083,0.7015736377083002
2017-06-07 18:00:00,4,7,0,1,1,9.906818855376718,2.9068188553767182
2017-06-07 18:00:00,3,25,0,1,1,26.581463326121145,1.5814633261211455
2017-06-07 19:00:00,2,39,0,1,1,40.20625692239969,1.2062569223996888
2017-06-07 19:00:00,3,22,0,1,1,25.568919229369257,3.568919229369257
2017-06-07 19:00:00,1,105,0,1,1,103.53882216671909,1.4611778332809138
2017-06-07 19:00:00,4,12,0,1,1,8.941818483631948,3.0581815163680517
2017-06-07 20:00:00,3,17,0,1,0,22.434604585561505,5.434604585561505
2017-06-07 20:00:00,2,42,0,1,0,39.262339433433596,2.7376605665664044
2017-06-07 20:00:00,4,8,0,1,0,10.039318225107143,2.0393182251071433
2017-06-07 20:00:00,1,101,0,1,0,99.16941742688024,1.8305825731197558
2017-06-07 21:00:00,3,16,0,1,0,17.94799168154598,1.9479916815459788
2017-06-07 21:00:00,4,8,0,1,0,8.810297586227842,0.8102975862278416
2017-06-07 21:00:00,1,95,0,1,0,94.0671842094677,0.9328157905323025
2017-06-07 21:00:00,2,39,0,1,0,40.918781917667715,1.9187819176677152
2017-06-07 22:00:00,4,6,0,1,0,8.758140795906748,2.7581407959067477
2017-06-07 22:00:00,1,93,0,1,0,88.53801114690535,4.4619888530946525
2017-06-07 22:00:00,2,34,0,1,0,37.38226155586754,3.3822615558675366
2017-06-07 22:00:00,3,19,0,1,0,16.61823322192085,2.3817667780791503
2017-06-07 23:00:00,2,34,0,1,0,32.45011217822493,1.549887821775073
2017-06-07 23:00:00,3,17,0,1,0,17.286715134732756,0.28671513473275567
2017-06-07 23:00:00,1,88,0,1,0,82.4570842774199,5.542915722580105
2017-06-07 23:00:00,4,8,0,1,0,7.26379023599018,0.7362097640098204
2017-06-08 00:00:00,1,84,0,1,0,79.88823592294123,4.111764077058766
2017-06-08 00:00:00,2,37,0,1,0,31.32314039521234,5.6768596047876585
2017-06-08 00:00:00,4,9,0,1,0,6.350739713743151,2.6492602862568493
2017-06-08 00:00:00,3,13,0,1,0,14.65009435311546,1.6500943531154597
2017-06-08 01:00:00,1,65,0,1,0,75.21247956045937,10.212479560459371
2017-06-08 01:00:00,2,31,0,1,0,31.49995256652499,0.4999525665249891
2017-06-08 01:00:00,4,8,0,1,0,5.822623933041202,2.1773760669587983
2017-06-08 01:00:00,3,10,0,1,0,10.842017933903199,0.8420179339031986
2017-06-08 02:00:00,2,26,0,1,0,25.81204623213529,0.18795376786470896
2017-06-08 02:00:00,4,7,0,1,0,6.187478466897671,0.8125215331023288
2017-06-08 02:00:00,1,55,0,1,0,57.70658887636738,2.706588876367377
2017-06-08 02:00:00,3,8,0,1,0,9.008625528729358,1.0086255287293575
2017-06-08 03:00:00,2,22,0,1,0,22.006823497147664,0.00682349714766417
2017-06-08 03:00:00,4,6,0,1,0,5.9592487169177355,0.0407512830822645
2017-06-08 03:00:00,3,8,0,1,0,7.6093899469674255,0.39061005303257446
2017-06-08 03:00:00,1,45,0,1,0,47.645218564638036,2.6452185646380357
2017-06-08 04:00:00,4,6,0,1,0,5.331824904348451,0.6681750956515486
2017-06-08 04:00:00,1,44,0,1,0,40.35465977035858,3.6453402296414197
2017-06-08 04:00:00,3,5,0,1,0,6.829002372073965,1.8290023720739654
2017-06-08 04:00:00,2,15,0,1,0,18.841275053106063,3.841275053106063
2017-06-08 05:00:00,1,40,0,1,0,38.831102823144406,1.1688971768555945
2017-06-08 05:00:00,3,5,0,1,0,6.079440826027116,1.079440826027116
2017-06-08 05:00:00,2,20,0,1,0,14.600108881805069,5.399891118194931
2017-06-08 05:00:00,4,8,0,1,0,4.973147875008879,3.0268521249911213
2017-06-08 06:00:00,1,49,0,1,0,42.21593092618551,6.784069073814493
2017-06-08 06:00:00,4,2,0,1,0,5.944416396823838,3.944416396823838
2017-06-08 06:00:00,2,17,0,1,0,18.85571489329212,1.8557148932921201
2017-06-08 06:00:00,3,8,0,1,0,6.1883117527031235,1.8116882472968765
2017-06-08 07:00:00,1,51,0,1,1,51.92514728579546,0.925147285795461
2017-06-08 07:00:00,2,19,0,1,1,19.67057315077305,0.6705731507730484
2017-06-08 07:00:00,4,6,0,1,1,5.714123666657785,0.2858763333422152
2017-06-08 07:00:00,3,7,0,1,1,7.6266012135949985,0.6266012135949985
2017-06-08 08:00:00,1,58,0,1,1,55.10827568636856,2.8917243136314426
2017-06-08 08:00:00,2,22,0,1,1,20.43085432085628,1.5691456791437197
2017-06-08 08:00:00,3,7,0,1,1,8.650356711370723,1.6503567113707227
2017-06-08 08:00:00,4,6,0,1,1,6.410642195854746,0.41064219585474593
2017-06-08 09:00:00,2,19,0,1,1,23.706848639080334,4.706848639080334
2017-06-08 09:00:00,1,71,0,1,1,66.03143340609009,4.968566593909912
2017-06-08 09:00:00,3,14,0,1,1,9.916906959917165,4.083093040082835
2017-06-08 09:00:00,4,8,0,1,1,7.1204419652557185,0.8795580347442815
2017-06-08 10:00:00,2,28,0,1,0,22.315814927115586,5.684185072884414
2017-06-08 10:00:00,3,18,0,1,0,14.618268678559438,3.3817313214405615
2017-06-08 10:00:00,4,10,0,1,0,9.522287421189215,0.47771257881078455
2017-06-08 10:00:00,1,104,0,1,0,79.34643731800108,24.65356268199892
2017-06-08 11:00:00,1,114,0,1,0,94.62441973316585,19.37558026683415
2017-06-08 11:00:00,3,21,0,1,0,18.296275521404443,2.703724478595557
2017-06-08 11:00:00,4,9,0,1,0,11.203508615038325,2.2035086150383254
2017-06-08 11:00:00,2,31,0,1,0,30.131082939914716,0.868917060085284
2017-06-08 12:00:00,2,38,0,1,0,29.64187840245461,8.358121597545392
2017-06-08 12:00:00,1,112,0,1,0,96.38151079106072,15.61848920893928
2017-06-08 12:00:00,3,23,0,1,0,20.494723622216583,2.5052763777834173
2017-06-08 12:00:00,4,13,0,1,0,10.310489559636128,2.689510440363872
2017-06-08 13:00:00,2,31,0,1,0,37.13675690883554,6.136756908835537
2017-06-08 13:00:00,1,98,0,1,0,93.70867247820591,4.291327521794088
2017-06-08 13:00:00,4,8,0,1,0,10.69330177901972,2.69330177901972
2017-06-08 13:00:00,3,16,0,1,0,22.14068955013663,6.140689550136631
2017-06-08 14:00:00,2,43,0,1,0,31.428803662103135,11.571196337896865
2017-06-08 14:00:00,1,110,0,1,0,103.46191433839441,6.538085661605592
2017-06-08 14:00:00,4,13,0,1,0,9.918775846207998,3.081224153792002
2017-06-08 14:00:00,3,17,0,1,0,18.462592184523135,1.4625921845231353
2017-06-08 15:00:00,1,107,0,1,0,100.5910950760232,6.408904923976806
2017-06-08 15:00:00,2,36,0,1,0,42.64660967934462,6.646609679344621
2017-06-08 15:00:00,3,22,0,1,0,18.041849669863062,3.958150330136938
2017-06-08 15:00:00,4,19,0,1,0,11.432073228174835,7.5679267718251655
2017-06-08 16:00:00,3,23,0,1,0,20.78722514989033,2.212774850109671
2017-06-08 16:00:00,1,100,0,1,0,99.36488069144622,0.635119308553783
2017-06-08 16:00:00,4,10,0,1,0,15.196310415150135,5.196310415150135
2017-06-08 16:00:00,2,36,0,1,0,34.99131313465614,1.0086868653438614
2017-06-08 17:00:00,1,101,0,1,1,98.47216585793718,2.527834142062815
2017-06-08 17:00:00,4,10,0,1,1,12.47719595629992,2.4771959562999193
2017-06-08 17:00:00,3,23,0,1,1,22.53862224037509,0.46137775962490934
2017-06-08 17:00:00,2,32,0,1,1,36.280023118520454,4.280023118520454
2017-06-08 18:00:00,2,36,0,1,1,33.826585627567006,2.173414372432994
2017-06-08 18:00:00,1,106,0,1,1,102.61857767762437,3.3814223223756272
2017-06-08 18:00:00,3,22,0,1,1,22.892442667704064,0.8924426677040636
2017-06-08 18:00:00,4,6,0,1,1,11.050403942565312,5.050403942565312
2017-06-08 19:00:00,4,8,0,1,1,7.870077117833847,0.1299228821661531
2017-06-08 19:00:00,1,110,0,1,1,107.95793366768457,2.0420663323154287
2017-06-08 19:00:00,2,43,0,1,1,36.92708796177484,6.072912038225162
2017-06-08 19:00:00,3,15,0,1,1,22.327755917886947,7.327755917886947
2017-06-08 20:00:00,2,40,0,1,0,43.705134432213406,3.7051344322134057
2017-06-08 20:00:00,1,108,0,1,0,100.95358042614838,7.046419573851622
2017-06-08 20:00:00,4,8,0,1,0,8.618522095813548,0.6185220958135478
2017-06-08 20:00:00,3,14,0,1,0,17.6788122520908,3.6788122520908004
2017-06-08 21:00:00,3,15,0,1,0,15.261697340994536,0.26169734099453557
2017-06-08 21:00:00,4,9,0,1,0,8.000324070007757,0.9996759299922431
2017-06-08 21:00:00,1,95,0,1,0,96.33138432961464,1.331384329614636
2017-06-08 21:00:00,2,33,0,1,0,38.577278459234726,5.577278459234726
2017-06-08 22:00:00,1,88,0,1,0,88.29034802966173,0.2903480296617289
2017-06-08 22:00:00,2,32,0,1,0,32.92974129212495,0.9297412921249517
2017-06-08 22:00:00,3,15,0,1,0,14.835001647659109,0.16499835234089133
2017-06-08 22:00:00,4,4,0,1,0,8.646682451746301,4.646682451746301
2017-06-08 23:00:00,1,88,0,1,0,79.16299021960492,8.837009780395078
2017-06-08 23:00:00,2,36,0,1,0,30.98962526947942,5.0103747305205815
2017-06-08 23:00:00,3,16,0,1,0,14.473043717711871,1.526956282288129
2017-06-08 23:00:00,4,9,0,1,0,7.008671335448229,1.9913286645517712
2017-06-09 00:00:00,4,8,0,1,0,6.313982264498902,1.686017735501098
2017-06-09 00:00:00,3,16,0,1,0,13.669024131985438,2.330975868014562
2017-06-09 00:00:00,1,84,0,1,0,79.14057810214186,4.859421897858141
2017-06-09 00:00:00,2,33,0,1,0,32.747228042002256,0.2527719579977443
2017-06-09 01:00:00,1,73,0,1,0,73.7464646517529,0.7464646517529019
2017-06-09 01:00:00,3,9,0,1,0,12.476232756383487,3.476232756383487
2017-06-09 01:00:00,4,6,0,1,0,5.65663564463285,0.34336435536715015
2017-06-09 01:00:00,2,25,0,1,0,28.204202392794635,3.2042023927946346
2017-06-09 02:00:00,1,59,0,1,0,63.30306714036819,4.303067140368192
2017-06-09 02:00:00,4,3,0,1,0,5.469017528082587,2.4690175280825866
2017-06-09 02:00:00,3,9,0,1,0,8.793323372531207,0.20667662746879323
2017-06-09 02:00:00,2,26,0,1,0,21.321191770415613,4.678808229584387
2017-06-09 03:00:00,4,4,0,1,0,4.644444851027976,0.6444448510279761
2017-06-09 03:00:00,2,20,0,1,0,21.9909985573538,1.9909985573538016
2017-06-09 03:00:00,3,9,0,1,0,7.706822792596232,1.293177207403768
2017-06-09 03:00:00,1,48,0,1,0,53.29103915619271,5.29103915619271
2017-06-09 04:00:00,3,6,0,1,0,7.296692384910926,1.2966923849109264
2017-06-09 04:00:00,1,43,0,1,0,43.63378233064093,0.6337823306409334
2017-06-09 04:00:00,2,18,0,1,0,17.790741303893764,0.20925869610623593
2017-06-09 04:00:00,4,5,0,1,0,4.079459091019606,0.920540908980394
2017-06-09 05:00:00,3,5,0,1,0,6.71435483529456,1.71435483529456
2017-06-09 05:00:00,2,18,0,1,0,16.901115439362624,1.0988845606373765
2017-06-09 05:00:00,4,2,0,1,0,4.062829108794036,2.062829108794036
2017-06-09 05:00:00,1,38,0,1,0,38.3846361632579,0.38463616325790184
2017-06-09 06:00:00,2,20,0,1,0,17.811462454927163,2.188537545072837
2017-06-09 06:00:00,1,45,0,1,0,41.051264756710744,3.9487352432892564
2017-06-09 06:00:00,4,6,0,1,0,4.29035420247401,1.7096457975259902
2017-06-09 06:00:00,3,8,0,1,0,6.436499591494106,1.5635004085058943
2017-06-09 07:00:00,1,52,0,1,1,47.80609347236302,4.193906527636983
2017-06-09 07:00:00,2,20,0,1,1,20.921110141246146,0.921110141246146
2017-06-09 07:00:00,3,10,0,1,1,7.584225500894047,2.415774499105953
2017-06-09 07:00:00,4,4,0,1,1,5.4174152768884944,1.4174152768884944
2017-06-09 08:00:00,1,54,0,1,1,55.28249377359807,1.2824937735980697
2017-06-09 08:00:00,2,21,0,1,1,21.21953796378044,0.21953796378043933
2017-06-09 08:00:00,4,4,0,1,1,5.770453805036379,1.7704538050363787
2017-06-09 08:00:00,3,11,0,1,1,10.032208422888758,0.9677915771112424
2017-06-09 09:00:00,4,7,0,1,1,6.8171602680291405,0.18283973197085945
2017-06-09 09:00:00,3,11,0,1,1,12.755040431192443,1.7550404311924428
2017-06-09 09:00:00,2,22,0,1,1,23.103927254742423,1.1039272547424233
2017-06-09 09:00:00,1,67,0,1,1,62.59983242862435,4.400167571375647
2017-06-09 10:00:00,1,85,0,1,0,76.10503560553158,8.894964394468417
2017-06-09 10:00:00,4,5,0,1,0,8.191453004658277,3.1914530046582765
2017-06-09 10:00:00,2,24,0,1,0,24.774754470022756,0.7747544700227564
2017-06-09 10:00:00,3,17,0,1,0,14.481492078730533,2.5185079212694674
2017-06-09 11:00:00,1,100,0,1,0,85.17881102079318,14.821188979206823
2017-06-09 11:00:00,3,25,0,1,0,17.87589176302084,7.124108236979161
2017-06-09 11:00:00,4,12,0,1,0,7.846679023653809,4.153320976346191
2017-06-09 11:00:00,2,30,0,1,0,25.821841188198853,4.178158811801147
2017-06-09 12:00:00,1,102,0,1,0,91.87750380673577,10.122496193264226
2017-06-09 12:00:00,2,33,0,1,0,28.873557548070988,4.126442451929012
2017-06-09 12:00:00,3,22,0,1,0,24.227834319589164,2.2278343195891637
2017-06-09 12:00:00,4,8,0,1,0,11.359216386048193,3.3592163860481925
2017-06-09 13:00:00,4,11,0,1,0,8.754429292808494,2.245570707191506
2017-06-09 13:00:00,2,32,0,1,0,31.242674735277724,0.7573252647222759
2017-06-09 13:00:00,3,20,0,1,0,21.247833082552695,1.2478330825526953
2017-06-09 13:00:00,1,94,0,1,0,83.31411022916686,10.685889770833143
2017-06-09 14:00:00,2,33,0,1,0,32.556853510832134,0.4431464891678658
2017-06-09 14:00:00,3,20,0,1,0,20.600838609391992,0.6008386093919924
2017-06-09 14:00:00,4,15,0,1,0,10.948655541968762,4.051344458031238
2017-06-09 14:00:00,1,100,0,1,0,95.25352538785457,4.746474612145434
2017-06-09 15:00:00,2,33,0,1,0,32.9345675503235,0.06543244967649997
2017-06-09 15:00:00,3,64,0,1,0,19.992639815182816,44.00736018481719
2017-06-09 15:00:00,4,14,0,1,0,12.456900881096624,1.5430991189033758
2017-06-09 15:00:00,1,99,0,1,0,93.11834790105445,5.881652098945551
2017-06-09 16:00:00,1,90,0,1,0,86.8045663156155,3.195433684384497
2017-06-09 16:00:00,3,46,0,1,0,65.78224568656212,19.78224568656212
2017-06-09 16:00:00,4,10,0,1,0,13.08130800208193,3.0813080020819292
2017-06-09 16:00:00,2,32,0,1,0,32.30609760610297,0.30609760610297343
2017-06-09 17:00:00,2,31,0,1,1,32.488198054087434,1.4881980540874338
2017-06-09 17:00:00,1,86,0,1,1,84.5376295917909,1.4623704082090967
2017-06-09 17:00:00,4,10,0,1,1,11.556661188635067,1.5566611886350668
2017-06-09 17:00:00,3,35,0,1,1,38.04558415862486,3.0455841586248624
2017-06-09 18:00:00,4,7,0,1,1,10.072653457775347,3.0726534577753473
2017-06-09 18:00:00,2,37,0,1,1,31.000788390363304,5.999211609636696
2017-06-09 18:00:00,1,94,0,1,1,86.11356221769947,7.886437782300533
2017-06-09 18:00:00,3,28,0,1,1,35.75412682341202,7.754126823412022
2017-06-09 19:00:00,1,96,0,1,1,92.65130228073859,3.348697719261409
2017-06-09 19:00:00,3,26,0,1,1,28.946610588935695,2.9466105889356946
2017-06-09 19:00:00,4,8,0,1,1,8.533579466340822,0.5335794663408215
2017-06-09 19:00:00,2,36,0,1,1,37.765389322122935,1.7653893221229353
2017-06-09 20:00:00,2,31,0,1,0,36.12307803525327,5.123078035253272
2017-06-09 20:00:00,1,90,0,1,0,87.11657424431387,2.883425755686133
2017-06-09 20:00:00,3,25,0,1,0,26.040664421463905,1.0406644214639051
2017-06-09 20:00:00,4,11,0,1,0,8.600408085523686,2.3995919144763143
2017-06-09 21:00:00,2,32,0,1,0,30.72902971997976,1.27097028002024
2017-06-09 21:00:00,1,80,0,1,0,84.02712372604819,4.027123726048188
2017-06-09 21:00:00,3,23,0,1,0,24.99055167763211,1.9905516776321086
2017-06-09 21:00:00,4,9,0,1,0,9.255705768848246,0.25570576884824625
2017-06-09 22:00:00,3,24,0,1,0,22.97770576774426,1.0222942322557387
2017-06-09 22:00:00,4,7,0,1,0,8.895619506015999,1.8956195060159988
2017-06-09 22:00:00,2,30,0,1,0,31.832167637960918,1.832167637960918
2017-06-09 22:00:00,1,79,0,1,0,80.77286968859289,1.7728696885928912
2017-06-09 23:00:00,4,9,0,1,0,8.231578228473682,0.7684217715263184
2017-06-09 23:00:00,3,15,0,1,0,22.72536933731652,7.725369337316518
2017-06-09 23:00:00,2,25,0,1,0,28.113750504418082,3.113750504418082
2017-06-09 23:00:00,1,75,0,1,0,73.20393243708412,1.79606756291588
2017-06-10 00:00:00,4,6,0,0,0,6.9302132990163905,0.9302132990163905
2017-06-10 00:00:00,3,15,0,0,0,14.78897835043346,0.2110216495665398
2017-06-10 00:00:00,2,27,0,0,0,23.539890190070274,3.460109809929726
2017-06-10 00:00:00,1,65,0,0,0,68.37764695303828,3.3776469530382798
2017-06-10 01:00:00,1,60,0,0,0,55.877338847425044,4.122661152574956
2017-06-10 01:00:00,3,14,0,0,0,11.371992549108976,2.6280074508910243
2017-06-10 01:00:00,4,8,0,0,0,5.326921905534467,2.6730780944655326
2017-06-10 01:00:00,2,26,0,0,0,23.252755035105316,2.7472449648946835
2017-06-10 02:00:00,4,2,0,0,0,5.374592011535972,3.374592011535972
2017-06-10 02:00:00,3,10,0,0,0,10.795203659651763,0.7952036596517633
2017-06-10 02:00:00,1,47,0,0,0,53.32846233632082,6.328462336320818
2017-06-10 02:00:00,2,21,0,0,0,21.821550685137296,0.8215506851372965
2017-06-10 03:00:00,4,3,0,0,0,4.20046051617014,1.20046051617014
2017-06-10 03:00:00,3,9,0,0,0,8.817096934978053,0.18290306502194653
2017-06-10 03:00:00,1,37,0,0,0,41.66847226335628,4.6684722633562785
2017-06-10 03:00:00,2,16,0,0,0,17.99323205268054,1.9932320526805398
2017-06-10 04:00:00,2,13,0,0,0,14.731503269824104,1.7315032698241044
2017-06-10 04:00:00,3,7,0,0,0,7.425676988173752,0.4256769881737519
2017-06-10 04:00:00,1,33,0,0,0,32.12559288867148,0.874407111328523
2017-06-10 04:00:00,4,4,0,0,0,3.841498071900849,0.1585019280991511
2017-06-10 05:00:00,3,4,0,0,0,6.659532840024692,2.659532840024692
2017-06-10 05:00:00,1,29,0,0,0,30.148664652440768,1.1486646524407682
2017-06-10 05:00:00,2,15,0,0,0,12.4079469742465,2.5920530257535006
2017-06-10 05:00:00,4,2,0,0,0,3.3062629288201917,1.3062629288201917
2017-06-10 06:00:00,2,13,0,0,0,14.33885476265964,1.3388547626596399
2017-06-10 06:00:00,4,6,0,0,0,3.749169620040419,2.250830379959581
2017-06-10 06:00:00,1,30,0,0,0,29.723944345831388,0.2760556541686121
2017-06-10 06:00:00,3,6,0,0,0,6.060159121380867,0.060159121380866765
2017-06-10 07:00:00,2,9,0,0,1,14.735337931115563,5.735337931115563
2017-06-10 07:00:00,3,8,0,0,1,6.577783662420166,1.422216337579834
2017-06-10 07:00:00,1,34,0,0,1,32.86421391430757,1.1357860856924304
2017-06-10 07:00:00,4,3,0,0,1,5.060463173585254,2.060463173585254
2017-06-10 08:00:00,3,12,0,0,1,8.224602896151346,3.775397103848654
2017-06-10 08:00:00,1,42,0,0,1,37.66933332353295,4.330666676467047
2017-06-10 08:00:00,2,11,0,0,1,12.55811925689259,1.5581192568925903
2017-06-10 08:00:00,4,3,0,0,1,5.359610174335371,2.359610174335371
2017-06-10 09:00:00,1,41,0,0,1,46.74377358224155,5.743773582241552
2017-06-10 09:00:00,2,13,0,0,1,12.426252749802812,0.5737472501971883
2017-06-10 09:00:00,3,17,0,0,1,12.018400168278681,4.981599831721319
2017-06-10 09:00:00,4,8,0,0,1,6.039008031614328,1.960991968385672
2017-06-10 10:00:00,1,53,0,0,0,46.5793160510465,6.420683948953503
2017-06-10 10:00:00,2,17,0,0,0,13.445880319641628,3.5541196803583723
2017-06-10 10:00:00,4,6,0,0,0,7.797929724430119,1.7979297244301193
2017-06-10 10:00:00,3,15,0,0,0,18.05555489645853,3.0555548964585313
2017-06-10 11:00:00,4,8,0,0,0,7.5188446569615515,0.48115534303844854
2017-06-10 11:00:00,1,58,0,0,0,61.74964418043503,3.749644180435027
2017-06-10 11:00:00,2,19,0,0,0,16.95759718758078,2.042402812419219
2017-06-10 11:00:00,3,15,0,0,0,17.73460580693989,2.7346058069398893
2017-06-10 12:00:00,1,59,0,0,0,59.65547789252828,0.6554778925282818
2017-06-10 12:00:00,4,4,0,0,0,8.579386810180907,4.579386810180907
2017-06-10 12:00:00,3,26,0,0,0,16.48731145506651,9.51268854493349
2017-06-10 12:00:00,2,21,0,0,0,18.12831110818096,2.8716888918190406
2017-06-10 13:00:00,2,19,0,0,0,19.387485236582503,0.3874852365825028
2017-06-10 13:00:00,1,58,0,0,0,55.971601825239304,2.028398174760696
2017-06-10 13:00:00,4,14,0,0,0,6.184258054921348,7.815741945078652
2017-06-10 13:00:00,3,15,0,0,0,22.90734850136815,7.907348501368151
2017-06-10 14:00:00,4,14,0,0,0,10.090057020412212,3.909942979587788
2017-06-10 14:00:00,1,57,0,0,0,58.897550753539385,1.8975507535393845
2017-06-10 14:00:00,2,14,0,0,0,18.562077908125055,4.562077908125055
2017-06-10 14:00:00,3,15,0,0,0,16.9016684444557,1.9016684444557015
2017-06-10 15:00:00,4,10,0,0,0,11.2143615413086,1.2143615413086
2017-06-10 15:00:00,3,16,0,0,0,16.628427304138174,0.6284273041381745
2017-06-10 15:00:00,2,15,0,0,0,16.22217674553223,1.2221767455322308
2017-06-10 15:00:00,1,51,0,0,0,57.05104670794939,6.051046707949389
2017-06-10 16:00:00,4,9,0,0,0,11.217697997528077,2.2176979975280773
2017-06-10 16:00:00,2,19,0,0,0,15.553422719868628,3.446577280131372
2017-06-10 16:00:00,1,53,0,0,0,50.759829278399614,2.2401707216003857
2017-06-10 16:00:00,3,15,0,0,0,16.21837756823331,1.2183775682333113
2017-06-10 17:00:00,4,12,0,0,1,9.401526833935298,2.598473166064702
2017-06-10 17:00:00,2,17,0,0,1,17.91948253073156,0.9194825307315604
2017-06-10 17:00:00,1,57,0,0,1,52.665292457144304,4.334707542855696
2017-06-10 17:00:00,3,17,0,0,1,16.062155573477423,0.9378444265225774
2017-06-10 18:00:00,1,57,0,0,1,60.23497824460446,3.234978244604463
2017-06-10 18:00:00,2,16,0,0,1,18.64120033928741,2.6412003392874084
2017-06-10 18:00:00,4,7,0,0,1,10.446321212130217,3.4463212121302167
2017-06-10 18:00:00,3,15,0,0,1,17.56884327740229,2.5688432774022907
2017-06-10 19:00:00,3,15,0,0,1,17.44471055611255,2.4447105561125504
2017-06-10 19:00:00,4,11,0,0,1,9.22423283287212,1.7757671671278796
2017-06-10 19:00:00,1,58,0,0,1,61.42542171334408,3.425421713344079
2017-06-10 19:00:00,2,21,0,0,1,18.73306646637633,2.2669335336236713
2017-06-10 20:00:00,1,65,0,0,0,58.4460080923672,6.553991907632799
2017-06-10 20:00:00,3,17,0,0,0,17.045255022890007,0.04525502289000727
2017-06-10 20:00:00,4,8,0,0,0,10.370763477039262,2.3707634770392616
2017-06-10 20:00:00,2,16,0,0,0,20.894851601162095,4.894851601162095
2017-06-10 21:00:00,1,60,0,0,0,63.19920007837741,3.199200078377409
2017-06-10 21:00:00,4,6,0,0,0,8.501642196421576,2.5016421964215763
2017-06-10 21:00:00,2,15,0,0,0,17.097439477884997,2.097439477884997
2017-06-10 21:00:00,3,15,0,0,0,16.358048149041533,1.358048149041533
2017-06-10 22:00:00,3,17,0,0,0,15.772504701997377,1.2274952980026228
2017-06-10 22:00:00,4,10,0,0,0,8.066674374199446,1.9333256258005544
2017-06-10 22:00:00,2,20,0,0,0,16.638756621961857,3.361243378038143
2017-06-10 22:00:00,1,61,0,0,0,58.17010008492247,2.829899915077533
2017-06-10 23:00:00,3,16,0,0,0,16.30967974337713,0.30967974337713144
2017-06-10 23:00:00,4,12,0,0,0,8.952604309136637,3.047395690863363
2017-06-10 23:00:00,2,17,0,0,0,18.330852686368264,1.3308526863682637
2017-06-10 23:00:00,1,58,0,0,0,57.74662567773445,0.25337432226555023
2017-06-11 00:00:00,3,13,0,0,0,13.705453654026215,0.7054536540262148
2017-06-11 00:00:00,1,54,0,0,0,51.353966738102464,2.6460332618975357
2017-06-11 00:00:00,4,6,0,0,0,8.428622939446017,2.428622939446017
2017-06-11 00:00:00,2,19,0,0,0,16.241876158902635,2.7581238410973654
2017-06-11 01:00:00,1,44,0,0,0,46.66275894111636,2.6627589411163584
2017-06-11 01:00:00,4,5,0,0,0,5.956591813392815,0.9565918133928148
2017-06-11 01:00:00,3,6,0,0,0,10.610370121132357,4.610370121132357
2017-06-11 01:00:00,2,16,0,0,0,16.289177453547683,0.2891774535476834
2017-06-11 02:00:00,4,5,0,0,0,5.155530130927902,0.15553013092790202
2017-06-11 02:00:00,3,5,0,0,0,7.61426559215386,2.61426559215386
2017-06-11 02:00:00,1,35,0,0,0,38.5420259819867,3.542025981986697
2017-06-11 02:00:00,2,12,0,0,0,14.321136931427596,2.3211369314275956
2017-06-11 03:00:00,3,9,0,0,0,6.133311393334339,2.8666886066656607
2017-06-11 03:00:00,2,14,0,0,0,11.470532902988689,2.5294670970113113
2017-06-11 03:00:00,1,32,0,0,0,30.953062612154778,1.0469373878452224
2017-06-11 03:00:00,4,5,0,0,0,4.270245495869098,0.7297545041309021
2017-06-11 04:00:00,4,5,0,0,0,4.046101999639813,0.9538980003601871
2017-06-11 04:00:00,3,5,0,0,0,5.805964248916588,0.8059642489165881
2017-06-11 04:00:00,1,24,0,0,0,28.447058570532654,4.447058570532654
2017-06-11 04:00:00,2,14,0,0,0,11.305896100508537,2.694103899491463
2017-06-11 05:00:00,4,6,0,0,0,4.046101999639813,1.9538980003601871
2017-06-11 05:00:00,2,13,0,0,0,11.388317514913957,1.6116824850860425
2017-06-11 05:00:00,3,4,0,0,0,5.64578842378732,1.6457884237873204
2017-06-11 05:00:00,1,27,0,0,0,23.178628394307385,3.8213716056926152
2017-06-11 06:00:00,3,4,0,0,0,5.767138415324882,1.7671384153248821
2017-06-11 06:00:00,2,11,0,0,0,12.677857105437806,1.6778571054378055
2017-06-11 06:00:00,1,28,0,0,0,28.27366699078899,0.27366699078898904
2017-06-11 06:00:00,4,6,0,0,0,4.750402663879339,1.2495973361206607
2017-06-11 07:00:00,4,4,0,0,1,5.924460466984908,1.9244604669849084
2017-06-11 07:00:00,3,7,0,0,1,5.745452440592153,1.2545475594078468
2017-06-11 07:00:00,2,13,0,0,1,13.362204449842851,0.36220444984285116
2017-06-11 07:00:00,1,31,0,0,1,30.56633633084797,0.43366366915202903
2017-06-11 08:00:00,3,8,0,0,1,7.148240717904903,0.851759282095097
2017-06-11 08:00:00,2,14,0,0,1,13.966461817726206,0.03353818227379435
2017-06-11 08:00:00,1,38,0,0,1,33.677594302011244,4.322405697988756
2017-06-11 08:00:00,4,7,0,0,1,5.962926070198798,1.0370739298012017
2017-06-11 09:00:00,3,9,0,0,1,8.71269181626756,0.28730818373244027
2017-06-11 09:00:00,2,11,0,0,1,15.644887828173056,4.644887828173056
2017-06-11 09:00:00,4,6,0,0,1,7.475538644832903,1.4755386448329029
2017-06-11 09:00:00,1,44,0,0,1,43.44502470527291,0.5549752947270932
2017-06-11 10:00:00,3,11,0,0,0,11.11871816154065,0.11871816154065051
2017-06-11 10:00:00,2,11,0,0,0,14.350566323481534,3.3505663234815337
2017-06-11 10:00:00,4,6,0,0,0,7.612895920657208,1.6128959206572082
2017-06-11 10:00:00,1,50,0,0,0,46.901515434586415,3.0984845654135853
2017-06-11 11:00:00,3,9,0,0,0,11.870399531391278,2.8703995313912785
2017-06-11 11:00:00,2,17,0,0,0,13.721551959751196,3.2784480402488043
2017-06-11 11:00:00,4,7,0,0,0,7.6936454507705925,0.6936454507705925
2017-06-11 11:00:00,1,55,0,0,0,56.4328929468879,1.4328929468878968
2017-06-11 12:00:00,3,17,0,0,0,11.186520639893242,5.813479360106758
2017-06-11 12:00:00,2,14,0,0,0,16.16649407641135,2.1664940764113503
2017-06-11 12:00:00,4,8,0,0,0,7.755229491640513,0.24477050835948688
2017-06-11 12:00:00,1,58,0,0,0,56.72004130339189,1.2799586966081122
2017-06-11 13:00:00,1,53,0,0,0,55.00576737227333,2.0057673722733327
2017-06-11 13:00:00,2,16,0,0,0,14.291459665414907,1.7085403345850931
2017-06-11 13:00:00,4,6,0,0,0,7.462404946195273,1.4624049461952726
2017-06-11 13:00:00,3,13,0,0,0,14.370576961581902,1.370576961581902
2017-06-11 14:00:00,1,50,0,0,0,53.46634288601806,3.4663428860180616
2017-06-11 14:00:00,3,9,0,0,0,14.073099257729927,5.073099257729927
2017-06-11 14:00:00,4,5,0,0,0,7.216733660725591,2.216733660725591
2017-06-11 14:00:00,2,16,0,0,0,16.122839676015587,0.12283967601558743
2017-06-11 15:00:00,4,7,0,0,0,6.632228709849894,0.367771290150106
2017-06-11 15:00:00,2,17,0,0,0,16.42039983770088,0.5796001622991191
2017-06-11 15:00:00,1,50,0,0,0,49.41551516487157,0.5844848351284284
2017-06-11 15:00:00,3,11,0,0,0,12.233555686882013,1.2335556868820134
2017-06-11 16:00:00,3,12,0,0,0,11.204789319223627,0.795210680776373
2017-06-11 16:00:00,2,17,0,0,0,16.820244494511314,0.17975550548868569
2017-06-11 16:00:00,1,54,0,0,0,49.208206578783795,4.791793421216205
2017-06-11 16:00:00,4,9,0,0,0,7.0470578814025115,1.9529421185974885
2017-06-11 17:00:00,3,11,0,0,1,11.652482917804411,0.6524829178044111
2017-06-11 17:00:00,2,19,0,0,1,17.452051115323357,1.547948884676643
2017-06-11 17:00:00,4,9,0,0,1,7.93086212004914,1.0691378799508602
2017-06-11 17:00:00,1,51,0,0,1,53.55737114839959,2.5573711483995893
2017-06-11 18:00:00,3,13,0,0,1,11.829020690991538,1.1709793090084624
2017-06-11 18:00:00,1,66,0,0,1,54.593456353082715,11.406543646917285
2017-06-11 18:00:00,4,7,0,0,1,8.617552027023418,1.617552027023418
2017-06-11 18:00:00,2,21,0,0,1,19.3655136537891,1.634486346210899
2017-06-11 19:00:00,4,11,0,0,1,8.74447713591935,2.2555228640806497
2017-06-11 19:00:00,3,10,0,0,1,13.75920723346067,3.7592072334606694
2017-06-11 19:00:00,1,75,0,0,1,71.98451635380488,3.015483646195122
2017-06-11 19:00:00,2,25,0,0,1,21.339519564961595,3.660480435038405
2017-06-11 20:00:00,3,13,0,0,0,12.248315423847867,0.7516845761521331
2017-06-11 20:00:00,4,8,0,0,0,9.978581194259595,1.9785811942595952
2017-06-11 20:00:00,1,75,0,0,0,76.89621083137844,1.8962108313784398
2017-06-11 20:00:00,2,17,0,0,0,25.182058629741732,8.182058629741732
2017-06-11 21:00:00,3,14,0,0,0,12.890439931911951,1.109560068088049
2017-06-11 21:00:00,4,8,0,0,0,8.473135585785537,0.4731355857855366
2017-06-11 21:00:00,1,71,0,0,0,74.96736763583444,3.967367635834435
2017-06-11 21:00:00,2,20,0,0,0,18.58371532371818,1.416284676281819
2017-06-11 22:00:00,4,7,0,0,0,8.669054184568013,1.6690541845680134
2017-06-11 22:00:00,3,15,0,0,0,13.61826022626032,1.38173977373968
2017-06-11 22:00:00,1,69,0,0,0,68.89157413933988,0.10842586066011961
2017-06-11 22:00:00,2,23,0,0,0,19.764895972919703,3.235104027080297
2017-06-11 23:00:00,2,17,0,0,0,22.35489659036598,5.354896590365978
2017-06-11 23:00:00,1,70,0,0,0,64.00593617280906,5.994063827190942
2017-06-11 23:00:00,3,11,0,0,0,14.206124657094064,3.2061246570940636
2017-06-11 23:00:00,4,8,0,0,0,7.942532331536015,0.05746766846398543
2017-06-12 00:00:00,2,18,0,1,0,17.4714666144666,0.5285333855334002
2017-06-12 00:00:00,1,59,0,1,0,63.24457980657228,4.244579806572283
2017-06-12 00:00:00,3,10,0,1,0,11.017031878944488,1.017031878944488
2017-06-12 00:00:00,4,4,0,1,0,6.496509254659383,2.496509254659383
2017-06-12 01:00:00,2,16,0,1,0,15.740374775519323,0.2596252244806774
2017-06-12 01:00:00,3,9,0,1,0,8.482689426045566,0.5173105739544344
2017-06-12 01:00:00,1,46,0,1,0,53.20689640775882,7.206896407758819
2017-06-12 01:00:00,4,5,0,1,0,4.951609883116685,0.04839011688331496
2017-06-12 02:00:00,3,5,0,1,0,7.543180372454643,2.5431803724546427
2017-06-12 02:00:00,1,38,0,1,0,43.53229147130285,5.532291471302848
2017-06-12 02:00:00,4,3,0,1,0,4.755949350063919,1.7559493500639194
2017-06-12 02:00:00,2,15,0,1,0,14.436831503466385,0.5631684965336152
2017-06-12 03:00:00,2,15,0,1,0,13.291787213408885,1.7082127865911154
2017-06-12 03:00:00,1,40,0,1,0,35.19712661661137,4.802873383388629
2017-06-12 03:00:00,3,8,0,1,0,6.661290547787709,1.3387094522122913
2017-06-12 03:00:00,4,4,0,1,0,4.0081608954011285,0.00816089540112852
2017-06-12 04:00:00,4,3,0,1,0,4.0081608954011285,1.0081608954011285
2017-06-12 04:00:00,3,7,0,1,0,6.156745550308065,0.8432544496919352
2017-06-12 04:00:00,2,12,0,1,0,12.945618175365146,0.945618175365146
2017-06-12 04:00:00,1,33,0,1,0,35.76450551217655,2.764505512176548
2017-06-12 05:00:00,3,6,0,1,0,5.941558904016581,0.058441095983418734
2017-06-12 05:00:00,1,33,0,1,0,30.844856038610573,2.1551439613894274
2017-06-12 05:00:00,4,4,0,1,0,3.6466581813798276,0.35334181862017244
2017-06-12 05:00:00,2,15,0,1,0,10.991232636519879,4.008767363480121
2017-06-12 06:00:00,4,2,0,1,0,4.332729915174961,2.332729915174961
2017-06-12 06:00:00,1,40,0,1,0,35.692511964503275,4.307488035496725
2017-06-12 06:00:00,2,15,0,1,0,13.858208428646847,1.1417915713531528
2017-06-12 06:00:00,3,7,0,1,0,6.690683841585041,0.3093161584149593
2017-06-12 07:00:00,4,4,0,1,1,4.7406568278244885,0.7406568278244885
2017-06-12 07:00:00,1,50,0,1,1,44.707449699114754,5.292550300885246
2017-06-12 07:00:00,3,8,0,1,1,7.752194121118011,0.24780587888198902
2017-06-12 07:00:00,2,15,0,1,1,15.888049687609614,0.8880496876096142
2017-06-12 08:00:00,3,11,0,1,1,9.135756700616046,1.8642432993839542
2017-06-12 08:00:00,1,56,0,1,1,55.798230370480184,0.20176962951981636
2017-06-12 08:00:00,4,6,0,1,1,5.34484738357871,0.6551526164212902
2017-06-12 08:00:00,2,18,0,1,1,16.715109054953455,1.2848909450465449
2017-06-12 09:00:00,3,16,0,1,1,12.078556750048588,3.9214432499514125
2017-06-12 09:00:00,1,70,0,1,1,65.60708240603176,4.392917593968235
2017-06-12 09:00:00,4,6,0,1,1,6.948787463405535,0.9487874634055347
2017-06-12 09:00:00,2,24,0,1,1,19.38480584314944,4.61519415685056
2017-06-12 10:00:00,1,90,0,1,0,79.95647593172943,10.043524068270571
2017-06-12 10:00:00,2,30,0,1,0,26.248179352328872,3.7518206476711278
2017-06-12 10:00:00,4,7,0,1,0,8.05090549962036,1.0509054996203595
2017-06-12 10:00:00,3,20,0,1,0,17.902579157006883,2.0974208429931167
2017-06-12 11:00:00,1,117,0,1,0,93.32480713194258,23.675192868057422
2017-06-12 11:00:00,2,35,0,1,0,32.60750722955271,2.3924927704472907
2017-06-12 11:00:00,4,7,0,1,0,9.030700015847756,2.0307000158477564
2017-06-12 11:00:00,3,24,0,1,0,21.00986731244214,2.9901326875578604
2017-06-12 12:00:00,4,13,0,1,0,8.726126735838305,4.273873264161695
2017-06-12 12:00:00,2,31,0,1,0,34.6738508505583,3.6738508505583027
2017-06-12 12:00:00,1,122,0,1,0,98.24059984433518,23.75940015566482
2017-06-12 12:00:00,3,30,0,1,0,23.956062630233948,6.043937369766052
2017-06-12 13:00:00,1,106,0,1,0,95.19838126315571,10.80161873684429
2017-06-12 13:00:00,3,28,0,1,0,27.623646493052828,0.3763535069471722
2017-06-12 13:00:00,4,8,0,1,0,10.22037845383544,2.2203784538354405
2017-06-12 13:00:00,2,32,0,1,0,29.647128683795064,2.3528713162049364
2017-06-12 14:00:00,2,40,0,1,0,32.93601992664037,7.06398007335963
2017-06-12 14:00:00,3,24,0,1,0,27.56995743538087,3.5699574353808714
2017-06-12 14:00:00,1,116,0,1,0,106.06770948423555,9.93229051576445
2017-06-12 14:00:00,4,13,0,1,0,9.679104387561438,3.3208956124385622
2017-06-12 15:00:00,2,47,0,1,0,39.95836598804997,7.0416340119500305
2017-06-12 15:00:00,4,10,0,1,0,11.432439483765995,1.4324394837659948
2017-06-12 15:00:00,3,28,0,1,0,24.525140019407726,3.4748599805922744
2017-06-12 15:00:00,1,119,0,1,0,100.34508335806105,18.654916641938954
2017-06-12 16:00:00,4,16,0,1,0,10.375363836255175,5.624636163744825
2017-06-12 16:00:00,1,115,0,1,0,99.11886897348407,15.88113102651593
2017-06-12 16:00:00,2,40,0,1,0,47.78253474133709,7.782534741337088
2017-06-12 16:00:00,3,21,0,1,0,26.400147561966296,5.400147561966296
2017-06-12 17:00:00,2,38,0,1,1,39.96023898453152,1.9602389845315216
2017-06-12 17:00:00,3,22,0,1,1,20.6177816851247,1.3822183148752991
2017-06-12 17:00:00,4,11,0,1,1,13.329585419133922,2.329585419133922
2017-06-12 17:00:00,1,111,0,1,1,103.33836910429018,7.66163089570982
2017-06-12 18:00:00,3,18,0,1,1,21.721227600742612,3.721227600742612
2017-06-12 18:00:00,2,40,0,1,1,38.83875374102624,1.1612462589737618
2017-06-12 18:00:00,4,9,0,1,1,12.193037946039103,3.1930379460391034
2017-06-12 18:00:00,1,114,0,1,1,108.06451833476153,5.93548166523847
2017-06-12 19:00:00,1,120,0,1,1,109.61624806760439,10.383751932395612
2017-06-12 19:00:00,4,10,0,1,1,10.294816894072044,0.2948168940720439
2017-06-12 19:00:00,3,21,0,1,1,19.32138797312074,1.6786120268792608
2017-06-12 19:00:00,2,42,0,1,1,41.904835717271936,0.09516428272806365
2017-06-12 20:00:00,3,18,0,1,0,20.76290539440503,2.7629053944050312
2017-06-12 20:00:00,4,7,0,1,0,9.569586726221832,2.569586726221832
2017-06-12 20:00:00,2,37,0,1,0,42.04332274303578,5.04332274303578
2017-06-12 20:00:00,1,107,0,1,0,100.48456312631805,6.515436873681949
2017-06-12 21:00:00,1,105,0,1,0,95.84980464183283,9.150195358167167
2017-06-12 21:00:00,2,40,0,1,0,34.930766137873704,5.069233862126296
2017-06-12 21:00:00,3,21,0,1,0,17.432868138721158,3.567131861278842
2017-06-12 21:00:00,4,8,0,1,0,8.139157627463389,0.13915762746338878
2017-06-12 22:00:00,3,14,0,1,0,19.897966800910876,5.897966800910876
2017-06-12 22:00:00,4,11,0,1,0,8.487994613880572,2.5120053861194283
2017-06-12 22:00:00,1,94,0,1,0,92.2571908307929,1.7428091692071064
2017-06-12 22:00:00,2,40,0,1,0,38.7718030080105,1.228196991989499
2017-06-12 23:00:00,1,91,0,1,0,83.92180262596433,7.078197374035668
2017-06-12 23:00:00,4,11,0,1,0,9.04562243601483,1.9543775639851706
2017-06-12 23:00:00,2,35,0,1,0,36.511023418223736,1.5110234182237363
2017-06-12 23:00:00,3,17,0,1,0,15.407977209498098,1.5920227905019022
2017-06-13 00:00:00,4,8,0,1,0,8.816039782949476,0.8160397829494759
2017-06-13 00:00:00,1,81,0,1,0,82.96514994045772,1.9651499404577208
2017-06-13 00:00:00,2,35,0,1,0,31.349623963406643,3.6503760365933573
2017-06-13 00:00:00,3,15,0,1,0,14.44336549388897,0.5566345061110294
2017-06-13 01:00:00,3,10,0,1,0,11.769049367965854,1.769049367965854
2017-06-13 01:00:00,1,75,0,1,0,67.95425705159931,7.045742948400687
2017-06-13 01:00:00,2,28,0,1,0,30.076872170472168,2.0768721704721678
2017-06-13 01:00:00,4,9,0,1,0,6.643185034222945,2.3568149657770547
2017-06-13 02:00:00,2,24,0,1,0,23.70351908907716,0.29648091092283835
2017-06-13 02:00:00,4,4,0,1,0,6.224539413183072,2.224539413183072
2017-06-13 02:00:00,3,11,0,1,0,9.153111032681972,1.8468889673180282
2017-06-13 02:00:00,1,60,0,1,0,64.84354170691445,4.843541706914451
2017-06-13 03:00:00,2,21,0,1,0,20.710937174734237,0.28906282526576277
2017-06-13 03:00:00,1,50,0,1,0,54.41474474249133,4.4147447424913295
2017-06-13 03:00:00,4,3,0,1,0,5.327763506809597,2.327763506809597
2017-06-13 03:00:00,3,11,0,1,0,8.71444150149343,2.2855584985065693
2017-06-13 04:00:00,1,44,0,1,0,46.027974257818265,2.027974257818265
2017-06-13 04:00:00,2,20,0,1,0,17.95276155784477,2.04723844215523
2017-06-13 04:00:00,4,2,0,1,0,4.351223123633905,2.351223123633905
2017-06-13 04:00:00,3,11,0,1,0,8.745682720351775,2.254317279648225
2017-06-13 05:00:00,1,39,0,1,0,39.376382441189094,0.3763824411890937
2017-06-13 05:00:00,2,16,0,1,0,17.90357046540629,1.9035704654062897
2017-06-13 05:00:00,4,5,0,1,0,3.542689072234146,1.457310927765854
2017-06-13 05:00:00,3,6,0,1,0,8.745682720351775,2.745682720351775
2017-06-13 06:00:00,2,17,0,1,0,17.59019973337028,0.5901997333702802
2017-06-13 06:00:00,3,7,0,1,0,7.809332960450101,0.8093329604501012
2017-06-13 06:00:00,1,50,0,1,0,41.37804555350411,8.621954446495891
2017-06-13 06:00:00,4,6,0,1,0,4.3220103638266805,1.6779896361733195
2017-06-13 07:00:00,3,12,0,1,1,8.669181083440218,3.3308189165597817
2017-06-13 07:00:00,1,55,0,1,1,51.5364676864893,3.4635323135106972
2017-06-13 07:00:00,2,21,0,1,1,19.49104715910586,1.508952840894139
2017-06-13 07:00:00,4,7,0,1,1,5.459790989589446,1.5402090104105541
2017-06-13 08:00:00,3,11,0,1,1,11.33480254076277,0.3348025407627695
2017-06-13 08:00:00,1,63,0,1,1,56.7312320355825,6.268767964417499
2017-06-13 08:00:00,2,20,0,1,1,21.254018957537394,1.2540189575373937
2017-06-13 08:00:00,4,3,0,1,1,7.558256348729598,4.558256348729598
2017-06-13 09:00:00,1,70,0,1,1,69.2391754687557,0.760824531244296
2017-06-13 09:00:00,4,8,0,1,1,7.239593126087645,0.7604068739123546
2017-06-13 09:00:00,3,16,0,1,1,13.499394603060278,2.500605396939722
2017-06-13 09:00:00,2,20,0,1,1,22.117666269013974,2.1176662690139736
2017-06-13 10:00:00,1,93,0,1,0,79.12606704376057,13.873932956239429
2017-06-13 10:00:00,2,32,0,1,0,23.118047185023492,8.881952814976508
2017-06-13 10:00:00,4,7,0,1,0,9.44041923595153,2.4404192359515307
2017-06-13 10:00:00,3,22,0,1,0,18.327940737705774,3.6720592622942263
2017-06-13 11:00:00,3,22,0,1,0,23.01152522451433,1.0115252245143296
2017-06-13 11:00:00,1,115,0,1,0,92.75243797742257,22.247562022577426
2017-06-13 11:00:00,4,8,0,1,0,9.17132249886042,1.1713224988604196
2017-06-13 11:00:00,2,36,0,1,0,36.450888167959654,0.45088816795965414
2017-06-13 12:00:00,4,10,0,1,0,9.57014847756685,0.4298515224331503
2017-06-13 12:00:00,2,45,0,1,0,34.62899941929742,10.371000580702578
2017-06-13 12:00:00,1,117,0,1,0,97.52998422508995,19.470015774910053
2017-06-13 12:00:00,3,22,0,1,0,21.938618258865333,0.06138174113466732
2017-06-13 13:00:00,2,34,0,1,0,41.84166810976182,7.8416681097618195
2017-06-13 13:00:00,4,9,0,1,0,9.070840794657865,0.0708407946578653
2017-06-13 13:00:00,1,102,0,1,0,95.11850461230864,6.881495387691359
2017-06-13 13:00:00,3,27,0,1,0,21.18554982426747,5.8144501757325315
2017-06-13 14:00:00,1,116,0,1,0,104.35456701729798,11.645432982702019
2017-06-13 14:00:00,2,42,0,1,0,34.7001143687802,7.2998856312198015
2017-06-13 14:00:00,3,26,0,1,0,26.825117374057417,0.8251173740574167
2017-06-13 14:00:00,4,12,0,1,0,9.471384095744531,2.528615904255469
2017-06-13 15:00:00,4,10,0,1,0,10.84843101233581,0.8484310123358103
2017-06-13 15:00:00,2,38,0,1,0,42.36914666284004,4.369146662840038
2017-06-13 15:00:00,1,106,0,1,0,101.23085001091617,4.769149989083829
2017-06-13 15:00:00,3,22,0,1,0,25.209185241072404,3.2091852410724044
2017-06-13 16:00:00,3,20,0,1,0,21.540143562909336,1.5401435629093356
2017-06-13 16:00:00,4,14,0,1,0,10.137788765449635,3.862211234550365
2017-06-13 16:00:00,2,42,0,1,0,37.590083283389404,4.409916716610596
2017-06-13 16:00:00,1,107,0,1,0,99.36488069144622,7.635119308553783
2017-06-13 17:00:00,1,105,0,1,1,103.01481153236833,1.985188467631673
2017-06-13 17:00:00,3,25,0,1,1,19.854765130479464,5.145234869520536
2017-06-13 17:00:00,4,11,0,1,1,11.661715115619048,0.6617151156190477
2017-06-13 17:00:00,2,47,0,1,1,43.028969051969526,3.9710309480304744
2017-06-13 18:00:00,3,112,0,1,1,24.75767229732479,87.24232770267521
2017-06-13 18:00:00,4,19,0,1,1,10.958978012301625,8.041021987698375
2017-06-13 18:00:00,2,41,0,1,1,49.33650237276759,8.33650237276759
2017-06-13 18:00:00,1,119,0,1,1,104.39289753394446,14.607102466055537
2017-06-13 19:00:00,1,114,0,1,1,109.94433849830874,4.055661501691262
2017-06-13 19:00:00,4,13,0,1,1,15.891276787488634,2.891276787488634
2017-06-13 19:00:00,2,48,0,1,1,41.65353775307179,6.346462246928212
2017-06-13 19:00:00,3,69,0,1,1,112.02884296909508,43.02884296909508
2017-06-13 20:00:00,2,48,0,1,0,48.92400158095201,0.9240015809520088
2017-06-13 20:00:00,4,7,0,1,0,13.785764239618029,6.785764239618029
2017-06-13 20:00:00,1,110,0,1,0,100.60116809066248,9.398831909337517
2017-06-13 20:00:00,3,44,0,1,0,69.24000598737565,25.240005987375653
2017-06-13 21:00:00,4,10,0,1,0,10.375496303696755,0.3754963036967549
2017-06-13 21:00:00,2,41,0,1,0,45.81543408973619,4.815434089736193
2017-06-13 21:00:00,1,98,0,1,0,96.1878053395887,1.8121946604112935
2017-06-13 21:00:00,3,39,0,1,0,35.80816898184369,3.191831018156307
2017-06-13 22:00:00,4,10,0,1,0,9.601159250039371,0.39884074996062857
2017-06-13 22:00:00,2,38,0,1,0,39.0166533664555,1.0166533664555004
2017-06-13 22:00:00,1,96,0,1,0,90.94724208084448,5.052757919155525
2017-06-13 22:00:00,3,31,0,1,0,33.28023972006758,2.280239720067577
2017-06-13 23:00:00,2,33,0,1,0,35.710628316568155,2.7106283165681546
2017-06-13 23:00:00,4,7,0,1,0,8.928922663875907,1.9289226638759072
2017-06-13 23:00:00,1,90,0,1,0,84.51358532712509,5.486414672874915
2017-06-13 23:00:00,3,30,0,1,0,29.27349235039087,0.726507649609129
2017-06-14 00:00:00,1,84,0,1,0,83.4150861089575,0.584913891042504
2017-06-14 00:00:00,2,36,0,1,0,31.55761190227796,4.442388097722041
2017-06-14 00:00:00,3,22,0,1,0,27.622678209355275,5.622678209355275
2017-06-14 00:00:00,4,7,0,1,0,7.118146518830655,0.11814651883065519
2017-06-14 01:00:00,2,32,0,1,0,30.385281254468598,1.6147187455314018
2017-06-14 01:00:00,4,6,0,1,0,5.911889992443159,0.08811000755684084
2017-06-14 01:00:00,1,73,0,1,0,75.3507775069609,2.3507775069608954
2017-06-14 01:00:00,3,16,0,1,0,15.804633884920351,0.19536611507964885
2017-06-14 02:00:00,2,25,0,1,0,27.784880934527493,2.784880934527493
2017-06-14 02:00:00,4,6,0,1,0,5.12298320139032,0.87701679860968
2017-06-14 02:00:00,1,55,0,1,0,63.908682957945175,8.908682957945175
2017-06-14 02:00:00,3,13,0,1,0,12.724796262741322,0.2752037372586784
2017-06-14 03:00:00,2,25,0,1,0,21.3156406467816,3.684359353218401
2017-06-14 03:00:00,1,49,0,1,0,47.733709463755204,1.2662905362447958
2017-06-14 03:00:00,3,14,0,1,0,10.939319747667026,3.0606802523329737
2017-06-14 03:00:00,4,4,0,1,0,4.973147875008879,0.9731478750088787
2017-06-14 04:00:00,3,9,0,1,0,10.912838996999378,1.912838996999378
2017-06-14 04:00:00,4,3,0,1,0,4.437542852948063,1.437542852948063
2017-06-14 04:00:00,2,17,0,1,0,21.29688805481709,4.296888054817089
2017-06-14 04:00:00,1,39,0,1,0,46.027974257818265,7.027974257818265
2017-06-14 05:00:00,3,10,0,1,0,8.406613387069415,1.5933866129305851
2017-06-14 05:00:00,4,5,0,1,0,4.121834803720557,0.8781651962794426
2017-06-14 05:00:00,2,15,0,1,0,17.166366057380102,2.1663660573801025
2017-06-14 05:00:00,1,45,0,1,0,35.7970754772446,9.202924522755403
2017-06-14 06:00:00,4,3,0,1,0,4.59733927698602,1.5973392769860197
2017-06-14 06:00:00,2,14,0,1,0,16.922171372580102,2.9221713725801024
2017-06-14 06:00:00,1,46,0,1,0,45.36753428882139,0.632465711178611
2017-06-14 06:00:00,3,13,0,1,0,9.538854059070324,3.4611459409296756
2017-06-14 07:00:00,2,20,0,1,1,16.51680095613221,3.4831990438677884
2017-06-14 07:00:00,3,17,0,1,1,12.71104633692874,4.2889536630712595
2017-06-14 07:00:00,4,5,0,1,1,5.038563215274273,0.03856321527427298
2017-06-14 07:00:00,1,55,0,1,1,49.63964361604455,5.360356383955448
2017-06-14 08:00:00,1,58,0,1,1,56.463352692584394,1.5366473074156062
2017-06-14 08:00:00,2,21,0,1,1,19.625124570009927,1.3748754299900732
2017-06-14 08:00:00,4,8,0,1,1,6.028503719336193,1.971496280663807
2017-06-14 08:00:00,3,20,0,1,1,17.290862426789467,2.7091375732105334
2017-06-14 09:00:00,1,69,0,1,1,66.1653800805181,2.834619919481895
2017-06-14 09:00:00,2,25,0,1,1,22.50811585814966,2.4918841418503384
2017-06-14 09:00:00,4,6,0,1,1,8.16477035672696,2.16477035672696
2017-06-14 09:00:00,3,26,0,1,1,21.940874390433926,4.059125609566074
2017-06-14 10:00:00,2,29,0,1,0,27.785802324435757,1.2141976755642432
2017-06-14 10:00:00,4,6,0,1,0,8.807735711083076,2.807735711083076
2017-06-14 10:00:00,3,27,0,1,0,29.542945338287275,2.542945338287275
2017-06-14 10:00:00,1,91,0,1,0,78.28152156037527,12.718478439624732
2017-06-14 11:00:00,1,106,0,1,0,91.71967094647687,14.280329053523133
2017-06-14 11:00:00,4,12,0,1,0,8.869549561388391,3.130450438611609
2017-06-14 11:00:00,3,34,0,1,0,30.496183718691043,3.503816281308957
2017-06-14 11:00:00,2,33,0,1,0,31.307977248711595,1.6920227512884054
2017-06-14 12:00:00,3,33,0,1,0,33.286038304203,0.2860383042029966
2017-06-14 12:00:00,2,41,0,1,0,32.47476118217189,8.52523881782811
2017-06-14 12:00:00,1,111,0,1,0,96.0799118390361,14.9200881609639
2017-06-14 12:00:00,4,11,0,1,0,11.445078691130362,0.44507869113036236
2017-06-14 13:00:00,3,30,0,1,0,31.864354470828303,1.864354470828303
2017-06-14 13:00:00,1,95,0,1,0,93.90400387174199,1.0959961282580082
2017-06-14 13:00:00,4,22,0,1,0,10.048963751986623,11.951036248013377
2017-06-14 13:00:00,2,39,0,1,0,39.37224422571119,0.3722442257111922
2017-06-14 14:00:00,3,30,0,1,0,30.457259029898655,0.45725902989865475
2017-06-14 14:00:00,4,17,0,1,0,19.085809877489968,2.085809877489968
2017-06-14 14:00:00,1,109,0,1,0,101.55796037476648,7.4420396252335195
2017-06-14 14:00:00,2,41,0,1,0,39.89986727732609,1.1001327226739122
2017-06-14 15:00:00,1,107,0,1,0,101.0079080049864,5.992091995013595
2017-06-14 15:00:00,4,11,0,1,0,15.80359927578924,4.8035992757892405
2017-06-14 15:00:00,2,44,0,1,0,40.771946107838616,3.228053892161384
2017-06-14 15:00:00,3,29,0,1,0,29.826851687177765,0.8268516871777649
2017-06-14 16:00:00,4,8,0,1,0,13.618867885862489,5.618867885862489
2017-06-14 16:00:00,1,102,0,1,0,99.36488069144622,2.635119308553783
2017-06-14 16:00:00,3,30,0,1,0,27.48416432939959,2.51583567060041
2017-06-14 16:00:00,2,37,0,1,0,42.96142870849585,5.961428708495852
2017-06-14 17:00:00,3,23,0,1,1,29.46163607683485,6.46163607683485
2017-06-14 17:00:00,4,10,0,1,1,10.038097941294692,0.03809794129469246
2017-06-14 17:00:00,1,102,0,1,1,98.60409957446882,3.395900425531181
2017-06-14 17:00:00,2,38,0,1,1,36.84375605720874,1.1562439427912565
2017-06-14 18:00:00,4,13,0,1,1,9.470333253969224,3.5296667460307756
2017-06-14 18:00:00,1,114,0,1,1,102.26781343578614,11.732186564213862
2017-06-14 18:00:00,3,26,0,1,1,23.396595549758498,2.603404450241502
2017-06-14 18:00:00,2,39,0,1,1,39.45348631946932,0.45348631946932016
2017-06-14 19:00:00,4,10,0,1,1,10.704222643567828,0.704222643567828
2017-06-14 19:00:00,1,108,0,1,1,108.91757927740228,0.9175792774022824
2017-06-14 19:00:00,3,21,0,1,1,26.364088455530535,5.364088455530535
2017-06-14 19:00:00,2,44,0,1,1,40.46165104962442,3.5383489503755783
2017-06-14 20:00:00,1,103,0,1,0,100.98817237667596,2.011827623324038
2017-06-14 20:00:00,3,21,0,1,0,21.113801638508352,0.11380163850835245
2017-06-14 20:00:00,4,16,0,1,0,10.415258282143549,5.584741717856451
2017-06-14 20:00:00,2,39,0,1,0,43.99067829007456,4.9906782900745625
2017-06-14 21:00:00,2,37,0,1,0,37.48741871284704,0.4874187128470382
2017-06-14 21:00:00,1,98,0,1,0,94.38245595053358,3.6175440494664173
2017-06-14 21:00:00,4,14,0,1,0,12.66772234326657,1.3322776567334298
2017-06-14 21:00:00,3,23,0,1,0,20.513313913095665,2.486686086904335
2017-06-14 22:00:00,4,10,0,1,0,12.879967265042692,2.8799672650426924
2017-06-14 22:00:00,1,93,0,1,0,90.45804358751143,2.541956412488574
2017-06-14 22:00:00,3,23,0,1,0,22.24371286523268,0.7562871347673195
2017-06-14 22:00:00,2,34,0,1,0,35.58067476319551,1.5806747631955105
2017-06-14 23:00:00,1,86,0,1,0,83.16320251112526,2.836797488874737
2017-06-14 23:00:00,3,19,0,1,0,21.74438115112747,2.7443811511274703
2017-06-14 23:00:00,2,34,0,1,0,32.624681691932324,1.3753183080676763
2017-06-14 23:00:00,4,7,0,1,0,10.945946341082196,3.9459463410821964
2017-06-15 00:00:00,4,10,0,1,0,8.261209623053588,1.7387903769464117
2017-06-15 00:00:00,1,83,0,1,0,80.66456545901696,2.3354345409830444
2017-06-15 00:00:00,2,35,0,1,0,31.142588807588222,3.857411192411778
2017-06-15 00:00:00,3,21,0,1,0,16.959921077400825,4.040078922599175
2017-06-15 01:00:00,4,4,0,1,0,6.622370984438116,2.622370984438116
2017-06-15 01:00:00,2,29,0,1,0,30.11045682358518,1.1104568235851815
2017-06-15 01:00:00,3,14,0,1,0,15.436620285209026,1.4366202852090257
2017-06-15 01:00:00,1,69,0,1,0,69.52475599869372,0.5247559986937205
2017-06-15 02:00:00,2,27,0,1,0,24.41901463557094,2.5809853644290612
2017-06-15 02:00:00,4,6,0,1,0,5.313018816157376,0.6869811838426241
2017-06-15 02:00:00,1,53,0,1,0,58.90241277636799,5.902412776367989
2017-06-15 02:00:00,3,11,0,1,0,11.216131365306744,0.21613136530674382
2017-06-15 03:00:00,2,20,0,1,0,23.40745821666959,3.407458216669589
2017-06-15 03:00:00,1,50,0,1,0,47.63805772918094,2.361942270819057
2017-06-15 03:00:00,3,7,0,1,0,9.854191862235071,2.854191862235071
2017-06-15 03:00:00,4,7,0,1,0,5.021918781423941,1.978081218576059
2017-06-15 04:00:00,2,17,0,1,0,17.910351831128953,0.9103518311289527
2017-06-15 04:00:00,4,5,0,1,0,4.88330407419911,0.11669592580089017
2017-06-15 04:00:00,3,7,0,1,0,7.519484821665576,0.5194848216655759
2017-06-15 04:00:00,1,44,0,1,0,44.72458265527701,0.7245826552770112
2017-06-15 05:00:00,3,10,0,1,0,6.595636782089539,3.4043632179104613
2017-06-15 05:00:00,1,43,0,1,0,38.837520833307806,4.162479166692194
2017-06-15 05:00:00,4,7,0,1,0,4.99866084400575,2.00133915599425
2017-06-15 05:00:00,2,19,0,1,0,16.548386510965578,2.451613489034422
2017-06-15 06:00:00,2,13,0,1,0,18.3253597951842,5.325359795184202
2017-06-15 06:00:00,3,9,0,1,0,8.458466255292908,0.5415337447070918
2017-06-15 06:00:00,1,47,0,1,0,43.87255103058661,3.1274489694133933
2017-06-15 06:00:00,4,6,0,1,0,5.568123583043673,0.43187641695632717
2017-06-15 07:00:00,3,10,0,1,1,9.33870070299018,0.6612992970098208
2017-06-15 07:00:00,2,15,0,1,1,17.288635125025746,2.2886351250257455
2017-06-15 07:00:00,4,3,0,1,1,6.547490395872085,3.547490395872085
2017-06-15 07:00:00,1,51,0,1,1,49.77811272079116,1.2218872792088433
2017-06-15 08:00:00,2,21,0,1,1,16.99291419611773,4.007085803882269
2017-06-15 08:00:00,3,11,0,1,1,11.291902412362255,0.2919024123622549
2017-06-15 08:00:00,1,58,0,1,1,55.356337935540544,2.6436620644594555
2017-06-15 08:00:00,4,7,0,1,1,6.277059781312285,0.7229402186877154
2017-06-15 09:00:00,2,25,0,1,1,21.309563738604435,3.690436261395565
2017-06-15 09:00:00,4,12,0,1,1,7.94122154306476,4.05877845693524
2017-06-15 09:00:00,3,16,0,1,1,12.936762757536737,3.063237242463263
2017-06-15 09:00:00,1,72,0,1,1,66.21782505153496,5.782174948465041
2017-06-15 10:00:00,2,29,0,1,0,27.684574181692955,1.3154258183070446
2017-06-15 10:00:00,4,11,0,1,0,12.923548913578355,1.9235489135783546
2017-06-15 10:00:00,1,90,0,1,0,82.15807790775447,7.841922092245525
2017-06-15 10:00:00,3,23,0,1,0,18.149235906544753,4.850764093455247
2017-06-15 11:00:00,3,26,0,1,0,24.17949700960786,1.8205029903921393
2017-06-15 11:00:00,2,28,0,1,0,31.39257010737987,3.3925701073798713
2017-06-15 11:00:00,4,13,0,1,0,12.692468372641455,0.30753162735854467
2017-06-15 11:00:00,1,115,0,1,0,91.80426380514514,23.19573619485486
2017-06-15 12:00:00,3,28,0,1,0,25.139920136380407,2.8600798636195925
2017-06-15 12:00:00,2,35,0,1,0,27.111369605170598,7.888630394829402
2017-06-15 12:00:00,1,113,0,1,0,96.93304693481309,16.066953065186908
2017-06-15 12:00:00,4,9,0,1,0,13.133112888963053,4.133112888963053
2017-06-15 13:00:00,2,33,0,1,0,33.91705130388905,0.9170513038890533
2017-06-15 13:00:00,1,98,0,1,0,93.7281658793895,4.271834120610507
2017-06-15 13:00:00,3,20,0,1,0,25.903106595848286,5.903106595848286
2017-06-15 13:00:00,4,11,0,1,0,9.859142441505918,1.1408575584940817
2017-06-15 14:00:00,4,8,0,1,0,11.074236472528344,3.0742364725283444
2017-06-15 14:00:00,3,27,0,1,0,20.899303808114784,6.100696191885216
2017-06-15 14:00:00,2,40,0,1,0,33.83967866354647,6.160321336453528
2017-06-15 14:00:00,1,105,0,1,0,103.75338477195123,1.2466152280487677
2017-06-15 15:00:00,1,102,0,1,0,99.3635790211871,2.636420978812893
2017-06-15 15:00:00,4,8,0,1,0,9.304540004645393,1.3045400046453928
2017-06-15 15:00:00,3,25,0,1,0,26.80364371372691,1.8036437137269097
2017-06-15 15:00:00,2,41,0,1,0,39.78394205951829,1.2160579404817113
2017-06-15 16:00:00,3,18,0,1,0,24.125526940190355,6.125526940190355
2017-06-15 16:00:00,1,95,0,1,0,96.94392828250271,1.9439282825027107
2017-06-15 16:00:00,2,38,0,1,0,40.57867765522656,2.5786776552265565
2017-06-15 16:00:00,4,7,0,1,0,8.669757071689471,1.669757071689471
2017-06-15 17:00:00,4,9,0,1,1,7.972130091341005,1.027869908658995
2017-06-15 17:00:00,1,98,0,1,1,95.98863022208499,2.0113697779150073
2017-06-15 17:00:00,3,24,0,1,1,19.05268708368623,4.94731291631377
2017-06-15 17:00:00,2,33,0,1,1,38.49908996210917,5.499089962109167
2017-06-15 18:00:00,3,16,0,1,1,24.252417720344194,8.252417720344194
2017-06-15 18:00:00,4,6,0,1,1,8.749188457076427,2.7491884570764267
2017-06-15 18:00:00,2,35,0,1,1,34.44821772709071,0.5517822729092927
2017-06-15 18:00:00,1,98,0,1,1,101.90909290566927,3.9090929056692687
2017-06-15 19:00:00,2,38,0,1,1,36.657668883135884,1.3423311168641163
2017-06-15 19:00:00,3,20,0,1,1,18.284265575405033,1.7157344245949666
2017-06-15 19:00:00,1,104,0,1,1,98.97829171582896,5.021708284171041
2017-06-15 19:00:00,4,9,0,1,1,7.552782412471774,1.4472175875282263
2017-06-15 20:00:00,2,39,0,1,0,39.58937260851217,0.5893726085121713
2017-06-15 20:00:00,3,25,0,1,0,20.261147456218417,4.738852543781583
2017-06-15 20:00:00,1,103,0,1,0,99.16656608795363,3.833433912046374
2017-06-15 20:00:00,4,6,0,1,0,8.804163145077737,2.8041631450777373
2017-06-15 21:00:00,1,91,0,1,0,94.78779528740743,3.787795287407434
2017-06-15 21:00:00,2,36,0,1,0,37.45342102813109,1.453421028131089
2017-06-15 21:00:00,3,27,0,1,0,23.62802495985395,3.371975040146051
2017-06-15 21:00:00,4,5,0,1,0,7.3491506123256185,2.3491506123256185
2017-06-15 22:00:00,2,30,0,1,0,35.169674461076546,5.169674461076546
2017-06-15 22:00:00,4,7,0,1,0,6.979659469664409,0.02034053033559058
2017-06-15 22:00:00,1,88,0,1,0,87.5786560178341,0.42134398216589375
2017-06-15 22:00:00,3,22,0,1,0,26.05391592157489,4.053915921574891
2017-06-15 23:00:00,3,17,0,1,0,20.715937310362083,3.715937310362083
2017-06-15 23:00:00,1,87,0,1,0,79.94938017087347,7.050619829126532
2017-06-15 23:00:00,4,6,0,1,0,6.951127938514016,0.9511279385140163
2017-06-15 23:00:00,2,35,0,1,0,28.928363308116435,6.071636691883565
2017-06-16 00:00:00,4,4,0,1,0,5.79333664745708,1.79333664745708
2017-06-16 00:00:00,1,80,0,1,0,78.49191062750009,1.50808937249991
2017-06-16 00:00:00,2,31,0,1,0,33.12913169984579,2.129131699845793
2017-06-16 00:00:00,3,16,0,1,0,17.091181942173026,1.0911819421730264
2017-06-16 01:00:00,2,25,0,1,0,25.746136234814923,0.746136234814923
2017-06-16 01:00:00,1,62,0,1,0,66.84351158007347,4.843511580073468
2017-06-16 01:00:00,4,2,0,1,0,4.7081430280484335,2.7081430280484335
2017-06-16 01:00:00,3,10,0,1,0,12.615063033272177,2.615063033272177
2017-06-16 02:00:00,1,56,0,1,0,55.282283339217855,0.7177166607821448
2017-06-16 02:00:00,4,7,0,1,0,3.9942649861289024,3.0057350138710976
2017-06-16 02:00:00,2,29,0,1,0,21.30644707976338,7.69355292023662
2017-06-16 02:00:00,3,10,0,1,0,9.248016070589276,0.7519839294107236
2017-06-16 03:00:00,3,7,0,1,0,8.252795225357566,1.2527952253575663
2017-06-16 03:00:00,4,6,0,1,0,4.486498646227641,1.5135013537723587
2017-06-16 03:00:00,1,47,0,1,0,49.59084488403496,2.590844884034958
2017-06-16 03:00:00,2,20,0,1,0,24.314297135280974,4.314297135280974
2017-06-16 04:00:00,4,5,0,1,0,4.2351980407677585,0.7648019592322415
2017-06-16 04:00:00,3,7,0,1,0,7.117152816189463,0.1171528161894626
2017-06-16 04:00:00,1,40,0,1,0,41.71829735312035,1.7182973531203487
2017-06-16 04:00:00,2,17,0,1,0,17.817568120488236,0.8175681204882359
2017-06-16 05:00:00,3,7,0,1,0,6.53078136762341,0.4692186323765899
2017-06-16 05:00:00,1,38,0,1,0,36.95195374842152,1.0480462515784765
2017-06-16 05:00:00,4,5,0,1,0,4.956285131304798,0.04371486869520158
2017-06-16 05:00:00,2,14,0,1,0,16.573845716976887,2.573845716976887
2017-06-16 06:00:00,3,9,0,1,0,6.744780878828557,2.255219121171443
2017-06-16 06:00:00,2,15,0,1,0,15.693769977887758,0.693769977887758
2017-06-16 06:00:00,4,3,0,1,0,5.01919382786002,2.01919382786002
2017-06-16 06:00:00,1,42,0,1,0,41.13585761537904,0.8641423846209619
2017-06-16 07:00:00,2,18,0,1,1,16.69910842724613,1.3008915727538692
2017-06-16 07:00:00,1,48,0,1,1,45.73272171985432,2.267278280145682
2017-06-16 07:00:00,4,2,0,1,1,5.305906650038676,3.3059066500386756
2017-06-16 07:00:00,3,9,0,1,1,8.711324184944244,0.2886758150557558
2017-06-16 08:00:00,3,14,0,1,1,10.085689745140819,3.9143102548591813
2017-06-16 08:00:00,4,5,0,1,1,5.457144892443849,0.45714489244384904
2017-06-16 08:00:00,1,52,0,1,1,52.91709191464583,0.9170919146458303
2017-06-16 08:00:00,2,16,0,1,1,18.435741347234973,2.4357413472349734
2017-06-16 09:00:00,2,22,0,1,1,19.618253781668606,2.3817462183313935
2017-06-16 09:00:00,3,13,0,1,1,14.79070142543243,1.7907014254324292
2017-06-16 09:00:00,1,68,0,1,1,60.10679430503953,7.893205694960471
2017-06-16 09:00:00,4,8,0,1,1,6.694312728320088,1.3056872716799122
2017-06-16 10:00:00,4,11,0,1,0,8.791813458536177,2.2081865414638226
2017-06-16 10:00:00,1,89,0,1,0,76.18962846419986,12.810371535800144
2017-06-16 10:00:00,3,16,0,1,0,16.79346227730102,0.7934622773010211
2017-06-16 10:00:00,2,28,0,1,0,23.58675155966972,4.413248440330278
2017-06-16 11:00:00,4,8,0,1,0,11.67559616178522,3.6755961617852204
2017-06-16 11:00:00,1,102,0,1,0,87.62024226710663,14.379757732893367
2017-06-16 11:00:00,3,22,0,1,0,17.94623145450744,4.053768545492559
2017-06-16 11:00:00,2,35,0,1,0,30.10266187999315,4.89733812000685
2017-06-16 12:00:00,1,100,0,1,0,90.99271817554504,9.007281824454964
2017-06-16 12:00:00,4,10,0,1,0,10.254459360519512,0.2544593605195118
2017-06-16 12:00:00,2,39,0,1,0,34.63989461932574,4.360105380674263
2017-06-16 12:00:00,3,24,0,1,0,21.42662020164276,2.573379798357241
2017-06-16 13:00:00,4,13,0,1,0,9.3430881669528,3.6569118330472
2017-06-16 13:00:00,3,20,0,1,0,23.30772657616738,3.3077265761673793
2017-06-16 13:00:00,1,95,0,1,0,83.34156751417795,11.658432485822047
2017-06-16 13:00:00,2,30,0,1,0,37.40950393027277,7.40950393027277
2017-06-16 14:00:00,3,18,0,1,0,20.588329820010948,2.588329820010948
2017-06-16 14:00:00,2,37,0,1,0,31.393893827624765,5.606106172375235
2017-06-16 14:00:00,4,9,0,1,0,11.351040255290535,2.3510402552905347
2017-06-16 14:00:00,1,99,0,1,0,96.79554911241824,2.204450887581757
2017-06-16 15:00:00,3,25,0,1,0,18.790238929266653,6.209761070733347
2017-06-16 15:00:00,2,41,0,1,0,36.238923943409795,4.7610760565902055
2017-06-16 15:00:00,4,22,0,1,0,10.260303034770137,11.739696965229863
2017-06-16 15:00:00,1,99,0,1,0,92.57394215364619,6.426057846353814
2017-06-16 16:00:00,2,34,0,1,0,40.20768954713704,6.2076895471370435
2017-06-16 16:00:00,3,25,0,1,0,23.829165429371294,1.1708345706287062
2017-06-16 16:00:00,1,103,0,1,0,86.89733547897605,16.102664521023954
2017-06-16 16:00:00,4,15,0,1,0,17.67042822008368,2.6704282200836786
2017-06-16 17:00:00,2,35,0,1,1,34.03133540215407,0.9686645978459296
2017-06-16 17:00:00,3,19,0,1,1,24.86839314251495,5.86839314251495
2017-06-16 17:00:00,4,13,0,1,1,14.447795492293341,1.4477954922933414
2017-06-16 17:00:00,1,92,0,1,1,94.48399900641739,2.483999006417392
2017-06-16 18:00:00,3,19,0,1,1,19.969457444058158,0.9694574440581576
2017-06-16 18:00:00,1,104,0,1,1,94.46602309920182,9.53397690079818
2017-06-16 18:00:00,4,9,0,1,1,14.306059754844147,5.3060597548441475
2017-06-16 18:00:00,2,36,0,1,1,36.12678769694328,0.12678769694328196
2017-06-16 19:00:00,1,95,0,1,1,102.89923294805284,7.899232948052841
2017-06-16 19:00:00,4,20,0,1,1,10.658618345356604,9.341381654643396
2017-06-16 19:00:00,3,20,0,1,1,20.236150319841993,0.2361503198419932
2017-06-16 19:00:00,2,32,0,1,1,37.45621765322157,5.456217653221572
2017-06-16 20:00:00,1,102,0,1,0,87.2701531109332,14.729846889066806
2017-06-16 20:00:00,2,36,0,1,0,33.09717476781607,2.902825232183929
2017-06-16 20:00:00,4,22,0,1,0,15.64459800178069,6.35540199821931
2017-06-16 20:00:00,3,22,0,1,0,19.806553275709938,2.1934467242900624
2017-06-16 21:00:00,4,11,0,1,0,18.60966086858594,7.609660868585941
2017-06-16 21:00:00,2,33,0,1,0,34.7795072389812,1.7795072389812034
2017-06-16 21:00:00,1,81,0,1,0,90.65817489434544,9.658174894345436
2017-06-16 21:00:00,3,17,0,1,0,20.929238892681294,3.929238892681294
2017-06-16 22:00:00,3,15,0,1,0,17.2979462951836,2.2979462951836
2017-06-16 22:00:00,4,12,0,1,0,13.490706563968457,1.4907065639684571
2017-06-16 22:00:00,2,29,0,1,0,32.7149087558111,3.714908755811102
2017-06-16 22:00:00,1,82,0,1,0,76.54330449674605,5.456695503253954
2017-06-16 23:00:00,1,74,0,1,0,74.34106495867009,0.34106495867008846
2017-06-16 23:00:00,4,7,0,1,0,12.245118729933353,5.245118729933353
2017-06-16 23:00:00,2,30,0,1,0,27.151458159344166,2.848541840655834
2017-06-16 23:00:00,3,16,0,1,0,15.90226040415533,0.09773959584467029
2017-06-17 00:00:00,2,30,0,0,0,27.08629246399079,2.913707536009209
2017-06-17 00:00:00,3,14,0,0,0,13.568246831661693,0.43175316833830735
2017-06-17 00:00:00,4,6,0,0,0,7.960076022368296,1.9600760223682956
2017-06-17 00:00:00,1,68,0,0,0,67.30676975527241,0.6932302447275873
2017-06-17 01:00:00,4,6,0,0,0,5.5156615597899545,0.48433844021004546
2017-06-17 01:00:00,3,10,0,0,0,10.898980089479853,0.8989800894798528
2017-06-17 01:00:00,2,23,0,0,0,25.09768719107996,2.0976871910799595
2017-06-17 01:00:00,1,55,0,0,0,57.4699794689094,2.4699794689094006
2017-06-17 02:00:00,4,5,0,0,0,4.747615400769302,0.2523845992306981
2017-06-17 02:00:00,3,10,0,0,0,8.804464838862215,1.1955351611377854
2017-06-17 02:00:00,2,22,0,0,0,19.504080524300008,2.495919475699992
2017-06-17 02:00:00,1,46,0,0,0,48.83106404679353,2.8310640467935286
2017-06-17 03:00:00,3,8,0,0,0,7.982127916817593,0.017872083182407295
2017-06-17 03:00:00,2,13,0,0,0,18.248955607993587,5.248955607993587
2017-06-17 03:00:00,4,3,0,0,0,4.558332015583209,1.5583320155832094
2017-06-17 03:00:00,1,36,0,0,0,40.9654831027964,4.965483102796398
2017-06-17 04:00:00,2,14,0,0,0,12.680867230652302,1.3191327693476982
2017-06-17 04:00:00,4,5,0,0,0,3.8963023294809798,1.1036976705190202
2017-06-17 04:00:00,1,34,0,0,0,31.31590199033487,2.6840980096651315
2017-06-17 04:00:00,3,7,0,0,0,7.015785983125467,0.015785983125467418
2017-06-17 05:00:00,2,15,0,0,0,12.670953569340684,2.329046430659316
2017-06-17 05:00:00,1,28,0,0,0,30.828321811984722,2.828321811984722
2017-06-17 05:00:00,4,5,0,0,0,3.9933462555748394,1.0066537444251606
2017-06-17 05:00:00,3,7,0,0,0,6.388183253451974,0.6118167465480262
2017-06-17 06:00:00,4,7,0,0,0,4.436252946795068,2.5637470532049322
2017-06-17 06:00:00,2,13,0,0,0,13.642706902956002,0.642706902956002
2017-06-17 06:00:00,3,5,0,0,0,6.50116668898951,1.5011666889895103
2017-06-17 06:00:00,1,29,0,0,0,29.165872174727525,0.16587217472752513
2017-06-17 07:00:00,3,5,0,0,1,6.912609638714307,1.912609638714307
2017-06-17 07:00:00,2,14,0,0,1,14.99933945306959,0.9993394530695898
2017-06-17 07:00:00,4,5,0,0,1,6.114215336947996,1.1142153369479963
2017-06-17 07:00:00,1,31,0,0,1,31.899057555485456,0.8990575554854559
2017-06-17 08:00:00,4,10,0,0,1,6.550358203675074,3.4496417963249257
2017-06-17 08:00:00,2,12,0,0,1,15.443687102453108,3.443687102453108
2017-06-17 08:00:00,1,40,0,0,1,33.68848797118562,6.311512028814377
2017-06-17 08:00:00,3,12,0,0,1,7.26297078288948,4.73702921711052
2017-06-17 09:00:00,1,45,0,0,1,44.97208402183886,0.027915978161139776
2017-06-17 09:00:00,2,15,0,0,1,14.992492083446805,0.007507916553194605
2017-06-17 09:00:00,4,5,0,0,1,9.239014235836338,4.239014235836338
2017-06-17 09:00:00,3,14,0,0,1,11.42160287442696,2.5783971255730407
2017-06-17 10:00:00,2,14,0,0,0,16.114270231604944,2.1142702316049444
2017-06-17 10:00:00,4,9,0,0,0,8.334957918126467,0.6650420818735334
2017-06-17 10:00:00,3,17,0,0,0,15.371205045930482,1.6287949540695177
2017-06-17 10:00:00,1,54,0,0,0,49.78302070438881,4.216979295611189
2017-06-17 11:00:00,4,4,0,0,0,9.934892840173564,5.934892840173564
2017-06-17 11:00:00,1,55,0,0,0,63.26414660790847,8.264146607908472
2017-06-17 11:00:00,3,16,0,0,0,17.65000985407765,1.6500098540776484
2017-06-17 11:00:00,2,19,0,0,0,15.906289087426718,3.0937109125732825
2017-06-17 12:00:00,2,14,0,0,0,17.994750737979835,3.9947507379798353
2017-06-17 12:00:00,1,56,0,0,0,56.76943390223132,0.7694339022313201
2017-06-17 12:00:00,4,9,0,0,0,7.251221889516521,1.748778110483479
2017-06-17 12:00:00,3,29,0,0,0,17.175529132749112,11.824470867250888
2017-06-17 13:00:00,1,55,0,0,0,51.88634669530779,3.113653304692207
2017-06-17 13:00:00,2,15,0,0,0,15.382550791472584,0.38255079147258364
2017-06-17 13:00:00,4,4,0,0,0,7.748887992003887,3.748887992003887
2017-06-17 13:00:00,3,11,0,0,0,25.623687086433733,14.623687086433733
2017-06-17 14:00:00,4,6,0,0,0,6.279875220704215,0.27987522070421544
2017-06-17 14:00:00,1,54,0,0,0,55.6643751156658,1.6643751156657984
2017-06-17 14:00:00,2,16,0,0,0,15.658980514894399,0.3410194851056012
2017-06-17 14:00:00,3,20,0,0,0,13.821127402583816,6.178872597416184
2017-06-17 15:00:00,1,61,0,0,0,53.3948682624257,7.605131737574297
2017-06-17 15:00:00,2,14,0,0,0,15.81213311132362,1.8121331113236199
2017-06-17 15:00:00,4,6,0,0,0,6.675901601806912,0.6759016018069124
2017-06-17 15:00:00,3,18,0,0,0,39.89328690371243,21.89328690371243
2017-06-17 16:00:00,1,59,0,0,0,59.933061805860255,0.9330618058602553
2017-06-17 16:00:00,4,9,0,0,0,5.941366423370151,3.058633576629849
2017-06-17 16:00:00,2,18,0,0,0,15.264373958859222,2.735626041140778
2017-06-17 16:00:00,3,15,0,0,0,16.8277549855161,1.8277549855161013
2017-06-17 17:00:00,4,8,0,0,1,7.806035035640829,0.19396496435917143
2017-06-17 17:00:00,2,20,0,0,1,16.99986597558808,3.0001340244119206
2017-06-17 17:00:00,1,52,0,0,1,59.5237719640942,7.523771964094202
2017-06-17 17:00:00,3,20,0,0,1,16.797263110749938,3.202736889250062
2017-06-17 18:00:00,2,20,0,0,1,20.06180539490917,0.061805394909171696
2017-06-17 18:00:00,4,7,0,0,1,8.21527122281819,1.2152712228181901
2017-06-17 18:00:00,1,53,0,0,1,55.96532686378179,2.9653268637817902
2017-06-17 18:00:00,3,13,0,0,1,20.148685599600217,7.148685599600217
2017-06-17 19:00:00,2,20,0,0,1,21.075667306144904,1.0756673061449042
2017-06-17 19:00:00,1,68,0,0,1,57.08298909389831,10.917010906101687
2017-06-17 19:00:00,4,7,0,0,1,8.803293227217912,1.803293227217912
2017-06-17 19:00:00,3,18,0,0,1,16.906646602610135,1.0933533973898655
2017-06-17 20:00:00,3,14,0,0,0,19.04920065845079,5.04920065845079
2017-06-17 20:00:00,4,12,0,0,0,8.268796550880836,3.731203449119164
2017-06-17 20:00:00,2,19,0,0,0,20.89372707074361,1.8937270707436085
2017-06-17 20:00:00,1,69,0,0,0,68.77209997679404,0.2279000232059616
2017-06-17 21:00:00,2,17,0,0,0,18.739972354372227,1.7399723543722274
2017-06-17 21:00:00,3,20,0,0,0,15.279389074912345,4.720610925087655
2017-06-17 21:00:00,4,11,0,0,0,9.661723357498634,1.3382766425013664
2017-06-17 21:00:00,1,58,0,0,0,65.3223960352617,7.322396035261704
2017-06-17 22:00:00,4,13,0,0,0,10.13849799028068,2.8615020097193202
2017-06-17 22:00:00,2,20,0,0,0,17.773718229531593,2.2262817704684075
2017-06-17 22:00:00,1,54,0,0,0,58.07166283920252,4.071662839202517
2017-06-17 22:00:00,3,15,0,0,0,19.158034000845852,4.158034000845852
2017-06-17 23:00:00,1,55,0,0,0,52.38854066543799,2.6114593345620065
2017-06-17 23:00:00,3,13,0,0,0,15.947487842447694,2.9474878424476945
2017-06-17 23:00:00,4,12,0,0,0,11.086421215537452,0.9135787844625476
2017-06-17 23:00:00,2,17,0,0,0,18.77190604394847,1.7719060439484693
2017-06-18 00:00:00,3,16,0,0,0,12.8586187784891,3.1413812215108994
2017-06-18 00:00:00,2,21,0,0,0,16.252769828077,4.747230171923
2017-06-18 00:00:00,4,12,0,0,0,9.792769789296912,2.207230210703088
2017-06-18 00:00:00,1,49,0,0,0,48.28450882421438,0.7154911757856226
2017-06-18 01:00:00,4,8,0,0,0,8.003093173411882,0.0030931734118819776
2017-06-18 01:00:00,1,41,0,0,0,42.99182723857424,1.9918272385742384
2017-06-18 01:00:00,3,10,0,0,0,12.115394590852912,2.1153945908529117
2017-06-18 01:00:00,2,14,0,0,0,17.100322058170224,3.1003220581702244
2017-06-18 02:00:00,2,16,0,0,0,12.81870313389236,3.1812968661076404
2017-06-18 02:00:00,4,7,0,0,0,6.636441601416524,0.36355839858347583
2017-06-18 02:00:00,3,9,0,0,0,8.860550636680186,0.13944936331981417
2017-06-18 02:00:00,1,37,0,0,0,36.62687695466743,0.37312304533256935
2017-06-18 03:00:00,2,13,0,0,0,13.852221637748784,0.8522216377487837
2017-06-18 03:00:00,4,4,0,0,0,5.733584945336752,1.7335849453367516
2017-06-18 03:00:00,1,34,0,0,0,32.39091503150605,1.6090849684939528
2017-06-18 03:00:00,3,7,0,0,0,7.656485680452673,0.6564856804526729
2017-06-18 04:00:00,3,4,0,0,0,6.670426509199072,2.670426509199072
2017-06-18 04:00:00,1,28,0,0,0,29.33626608265187,1.3362660826518713
2017-06-18 04:00:00,2,12,0,0,0,11.52912748749478,0.47087251250522044
2017-06-18 04:00:00,4,3,0,0,0,4.647604640243589,1.647604640243589
2017-06-18 05:00:00,1,26,0,0,0,27.062100963798684,1.0621009637986845
2017-06-18 05:00:00,3,4,0,0,0,5.4294272756336674,1.4294272756336674
2017-06-18 05:00:00,4,3,0,0,0,3.8963023294809798,0.8963023294809798
2017-06-18 05:00:00,2,13,0,0,0,10.654506184968536,2.345493815031464
2017-06-18 06:00:00,3,5,0,0,0,5.086467838940764,0.08646783894076382
2017-06-18 06:00:00,2,10,0,0,0,12.185972488340933,2.1859724883409335
2017-06-18 06:00:00,1,24,0,0,0,27.621892267883155,3.6218922678831547
2017-06-18 06:00:00,4,4,0,0,0,3.941726989891278,0.0582730101087221
2017-06-18 07:00:00,1,30,0,0,1,28.125536541470183,1.8744634585298172
2017-06-18 07:00:00,3,4,0,0,1,5.853390035860392,1.853390035860392
2017-06-18 07:00:00,2,9,0,0,1,12.281591333117204,3.2815913331172037
2017-06-18 07:00:00,4,5,0,0,1,4.64756028999059,0.3524397100094099
2017-06-18 08:00:00,3,11,0,0,1,6.364355766760786,4.635644233239214
2017-06-18 08:00:00,4,3,0,0,1,5.640069572506382,2.6400695725063823
2017-06-18 08:00:00,1,35,0,0,1,32.63146503804766,2.368534961952342
2017-06-18 08:00:00,2,15,0,0,1,11.094051316511301,3.905948683488699
2017-06-18 09:00:00,4,8,0,0,1,6.049901700788708,1.9500982992112919
2017-06-18 09:00:00,3,12,0,0,1,10.583339536263658,1.416660463736342
2017-06-18 09:00:00,1,38,0,0,1,41.16555659861318,3.165556598613179
2017-06-18 09:00:00,2,10,0,0,1,14.838965574369412,4.838965574369412
2017-06-18 10:00:00,1,49,0,0,0,43.87351649086276,5.126483509137238
2017-06-18 10:00:00,2,12,0,0,0,13.161807653134343,1.1618076531343426
2017-06-18 10:00:00,4,10,0,0,0,7.929483851984308,2.0705161480156917
2017-06-18 10:00:00,3,17,0,0,0,13.080357145139168,3.9196428548608324
2017-06-18 11:00:00,1,49,0,0,0,56.69898068574077,7.698980685740771
2017-06-18 11:00:00,2,17,0,0,0,13.797726913781382,3.202273086218618
2017-06-18 11:00:00,4,5,0,0,0,9.648160356528665,4.648160356528665
2017-06-18 11:00:00,3,12,0,0,0,17.384937368335535,5.384937368335535
2017-06-18 12:00:00,4,9,0,0,0,8.290461242844748,0.7095387571552525
2017-06-18 12:00:00,2,18,0,0,0,16.301453548240467,1.6985464517595332
2017-06-18 12:00:00,3,18,0,0,0,14.642113914580214,3.3578860854197856
2017-06-18 12:00:00,1,52,0,0,0,50.06690467375615,1.9330953262438513
2017-06-18 13:00:00,3,16,0,0,0,16.188288361511393,0.18828836151139328
2017-06-18 13:00:00,1,49,0,0,0,49.513437962223556,0.5134379622235556
2017-06-18 13:00:00,4,9,0,0,0,8.267369643909362,0.7326303560906382
2017-06-18 13:00:00,2,15,0,0,0,16.486034866287635,1.4860348662876355
2017-06-18 14:00:00,4,10,0,0,0,8.159248271920442,1.8407517280795584
2017-06-18 14:00:00,3,14,0,0,0,16.784104021881266,2.784104021881266
2017-06-18 14:00:00,2,16,0,0,0,16.263482515647,0.26348251564699865
2017-06-18 14:00:00,1,47,0,0,0,50.40220563172339,3.4022056317233904
2017-06-18 15:00:00,3,15,0,0,0,15.739563114568591,0.7395631145685915
2017-06-18 15:00:00,2,15,0,0,0,16.283771239874852,1.2837712398748522
2017-06-18 15:00:00,4,8,0,0,0,9.035971781604266,1.0359717816042657
2017-06-18 15:00:00,1,45,0,0,0,46.89472586205706,1.894725862057058
2017-06-18 16:00:00,2,18,0,0,0,15.843188750552006,2.156811249447994
2017-06-18 16:00:00,4,4,0,0,0,8.3881086533338,4.3881086533338
2017-06-18 16:00:00,1,48,0,0,0,43.989419378639425,4.010580621360575
2017-06-18 16:00:00,3,16,0,0,0,15.131079443241914,0.868920556758086
2017-06-18 17:00:00,2,15,0,0,1,17.274210803744275,2.2742108037442748
2017-06-18 17:00:00,4,4,0,0,1,7.097128318455523,3.097128318455523
2017-06-18 17:00:00,3,13,0,0,1,16.00059523678263,3.0005952367826296
2017-06-18 17:00:00,1,52,0,0,1,47.789325105995516,4.210674894004484
2017-06-18 18:00:00,4,8,0,0,1,5.9641452353717925,2.0358547646282075
2017-06-18 18:00:00,2,19,0,0,1,16.86973322671728,2.1302667732827203
2017-06-18 18:00:00,3,14,0,0,1,15.606154558465557,1.6061545584655565
2017-06-18 18:00:00,1,50,0,0,1,55.93937682947764,5.939376829477638
2017-06-18 19:00:00,2,19,0,0,1,20.04376249713023,1.0437624971302313
2017-06-18 19:00:00,3,14,0,0,1,15.56085529197733,1.5608552919773295
2017-06-18 19:00:00,1,57,0,0,1,54.39297893913675,2.6070210608632465
2017-06-18 19:00:00,4,10,0,0,1,7.282932787498869,2.7170672125011306
2017-06-18 20:00:00,2,17,0,0,0,19.740826301832172,2.740826301832172
2017-06-18 20:00:00,1,61,0,0,0,57.93001350463549,3.0699864953645104
2017-06-18 20:00:00,4,7,0,0,0,8.99580800295355,1.9958080029535505
2017-06-18 20:00:00,3,17,0,0,0,15.092722426334275,1.9072775736657253
2017-06-18 21:00:00,4,8,0,0,0,8.272362162799093,0.27236216279909264
2017-06-18 21:00:00,2,18,0,0,0,17.435587845635695,0.5644121543643053
2017-06-18 21:00:00,1,56,0,0,0,59.36526760533871,3.3652676053387083
2017-06-18 21:00:00,3,12,0,0,0,16.009297285796094,4.0092972857960945
2017-06-18 22:00:00,3,17,0,0,0,13.682415519086003,3.3175844809139967
2017-06-18 22:00:00,2,22,0,0,0,17.376890950763432,4.623109049236568
2017-06-18 22:00:00,4,6,0,0,0,8.467158142795812,2.467158142795812
2017-06-18 22:00:00,1,60,0,0,0,54.12497266930882,5.875027330691182
2017-06-18 23:00:00,3,18,0,0,0,16.371482647007905,1.6285173529920947
2017-06-18 23:00:00,1,59,0,0,0,57.62590399723385,1.3740960027661515
2017-06-18 23:00:00,2,19,0,0,0,20.895479518184366,1.8954795181843664
2017-06-18 23:00:00,4,10,0,0,0,7.290541398481568,2.709458601518432
2017-06-19 00:00:00,1,48,0,1,0,53.420916005993284,5.420916005993284
2017-06-19 00:00:00,3,12,0,1,0,15.73272453302754,3.7327245330275396
2017-06-19 00:00:00,4,7,0,1,0,7.4525248705934555,0.4525248705934555
2017-06-19 00:00:00,2,16,0,1,0,17.965076711891314,1.9650767118913137
2017-06-19 01:00:00,3,12,0,1,0,10.375955900622143,1.6240440993778567
2017-06-19 01:00:00,4,3,0,1,0,5.754183921820098,2.754183921820098
2017-06-19 01:00:00,2,18,0,1,0,14.637862166657275,3.362137833342725
2017-06-19 01:00:00,1,42,0,1,0,42.58221724703139,0.5822172470313873
2017-06-19 02:00:00,3,6,0,1,0,9.64233314639763,3.6423331463976307
2017-06-19 02:00:00,1,39,0,1,0,38.86536960087059,0.13463039912941355
2017-06-19 02:00:00,4,2,0,1,0,4.949823160657095,2.949823160657095
2017-06-19 02:00:00,2,15,0,1,0,15.608859298412103,0.6088592984121028
2017-06-19 03:00:00,3,6,0,1,0,7.242682395794079,1.2426823957940787
2017-06-19 03:00:00,2,11,0,1,0,13.483372698775646,2.4833726987756464
2017-06-19 03:00:00,1,35,0,1,0,34.58716863490061,0.4128313650993931
2017-06-19 03:00:00,4,5,0,1,0,3.935011615193615,1.064988384806385
2017-06-19 04:00:00,1,29,0,1,0,31.414204168513244,2.414204168513244
2017-06-19 04:00:00,2,15,0,1,0,10.911631167516136,4.088368832483864
2017-06-19 04:00:00,4,6,0,1,0,3.9360503032951732,2.0639496967048268
2017-06-19 04:00:00,3,5,0,1,0,6.381267086478697,1.3812670864786973
2017-06-19 05:00:00,2,13,0,1,0,12.395052043804588,0.6049479561954119
2017-06-19 05:00:00,1,34,0,1,0,28.917339936187116,5.0826600638128845
2017-06-19 05:00:00,3,9,0,1,0,5.480349951295721,3.519650048704279
2017-06-19 05:00:00,4,5,0,1,0,4.2503253676749955,0.7496746323250045
2017-06-19 06:00:00,1,38,0,1,0,36.579130661846,1.4208693381539987
2017-06-19 06:00:00,3,11,0,1,0,6.7676763702153355,4.2323236297846645
2017-06-19 06:00:00,2,14,0,1,0,12.859842213079304,1.140157786920696
2017-06-19 06:00:00,4,2,0,1,0,5.119550134091726,3.1195501340917264
2017-06-19 07:00:00,1,51,0,1,1,44.104588111177534,6.895411888822466
2017-06-19 07:00:00,3,9,0,1,1,10.184125704976504,1.1841257049765037
2017-06-19 07:00:00,2,15,0,1,1,15.411796069248561,0.4117960692485614
2017-06-19 07:00:00,4,5,0,1,1,5.348282362739627,0.348282362739627
2017-06-19 08:00:00,1,54,0,1,1,55.91742780193768,1.9174278019376771
2017-06-19 08:00:00,2,22,0,1,1,16.00703264224694,5.992967357753059
2017-06-19 08:00:00,4,3,0,1,1,5.943309614445488,2.9433096144454884
2017-06-19 08:00:00,3,11,0,1,1,11.280693680314801,0.28069368031480124
2017-06-19 09:00:00,1,61,0,1,1,63.92841273095517,2.9284127309551735
2017-06-19 09:00:00,3,10,0,1,1,13.22194525152358,3.2219452515235805
2017-06-19 09:00:00,4,4,0,1,1,6.4905337533488865,2.4905337533488865
2017-06-19 09:00:00,2,18,0,1,1,23.118130727915077,5.1181307279150765
2017-06-19 10:00:00,2,27,0,1,0,20.973028884598975,6.026971115401025
2017-06-19 10:00:00,3,25,0,1,0,13.782875291988303,11.217124708011697
2017-06-19 10:00:00,1,96,0,1,0,72.66631542390687,23.333684576093134
2017-06-19 10:00:00,4,6,0,1,0,7.382728858377225,1.3827288583772246
2017-06-19 11:00:00,3,30,0,1,0,24.812760701379005,5.1872392986209945
2017-06-19 11:00:00,4,9,0,1,0,7.609294764837817,1.3907052351621827
2017-06-19 11:00:00,2,34,0,1,0,30.11266752708228,3.88733247291772
2017-06-19 11:00:00,1,111,0,1,0,94.85363548496424,16.146364515035756
2017-06-19 12:00:00,1,113,0,1,0,96.4803701450511,16.519629854948903
2017-06-19 12:00:00,2,38,0,1,0,32.93634960116566,5.063650398834341
2017-06-19 12:00:00,3,32,0,1,0,27.000316613941695,4.9996833860583045
2017-06-19 12:00:00,4,10,0,1,0,8.865324385840438,1.134675614159562
2017-06-19 13:00:00,1,105,0,1,0,94.33905175069097,10.66094824930903
2017-06-19 13:00:00,2,35,0,1,0,37.49086506357668,2.4908650635766776
2017-06-19 13:00:00,3,28,0,1,0,30.79499520765044,2.794995207650441
2017-06-19 13:00:00,4,7,0,1,0,9.100774552855778,2.1007745528557784
2017-06-19 14:00:00,2,37,0,1,0,36.46354387079202,0.536456129207977
2017-06-19 14:00:00,4,13,0,1,0,8.957716035794279,4.042283964205721
2017-06-19 14:00:00,3,34,0,1,0,28.04284006244469,5.957159937555311
2017-06-19 14:00:00,1,115,0,1,0,104.8381768569828,10.161823143017202
2017-06-19 15:00:00,4,13,0,1,0,11.010505323638414,1.989494676361586
2017-06-19 15:00:00,2,41,0,1,0,36.67907335955355,4.3209266404464515
2017-06-19 15:00:00,3,30,0,1,0,33.893526117331675,3.8935261173316746
2017-06-19 15:00:00,1,111,0,1,0,101.8547462999297,9.145253700070299
2017-06-19 16:00:00,2,37,0,1,0,40.31915202867998,3.31915202867998
2017-06-19 16:00:00,4,13,0,1,0,11.35817090528298,1.6418290947170195
2017-06-19 16:00:00,3,24,0,1,0,29.319597086986665,5.319597086986665
2017-06-19 16:00:00,1,104,0,1,0,98.822994802427,5.177005197572996
2017-06-19 17:00:00,1,108,0,1,1,98.92947029751474,9.07052970248526
2017-06-19 17:00:00,3,34,0,1,1,24.52427307429089,9.475726925709111
2017-06-19 17:00:00,2,40,0,1,1,35.8195607265702,4.180439273429798
2017-06-19 17:00:00,4,11,0,1,1,12.29735456204066,1.2973545620406597
2017-06-19 18:00:00,2,41,0,1,1,41.289816361158366,0.2898163611583655
2017-06-19 18:00:00,4,7,0,1,1,11.457081829614932,4.457081829614932
2017-06-19 18:00:00,1,108,0,1,1,106.89279092390245,1.107209076097547
2017-06-19 18:00:00,3,36,0,1,1,33.68358259255139,2.3164174074486112
2017-06-19 19:00:00,2,43,0,1,1,41.86958440566546,1.1304155943345435
2017-06-19 19:00:00,3,27,0,1,1,37.35670239552336,10.356702395523357
2017-06-19 19:00:00,1,113,0,1,1,107.4927544070824,5.507245592917599
2017-06-19 19:00:00,4,9,0,1,1,9.450231450038432,0.4502314500384319
2017-06-19 20:00:00,3,27,0,1,0,28.238590406936616,1.2385904069366163
2017-06-19 20:00:00,4,7,0,1,0,8.885469224386318,1.885469224386318
2017-06-19 20:00:00,1,107,0,1,0,101.81113928098955,5.188860719010449
2017-06-19 20:00:00,2,41,0,1,0,42.721597613098474,1.7215976130984743
2017-06-19 21:00:00,4,8,0,1,0,8.00752741074691,0.0075274107469098794
2017-06-19 21:00:00,2,40,0,1,0,38.61994049122155,1.3800595087784515
2017-06-19 21:00:00,1,95,0,1,0,95.74637413238426,0.7463741323842612
2017-06-19 21:00:00,3,20,0,1,0,27.45402781889845,7.4540278188984495
2017-06-19 22:00:00,2,40,0,1,0,37.631713393530944,2.3682866064690558
2017-06-19 22:00:00,3,34,0,1,0,20.064355467893463,13.935644532106537
2017-06-19 22:00:00,1,91,0,1,0,89.7579807573792,1.242019242620799
2017-06-19 22:00:00,4,11,0,1,0,8.482789894818417,2.517210105181583
2017-06-19 23:00:00,4,6,0,1,0,9.020342761924649,3.020342761924649
2017-06-19 23:00:00,1,90,0,1,0,84.89012206454834,5.109877935451664
2017-06-19 23:00:00,3,25,0,1,0,32.27353399818735,7.273533998187347
2017-06-19 23:00:00,2,37,0,1,0,36.44221347029057,0.557786529709432
2017-06-20 00:00:00,3,16,0,1,0,22.301471417965317,6.301471417965317
2017-06-20 00:00:00,1,78,0,1,0,83.03805766180945,5.038057661809447
2017-06-20 00:00:00,2,35,0,1,0,35.77997760645458,0.7799776064545796
2017-06-20 00:00:00,4,8,0,1,0,7.212137284107002,0.7878627158929978
2017-06-20 01:00:00,2,35,0,1,0,30.12405265908166,4.875947340918341
2017-06-20 01:00:00,4,4,0,1,0,6.028993377715417,2.028993377715417
2017-06-20 01:00:00,1,73,0,1,0,67.17153597158345,5.828464028416548
2017-06-20 01:00:00,3,10,0,1,0,12.42023635464405,2.42023635464405
2017-06-20 02:00:00,2,30,0,1,0,30.12405265908166,0.1240526590816593
2017-06-20 02:00:00,4,4,0,1,0,4.944871312953678,0.9448713129536781
2017-06-20 02:00:00,1,56,0,1,0,63.58474248666246,7.5847424866624635
2017-06-20 02:00:00,3,13,0,1,0,9.55301875386024,3.44698124613976
2017-06-20 03:00:00,2,20,0,1,0,25.340663080125818,5.340663080125818
2017-06-20 03:00:00,4,6,0,1,0,4.438107516617921,1.5618924833820786
2017-06-20 03:00:00,3,7,0,1,0,9.857834981697453,2.8578349816974526
2017-06-20 03:00:00,1,51,0,1,0,50.02459307483922,0.9754069251607831
2017-06-20 04:00:00,2,20,0,1,0,17.97547044314423,2.0245295568557715
2017-06-20 04:00:00,4,4,0,1,0,4.2503253676749955,0.25032536767499547
2017-06-20 04:00:00,3,8,0,1,0,7.400978985833847,0.5990210141661532
2017-06-20 04:00:00,1,42,0,1,0,46.9784698690262,4.978469869026199
2017-06-20 05:00:00,4,2,0,1,0,4.1782297469081495,2.1782297469081495
2017-06-20 05:00:00,3,8,0,1,0,7.021834973762509,0.978165026237491
2017-06-20 05:00:00,2,14,0,1,0,18.017296512791347,4.017296512791347
2017-06-20 05:00:00,1,42,0,1,0,38.42234966137894,3.577650338621062
2017-06-20 06:00:00,3,8,0,1,0,7.024299452241622,0.975700547758378
2017-06-20 06:00:00,2,17,0,1,0,16.298386553771106,0.7016134462288939
2017-06-20 06:00:00,4,5,0,1,0,4.528775154320886,0.4712248456791137
2017-06-20 06:00:00,1,42,0,1,0,43.98814118731783,1.9881411873178294
2017-06-20 07:00:00,3,9,0,1,1,8.932488569450664,0.06751143054933628
2017-06-20 07:00:00,2,16,0,1,1,18.708320939290793,2.708320939290793
2017-06-20 07:00:00,4,2,0,1,1,5.164086944796858,3.164086944796858
2017-06-20 07:00:00,1,51,0,1,1,46.42983697208097,4.57016302791903
2017-06-20 08:00:00,3,13,0,1,1,10.096624558305143,2.903375441694857
2017-06-20 08:00:00,1,60,0,1,1,55.970382019562635,4.029617980437365
2017-06-20 08:00:00,2,20,0,1,1,18.333380927533415,1.6666190724665846
2017-06-20 08:00:00,4,6,0,1,1,5.395551495999119,0.6044485040008807
2017-06-20 09:00:00,1,76,0,1,1,68.0200115341492,7.979988465850795
2017-06-20 09:00:00,4,5,0,1,1,7.090941175153689,2.090941175153689
2017-06-20 09:00:00,3,16,0,1,1,14.067192605748973,1.9328073942510269
2017-06-20 09:00:00,2,21,0,1,1,21.588948544575086,0.5889485445750857
2017-06-20 10:00:00,2,31,0,1,0,23.12129354857855,7.878706451421451
2017-06-20 10:00:00,3,28,0,1,0,18.308461898505215,9.691538101494785
2017-06-20 10:00:00,1,92,0,1,0,84.41137465586867,7.58862534413133
2017-06-20 10:00:00,4,8,0,1,0,7.714364247037596,0.2856357529624036
2017-06-20 11:00:00,3,26,0,1,0,29.91573403504983,3.91573403504983
2017-06-20 11:00:00,1,102,0,1,0,92.08839228125099,9.91160771874901
2017-06-20 11:00:00,4,10,0,1,0,9.182606508107074,0.8173934918929255
2017-06-20 11:00:00,2,32,0,1,0,33.853126844509,1.8531268445089992
2017-06-20 12:00:00,4,9,0,1,0,10.276006316680599,1.2760063166805988
2017-06-20 12:00:00,3,29,0,1,0,25.14267455359771,3.857325446402289
2017-06-20 12:00:00,2,37,0,1,0,31.662241284248935,5.337758715751065
2017-06-20 12:00:00,1,113,0,1,0,94.58331990426058,18.416680095739423
2017-06-20 13:00:00,4,9,0,1,0,8.751646879331968,0.24835312066803183
2017-06-20 13:00:00,3,25,0,1,0,26.93659395697608,1.936593956976079
2017-06-20 13:00:00,2,37,0,1,0,35.2172718453893,1.7827281546107017
2017-06-20 13:00:00,1,100,0,1,0,94.44375797136715,5.556242028632852
2017-06-20 14:00:00,4,7,0,1,0,9.523715718263864,2.5237157182638636
2017-06-20 14:00:00,2,39,0,1,0,37.55223058334865,1.4477694166513473
2017-06-20 14:00:00,1,107,0,1,0,104.82347895042298,2.176521049577019
2017-06-20 14:00:00,3,32,0,1,0,25.70225306335474,6.297746936645261
2017-06-20 15:00:00,3,27,0,1,0,31.93335049396453,4.933350493964529
2017-06-20 15:00:00,4,14,0,1,0,8.871098114951517,5.128901885048483
2017-06-20 15:00:00,2,38,0,1,0,39.0059941964715,1.005994196471498
2017-06-20 15:00:00,1,110,0,1,0,101.13084917564835,8.86915082435165
2017-06-20 16:00:00,4,6,0,1,0,10.935446706010113,4.935446706010113
2017-06-20 16:00:00,2,37,0,1,0,37.09172208177132,0.0917220817713229
2017-06-20 16:00:00,3,27,0,1,0,26.282225945593197,0.717774054406803
2017-06-20 16:00:00,1,101,0,1,0,99.89626334095105,1.1037366590489484
2017-06-20 17:00:00,2,40,0,1,1,36.8712780098005,3.1287219901995016
2017-06-20 17:00:00,4,11,0,1,1,8.421650899037799,2.5783491009622015
2017-06-20 17:00:00,3,24,0,1,1,27.433881455151436,3.433881455151436
2017-06-20 17:00:00,1,108,0,1,1,98.96699906580017,9.033000934199833
2017-06-20 18:00:00,3,26,0,1,1,24.913586847164844,1.0864131528351564
2017-06-20 18:00:00,1,114,0,1,1,108.14623642433534,5.853763575664658
2017-06-20 18:00:00,2,40,0,1,1,41.289816361158366,1.2898163611583655
2017-06-20 18:00:00,4,9,0,1,1,10.372636522543091,1.3726365225430914
2017-06-20 19:00:00,3,24,0,1,1,26.374401806091186,2.3744018060911856
2017-06-20 19:00:00,2,47,0,1,1,41.20193949404527,5.79806050595473
2017-06-20 19:00:00,4,10,0,1,1,8.820868596263919,1.179131403736081
2017-06-20 19:00:00,1,112,0,1,1,109.74240121904273,2.2575987809572666
2017-06-20 20:00:00,4,11,0,1,0,9.576897614920357,1.423102385079643
2017-06-20 20:00:00,3,18,0,1,0,24.5987168857757,6.598716885775701
2017-06-20 20:00:00,2,41,0,1,0,49.04507515504798,8.045075155047982
2017-06-20 20:00:00,1,108,0,1,0,103.01427998038976,4.985720019610241
2017-06-20 21:00:00,3,22,0,1,0,18.509871607459026,3.4901283925409743
2017-06-20 21:00:00,1,106,0,1,0,96.94951483178447,9.05048516821553
2017-06-20 21:00:00,4,8,0,1,0,9.713477461525667,1.7134774615256667
2017-06-20 21:00:00,2,41,0,1,0,39.51649988132155,1.4835001186784496
2017-06-20 22:00:00,4,12,0,1,0,8.891589046790859,3.108410953209141
2017-06-20 22:00:00,2,39,0,1,0,39.2587919084458,0.2587919084458008
2017-06-20 22:00:00,3,19,0,1,0,21.2464382055578,2.2464382055578014
2017-06-20 22:00:00,1,101,0,1,0,93.96338109233696,7.0366189076630405
2017-06-20 23:00:00,4,10,0,1,0,10.185204009864567,0.18520400986456664
2017-06-20 23:00:00,3,19,0,1,0,18.056306533245397,0.9436934667546026
2017-06-20 23:00:00,2,35,0,1,0,35.42314885506691,0.4231488550669127
2017-06-20 23:00:00,1,99,0,1,0,86.60944113897183,12.390558861028168
2017-06-21 00:00:00,1,84,0,1,0,91.27043554062004,7.270435540620042
2017-06-21 00:00:00,4,7,0,1,0,8.554401669402989,1.5544016694029885
2017-06-21 00:00:00,3,17,0,1,0,17.192199390700583,0.19219939070058345
2017-06-21 00:00:00,2,34,0,1,0,33.028204345773524,0.9717956542264758
2017-06-21 01:00:00,2,31,0,1,0,28.862662595405798,2.137337404594202
2017-06-21 01:00:00,3,15,0,1,0,13.592353279042067,1.407646720957933
2017-06-21 01:00:00,1,71,0,1,0,75.67119022582924,4.6711902258292355
2017-06-21 01:00:00,4,6,0,1,0,6.3512437890568325,0.3512437890568325
2017-06-21 02:00:00,4,8,0,1,0,5.457295946145954,2.542704053854046
2017-06-21 02:00:00,1,62,0,1,0,61.96338644005855,0.036613559941450546
2017-06-21 02:00:00,2,26,0,1,0,25.875750208411908,0.1242497915880918
2017-06-21 02:00:00,3,13,0,1,0,11.965712484638086,1.034287515361914
2017-06-21 03:00:00,1,52,0,1,0,55.64471300577437,3.6447130057743706
2017-06-21 03:00:00,3,10,0,1,0,10.72677492077051,0.7267749207705094
2017-06-21 03:00:00,2,23,0,1,0,21.992777354368695,1.0072226456313054
2017-06-21 03:00:00,4,2,0,1,0,5.542506720009878,3.542506720009878
2017-06-21 04:00:00,4,3,0,1,0,4.430466883064531,1.4304668830645308
2017-06-21 04:00:00,3,10,0,1,0,9.084011887501655,0.9159881124983453
2017-06-21 04:00:00,1,43,0,1,0,47.77821655040953,4.778216550409532
2017-06-21 04:00:00,2,17,0,1,0,19.734663617751423,2.7346636177514227
2017-06-21 05:00:00,4,2,0,1,0,4.223545082895914,2.223545082895914
2017-06-21 05:00:00,3,6,0,1,0,8.128853365515369,2.1288533655153685
2017-06-21 05:00:00,1,41,0,1,0,38.87093152300975,2.1290684769902484
2017-06-21 05:00:00,2,15,0,1,0,16.998235765996597,1.998235765996597
2017-06-21 06:00:00,3,7,0,1,0,7.461864267090594,0.46186426709059436
2017-06-21 06:00:00,4,4,0,1,0,4.140997922684703,0.14099792268470335
2017-06-21 06:00:00,1,44,0,1,0,43.128290683500396,0.8717093164996044
2017-06-21 06:00:00,2,18,0,1,0,16.803811777530875,1.1961882224691252
2017-06-21 07:00:00,3,7,0,1,1,8.359549066099794,1.3595490660997935
2017-06-21 07:00:00,2,16,0,1,1,18.440031492275054,2.440031492275054
2017-06-21 07:00:00,1,54,0,1,1,47.18840406553184,6.8115959344681585
2017-06-21 07:00:00,4,4,0,1,1,4.846831222784015,0.8468312227840151
2017-06-21 08:00:00,4,6,0,1,1,5.4995206051448005,0.5004793948551995
2017-06-21 08:00:00,3,10,0,1,1,8.642367270292667,1.3576327297073334
2017-06-21 08:00:00,2,18,0,1,1,18.76563696640127,0.7656369664012708
2017-06-21 08:00:00,1,60,0,1,1,56.89159740812744,3.1084025918725615
2017-06-21 09:00:00,4,7,0,1,1,7.090941175153689,0.09094117515368882
2017-06-21 09:00:00,3,13,0,1,1,11.44646854241456,1.5535314575854393
2017-06-21 09:00:00,2,17,0,1,1,20.4947011408145,3.494701140814499
2017-06-21 09:00:00,1,70,0,1,1,67.07840059045377,2.921599409546232
2017-06-21 10:00:00,1,96,0,1,0,79.21065990242884,16.789340097571156
2017-06-21 10:00:00,4,8,0,1,0,8.848367198899364,0.8483671988993642
2017-06-21 10:00:00,3,24,0,1,0,14.99429789252148,9.00570210747852
2017-06-21 10:00:00,2,29,0,1,0,19.98532474413582,9.01467525586418
2017-06-21 11:00:00,1,103,0,1,0,93.52652242395834,9.47347757604166
2017-06-21 11:00:00,4,5,0,1,0,9.801195783154993,4.801195783154993
2017-06-21 11:00:00,3,22,0,1,0,24.985392892115446,2.9853928921154456
2017-06-21 11:00:00,2,30,0,1,0,30.846799061266402,0.8467990612664025
2017-06-21 12:00:00,2,36,0,1,0,28.98608046147944,7.013919538520561
2017-06-21 12:00:00,3,26,0,1,0,21.953099256771967,4.046900743228033
2017-06-21 12:00:00,1,110,0,1,0,94.8379185635285,15.162081436471496
2017-06-21 12:00:00,4,16,0,1,0,8.398664337463957,7.601335662536043
2017-06-21 13:00:00,3,23,0,1,0,24.514112593565482,1.514112593565482
2017-06-21 13:00:00,4,7,0,1,0,12.040308230196986,5.040308230196986
2017-06-21 13:00:00,1,97,0,1,0,94.33952144493243,2.66047855506757
2017-06-21 13:00:00,2,30,0,1,0,34.41189807381609,4.41189807381609
2017-06-21 14:00:00,4,11,0,1,0,10.30229361558905,0.6977063844109495
2017-06-21 14:00:00,2,39,0,1,0,30.774020814103913,8.225979185896087
2017-06-21 14:00:00,3,53,0,1,0,23.62881083553847,29.37118916446153
2017-06-21 14:00:00,1,106,0,1,0,104.00166843801956,1.9983315619804358
2017-06-21 15:00:00,2,40,0,1,0,38.54334407021232,1.4566559297876793
2017-06-21 15:00:00,3,37,0,1,0,54.834574435744145,17.834574435744145
2017-06-21 15:00:00,4,9,0,1,0,10.809856276384851,1.809856276384851
2017-06-21 15:00:00,1,102,0,1,0,101.13084917564835,0.8691508243516495
2017-06-21 16:00:00,1,100,0,1,0,97.35726084201391,2.6427391579860853
2017-06-21 16:00:00,2,35,0,1,0,39.79799194846112,4.797991948461117
2017-06-21 16:00:00,3,28,0,1,0,33.68475889606434,5.684758896064338
2017-06-21 16:00:00,4,13,0,1,0,9.053888014876112,3.9461119851238884
2017-06-21 17:00:00,4,10,0,1,1,10.652581794250045,0.6525817942500449
2017-06-21 17:00:00,1,102,0,1,1,98.92712247902429,3.072877520975709
2017-06-21 17:00:00,2,40,0,1,1,35.76798955012688,4.232010449873123
2017-06-21 17:00:00,3,31,0,1,1,26.65437967212504,4.345620327874961
2017-06-21 18:00:00,1,105,0,1,1,102.85223700454476,2.1477629954552384
2017-06-21 18:00:00,2,39,0,1,1,41.1349409512377,2.1349409512377022
2017-06-21 18:00:00,3,30,0,1,1,31.08018773474286,1.0801877347428608
2017-06-21 18:00:00,4,10,0,1,1,10.395288866806574,0.39528886680657394
2017-06-21 19:00:00,4,11,0,1,1,9.963495834096195,1.0365041659038052
2017-06-21 19:00:00,1,109,0,1,1,105.12330652333267,3.8766934766673273
2017-06-21 19:00:00,3,26,0,1,1,30.758735767653267,4.758735767653267
2017-06-21 19:00:00,2,47,0,1,1,40.390881581873245,6.609118418126755
2017-06-21 20:00:00,2,42,0,1,0,49.18579611617057,7.185796116170572
2017-06-21 20:00:00,3,21,0,1,0,26.037759718632326,5.037759718632326
2017-06-21 20:00:00,1,106,0,1,0,102.92433702749689,3.0756629725031104
2017-06-21 20:00:00,4,13,0,1,0,10.151155328081803,2.8488446719181972
2017-06-21 21:00:00,1,97,0,1,0,96.71799087252873,0.2820091274712695
2017-06-21 21:00:00,2,40,0,1,0,41.29789705848279,1.2978970584827891
2017-06-21 21:00:00,4,14,0,1,0,10.783581970159455,3.216418029840545
2017-06-21 21:00:00,3,26,0,1,0,21.070097356328056,4.929902643671944
2017-06-21 22:00:00,1,94,0,1,0,91.05179508192798,2.9482049180720225
2017-06-21 22:00:00,4,13,0,1,0,12.043868122682232,0.9561318773177678
2017-06-21 22:00:00,2,36,0,1,0,38.69467690138632,2.694676901386323
2017-06-21 22:00:00,3,23,0,1,0,24.70078554356109,1.7007855435610892
2017-06-21 23:00:00,1,88,0,1,0,83.80304827511435,4.1969517248856505
2017-06-21 23:00:00,3,23,0,1,0,21.855382117279948,1.144617882720052
2017-06-21 23:00:00,4,11,0,1,0,11.72468715836968,0.7246871583696795
2017-06-21 23:00:00,2,31,0,1,0,34.441155092317054,3.4411550923170537
2017-06-22 00:00:00,3,16,0,1,0,19.813356636028484,3.813356636028484
2017-06-22 00:00:00,1,76,0,1,0,80.46827201322436,4.4682720132243645
2017-06-22 00:00:00,4,7,0,1,0,9.911718988519356,2.9117189885193557
2017-06-22 00:00:00,2,33,0,1,0,30.468971023184334,2.5310289768156657
2017-06-22 01:00:00,1,66,0,1,0,64.51008140736424,1.4899185926357603
2017-06-22 01:00:00,4,8,0,1,0,6.542738209857723,1.4572617901422769
2017-06-22 01:00:00,3,13,0,1,0,12.47265875251075,0.5273412474892503
2017-06-22 01:00:00,2,32,0,1,0,28.215698615052194,3.784301384947806
2017-06-22 02:00:00,2,26,0,1,0,27.714194361300255,1.7141943613002546
2017-06-22 02:00:00,4,4,0,1,0,5.857845512556882,1.8578455125568816
2017-06-22 02:00:00,3,13,0,1,0,10.822601244572413,2.1773987554275873
2017-06-22 02:00:00,1,54,0,1,0,58.50115568082248,4.501155680822478
2017-06-22 03:00:00,2,18,0,1,0,21.97625386670157,3.976253866701569
2017-06-22 03:00:00,4,3,0,1,0,4.944871312953678,1.944871312953678
2017-06-22 03:00:00,3,7,0,1,0,10.57778413720885,3.57778413720885
2017-06-22 03:00:00,1,46,0,1,0,48.452377660337255,2.4523776603372553
2017-06-22 04:00:00,2,17,0,1,0,16.73283163352432,0.2671683664756799
2017-06-22 04:00:00,1,41,0,1,0,41.593576868128245,0.5935768681282454
2017-06-22 04:00:00,3,6,0,1,0,7.580784386189468,1.5807843861894684
2017-06-22 04:00:00,4,7,0,1,0,4.135153852034592,2.864846147965408
2017-06-22 05:00:00,1,38,0,1,0,37.47992732607222,0.5200726739277783
2017-06-22 05:00:00,4,2,0,1,0,4.528874358928593,2.5288743589285927
2017-06-22 05:00:00,3,9,0,1,0,6.620846661974433,2.379153338025567
2017-06-22 05:00:00,2,19,0,1,0,16.566827246522756,2.433172753477244
2017-06-22 06:00:00,2,14,0,1,0,18.12915797569725,4.12915797569725
2017-06-22 06:00:00,4,4,0,1,0,4.659986223598272,0.6599862235982723
2017-06-22 06:00:00,1,44,0,1,0,41.26987750202964,2.7301224979703633
2017-06-22 06:00:00,3,10,0,1,0,7.087767155138901,2.912232844861099
2017-06-22 07:00:00,2,17,0,1,1,17.575985971208812,0.5759859712088122
2017-06-22 07:00:00,1,50,0,1,1,46.88267822073989,3.1173217792601093
2017-06-22 07:00:00,3,9,0,1,1,9.77303753563859,0.7730375356385899
2017-06-22 07:00:00,4,5,0,1,1,5.348282362739627,0.348282362739627
2017-06-22 08:00:00,4,10,0,1,1,5.775744178728291,4.224255821271709
2017-06-22 08:00:00,2,20,0,1,1,18.30371339713628,1.6962866028637187
2017-06-22 08:00:00,1,58,0,1,1,54.80256796313098,3.1974320368690172
2017-06-22 08:00:00,3,12,0,1,1,10.472861349231191,1.5271386507688085
2017-06-22 09:00:00,4,10,0,1,1,9.634559571327204,0.36544042867279636
2017-06-22 09:00:00,2,21,0,1,1,21.507986274882626,0.5079862748826258
2017-06-22 09:00:00,1,71,0,1,1,66.69886241386943,4.301137586130565
2017-06-22 09:00:00,3,20,0,1,1,13.68957623984454,6.3104237601554605
2017-06-22 10:00:00,3,30,0,1,0,21.22072438193772,8.779275618062279
2017-06-22 10:00:00,2,27,0,1,0,22.902989931140166,4.097010068859834
2017-06-22 10:00:00,1,107,0,1,0,79.43103017666935,27.568969823330647
2017-06-22 10:00:00,4,9,0,1,0,12.050457478802722,3.0504574788027217
2017-06-22 11:00:00,4,13,0,1,0,11.297178944118947,1.7028210558810528
2017-06-22 11:00:00,2,35,0,1,0,30.186418736109434,4.8135812638905655
2017-06-22 11:00:00,3,32,0,1,0,32.27118916525755,0.2711891652575531
2017-06-22 11:00:00,1,115,0,1,0,95.35052743251354,19.649472567486455
2017-06-22 12:00:00,2,34,0,1,0,34.548218940845324,0.5482189408453237
2017-06-22 12:00:00,4,13,0,1,0,12.732046453770481,0.26795354622951884
2017-06-22 12:00:00,3,33,0,1,0,31.581761233092376,1.4182387669076242
2017-06-22 12:00:00,1,119,0,1,0,98.17565103280161,20.82434896719839
2017-06-22 13:00:00,4,11,0,1,0,11.325040080082543,0.3250400800825428
2017-06-22 13:00:00,2,38,0,1,0,32.764440424910305,5.235559575089695
2017-06-22 13:00:00,1,104,0,1,0,94.91550244060623,9.084497559393768
2017-06-22 13:00:00,3,25,0,1,0,31.648296533200355,6.648296533200355
2017-06-22 14:00:00,2,39,0,1,0,39.386945504096296,0.38694550409629613
2017-06-22 14:00:00,3,162,0,1,0,25.856699844172155,136.14330015582783
2017-06-22 14:00:00,4,33,0,1,0,12.159659503069195,20.840340496930807
2017-06-22 14:00:00,1,119,0,1,0,103.85226688534014,15.147733114659857
2017-06-22 15:00:00,1,111,0,1,0,102.36188011689167,8.638119883108331
2017-06-22 15:00:00,4,25,0,1,0,28.6124535899535,3.6124535899534997
2017-06-22 15:00:00,2,39,0,1,0,38.99615658375258,0.0038434162474203504
2017-06-22 15:00:00,3,83,0,1,0,132.64220596899088,49.64220596899088
2017-06-22 16:00:00,2,36,0,1,0,38.20368085726407,2.203680857264068
2017-06-22 16:00:00,3,60,0,1,0,83.7501439298413,23.7501439298413
2017-06-22 16:00:00,1,103,0,1,0,99.24958484550186,3.7504151544981426
2017-06-22 16:00:00,4,28,0,1,0,20.058833483111428,7.941166516888572
2017-06-22 17:00:00,1,102,0,1,1,100.98837934366026,1.011620656339744
2017-06-22 17:00:00,2,38,0,1,1,36.089200115370325,1.9107998846296752
2017-06-22 17:00:00,4,20,0,1,1,26.754441324007644,6.754441324007644
2017-06-22 17:00:00,3,52,0,1,1,56.84918590578707,4.849185905787067
2017-06-22 18:00:00,3,44,0,1,1,51.47017838999602,7.470178389996022
2017-06-22 18:00:00,1,111,0,1,1,103.63157234158615,7.36842765841385
2017-06-22 18:00:00,2,39,0,1,1,39.66953297206299,0.6695329720629886
2017-06-22 18:00:00,4,15,0,1,1,19.130128891274445,4.130128891274445
2017-06-22 19:00:00,2,48,0,1,1,40.50870782031106,7.491292179688941
2017-06-22 19:00:00,1,112,0,1,1,108.62251744149562,3.377482558504383
2017-06-22 19:00:00,3,39,0,1,1,43.28167811309149,4.281678113091488
2017-06-22 19:00:00,4,15,0,1,1,16.688277742309083,1.688277742309083
2017-06-22 20:00:00,2,39,0,1,0,49.679771685106864,10.679771685106864
2017-06-22 20:00:00,3,34,0,1,0,39.42960581664568,5.429605816645683
2017-06-22 20:00:00,4,12,0,1,0,15.045666390812922,3.0456663908129222
2017-06-22 20:00:00,1,110,0,1,0,101.5195550261808,8.480444973819203
2017-06-22 21:00:00,3,36,0,1,0,33.948835183256,2.0511648167439986
2017-06-22 21:00:00,1,97,0,1,0,97.81581995666859,0.8158199566685909
2017-06-22 21:00:00,2,36,0,1,0,37.6089059839807,1.6089059839806978
2017-06-22 21:00:00,4,10,0,1,0,11.700007432860062,1.7000074328600618
2017-06-22 22:00:00,3,34,0,1,0,35.351734420088704,1.3517344200887038
2017-06-22 22:00:00,1,91,0,1,0,91.05179508192798,0.05179508192797755
2017-06-22 22:00:00,4,16,0,1,0,10.449701917033732,5.550298082966268
2017-06-22 22:00:00,2,36,0,1,0,34.99890330619688,1.0010966938031203
2017-06-22 23:00:00,4,10,0,1,0,12.72844130892732,2.7284413089273194
2017-06-22 23:00:00,2,33,0,1,0,34.19031731434696,1.190317314346963
2017-06-22 23:00:00,3,27,0,1,0,32.56041102470375,5.560411024703747
2017-06-22 23:00:00,1,84,0,1,0,83.5230328981231,0.4769671018768946
2017-06-23 00:00:00,3,25,0,1,0,26.09209479995645,1.092094799956449
2017-06-23 00:00:00,4,6,0,1,0,10.048114464040035,4.048114464040035
2017-06-23 00:00:00,2,32,0,1,0,30.477415703582196,1.5225842964178042
2017-06-23 00:00:00,1,78,0,1,0,81.87754643623884,3.8775464362388448
2017-06-23 01:00:00,2,28,0,1,0,27.699700360150718,0.3002996398492819
2017-06-23 01:00:00,1,69,0,1,0,67.95309900162772,1.04690099837228
2017-06-23 01:00:00,3,15,0,1,0,18.639806891538925,3.6398068915389246
2017-06-23 01:00:00,4,2,0,1,0,6.154737222984714,4.154737222984714
2017-06-23 02:00:00,4,3,0,1,0,4.7721061227242405,1.7721061227242405
2017-06-23 02:00:00,2,24,0,1,0,23.589608021768978,0.41039197823102214
2017-06-23 02:00:00,3,11,0,1,0,12.123360053802706,1.1233600538027062
2017-06-23 02:00:00,1,58,0,1,0,58.37509132544857,0.3750913254485724
2017-06-23 03:00:00,1,50,0,1,0,51.34553246555385,1.3455324655538519
2017-06-23 03:00:00,3,6,0,1,0,9.956482225118709,3.956482225118709
2017-06-23 03:00:00,2,23,0,1,0,20.66091640445037,2.3390835955496314
2017-06-23 03:00:00,4,6,0,1,0,3.8266995504117034,2.1733004495882966
2017-06-23 04:00:00,1,37,0,1,0,45.309068798008276,8.309068798008276
2017-06-23 04:00:00,2,17,0,1,0,19.372633269391798,2.372633269391798
2017-06-23 04:00:00,4,7,0,1,0,3.9666370581181067,3.0333629418818933
2017-06-23 04:00:00,3,10,0,1,0,7.468573683763536,2.5314263162364643
2017-06-23 05:00:00,4,6,0,1,0,4.738557282215793,1.261442717784207
2017-06-23 05:00:00,1,38,0,1,0,34.29103735357357,3.7089626464264285
2017-06-23 05:00:00,3,10,0,1,0,7.515492363700442,2.4845076362995577
2017-06-23 05:00:00,2,17,0,1,0,16.937500480353652,0.062499519646348034
2017-06-23 06:00:00,4,7,0,1,0,5.515735517357733,1.484264482642267
2017-06-23 06:00:00,1,41,0,1,0,40.91440584624776,0.08559415375223978
2017-06-23 06:00:00,2,14,0,1,0,17.74652204567441,3.7465220456744106
2017-06-23 06:00:00,3,7,0,1,0,8.476702051898068,1.4767020518980676
2017-06-23 07:00:00,4,6,0,1,1,6.9909760738442,0.9909760738442
2017-06-23 07:00:00,1,47,0,1,1,44.540142280098486,2.459857719901514
2017-06-23 07:00:00,3,14,0,1,1,9.3551941994434,4.6448058005566
2017-06-23 07:00:00,2,18,0,1,1,17.08404545846488,0.9159545415351182
2017-06-23 08:00:00,1,61,0,1,1,52.58825170293699,8.411748297063014
2017-06-23 08:00:00,4,5,0,1,1,7.163063254871604,2.163063254871604
2017-06-23 08:00:00,3,15,0,1,1,13.380202465123284,1.6197975348767155
2017-06-23 08:00:00,2,16,0,1,1,18.441067806537532,2.441067806537532
2017-06-23 09:00:00,4,8,0,1,1,8.111131898891017,0.11113189889101704
2017-06-23 09:00:00,1,71,0,1,1,66.95251521818956,4.047484781810439
2017-06-23 09:00:00,3,19,0,1,1,16.681369612971647,2.318630387028353
2017-06-23 09:00:00,2,18,0,1,1,19.489585512201568,1.4895855122015682
2017-06-23 10:00:00,4,12,0,1,0,9.20139132203263,2.798608677967369
2017-06-23 10:00:00,1,87,0,1,0,77.25454422182567,9.745455778174332
2017-06-23 10:00:00,3,27,0,1,0,20.986342031071334,6.0136579689286656
2017-06-23 10:00:00,2,27,0,1,0,20.108500883681494,6.891499116318506
2017-06-23 11:00:00,3,31,0,1,0,30.174613177937296,0.8253868220627041
2017-06-23 11:00:00,2,29,0,1,0,29.917529459743303,0.917529459743303
2017-06-23 11:00:00,1,92,0,1,0,85.26340387946145,6.73659612053855
2017-06-23 11:00:00,4,10,0,1,0,12.174857832220846,2.1748578322208463
2017-06-23 12:00:00,2,34,0,1,0,27.400900841203573,6.599099158796427
2017-06-23 12:00:00,4,12,0,1,0,11.37175877805393,0.6282412219460696
2017-06-23 12:00:00,3,31,0,1,0,29.79903435925491,1.200965640745089
2017-06-23 12:00:00,1,96,0,1,0,87.61419089570043,8.385809104299568
2017-06-23 13:00:00,4,7,0,1,0,10.460865869841802,3.4608658698418022
2017-06-23 13:00:00,3,22,0,1,0,29.00050692311897,7.000506923118969
2017-06-23 13:00:00,1,87,0,1,0,82.6881733154148,4.311826684585199
2017-06-23 13:00:00,2,26,0,1,0,32.2935561500922,6.293556150092201
2017-06-23 14:00:00,4,12,0,1,0,9.574611425186829,2.425388574813171
2017-06-23 14:00:00,3,30,0,1,0,23.02305325853295,6.976946741467049
2017-06-23 14:00:00,1,95,0,1,0,88.8087842808085,6.191215719191504
2017-06-23 14:00:00,2,39,0,1,0,26.52197890809596,12.47802109190404
2017-06-23 15:00:00,3,31,0,1,0,29.150693170666564,1.849306829333436
2017-06-23 15:00:00,2,39,0,1,0,38.44859486312138,0.5514051368786212
2017-06-23 15:00:00,1,92,0,1,0,88.36364877506688,3.6363512249331222
2017-06-23 15:00:00,4,11,0,1,0,10.993832506153367,0.00616749384663251
2017-06-23 16:00:00,3,28,0,1,0,28.986200970593664,0.9862009705936643
2017-06-23 16:00:00,4,12,0,1,0,10.17059260839288,1.8294073916071198
2017-06-23 16:00:00,1,82,0,1,0,83.44719864608344,1.4471986460834358
2017-06-23 16:00:00,2,32,0,1,0,38.22703865025567,6.227038650255672
2017-06-23 17:00:00,3,29,0,1,1,27.188451466553772,1.8115485334462278
2017-06-23 17:00:00,1,85,0,1,1,78.42607608486293,6.5739239151370725
2017-06-23 17:00:00,2,32,0,1,1,32.84877329030107,0.8487732903010681
2017-06-23 17:00:00,4,12,0,1,1,10.780778991612527,1.219221008387473
2017-06-23 18:00:00,4,8,0,1,1,10.91085462621745,2.91085462621745
2017-06-23 18:00:00,1,88,0,1,1,85.82231865447035,2.177681345529649
2017-06-23 18:00:00,2,32,0,1,1,33.09757366341087,1.09757366341087
2017-06-23 18:00:00,3,25,0,1,1,28.73364667704127,3.7336466770412713
2017-06-23 19:00:00,1,94,0,1,1,86.29790303977053,7.702096960229468
2017-06-23 19:00:00,4,17,0,1,1,9.680785715481912,7.319214284518088
2017-06-23 19:00:00,2,36,0,1,1,33.91771835239603,2.0822816476039705
2017-06-23 19:00:00,3,27,0,1,1,26.371443596198244,0.6285564038017561
2017-06-23 20:00:00,3,21,0,1,0,27.290146218769088,6.290146218769088
2017-06-23 20:00:00,2,36,0,1,0,35.9164273133966,0.08357268660339656
2017-06-23 20:00:00,1,90,0,1,0,87.33165181249622,2.6683481875037813
2017-06-23 20:00:00,4,17,0,1,0,13.615380981436019,3.3846190185639813
2017-06-23 21:00:00,4,10,0,1,0,13.978212551159698,3.9782125511596984
2017-06-23 21:00:00,2,32,0,1,0,35.06976088031516,3.069760880315158
2017-06-23 21:00:00,3,19,0,1,0,20.968026229159115,1.9680262291591148
2017-06-23 21:00:00,1,81,0,1,0,85.58254809807386,4.5825480980738575
2017-06-23 22:00:00,2,28,0,1,0,32.13418985293495,4.134189852934952
2017-06-23 22:00:00,3,20,0,1,0,18.754101012091756,1.2458989879082445
2017-06-23 22:00:00,4,10,0,1,0,11.969239191244636,1.969239191244636
2017-06-23 22:00:00,1,75,0,1,0,77.97425933598208,2.974259335982083
2017-06-23 23:00:00,3,23,0,1,0,18.667083811563707,4.332916188436293
2017-06-23 23:00:00,1,75,0,1,0,71.59115867469886,3.4088413253011396
2017-06-23 23:00:00,4,14,0,1,0,10.141941666194844,3.8580583338051557
2017-06-23 23:00:00,2,29,0,1,0,26.398924982928516,2.6010750170714836
2017-06-24 00:00:00,2,27,0,0,0,26.131356477226827,0.8686435227731728
2017-06-24 00:00:00,4,10,0,0,0,9.574329521538752,0.4256704784612477
2017-06-24 00:00:00,3,16,0,0,0,19.323733371234585,3.323733371234585
2017-06-24 00:00:00,1,66,0,0,0,69.03742735584882,3.03742735584882
2017-06-24 01:00:00,3,10,0,0,0,12.365782950486276,2.3657829504862757
2017-06-24 01:00:00,4,5,0,0,0,7.452830438411741,2.452830438411741
2017-06-24 01:00:00,1,54,0,0,0,57.12320337712796,3.1232033771279575
2017-06-24 01:00:00,2,24,0,0,0,23.26364870427968,0.7363512957203184
2017-06-24 02:00:00,1,47,0,0,0,47.58060154386315,0.5806015438631533
2017-06-24 02:00:00,3,12,0,0,0,9.239428123736468,2.7605718762635316
2017-06-24 02:00:00,4,5,0,0,0,5.976435971835494,0.9764359718354942
2017-06-24 02:00:00,2,23,0,0,0,20.51710689206046,2.482893107939539
2017-06-24 03:00:00,1,42,0,0,0,41.37892547898377,0.621074521016233
2017-06-24 03:00:00,2,15,0,0,0,19.183930230418557,4.183930230418557
2017-06-24 03:00:00,3,9,0,0,0,9.152506702349658,0.15250670234965824
2017-06-24 03:00:00,4,4,0,0,0,4.779433670473323,0.7794336704733231
2017-06-24 04:00:00,1,33,0,0,0,37.44060802961053,4.44060802961053
2017-06-24 04:00:00,3,7,0,0,0,7.707103280363565,0.7071032803635653
2017-06-24 04:00:00,2,10,0,0,0,14.15231378395933,4.152313783959331
2017-06-24 04:00:00,4,5,0,0,0,3.8963023294809798,1.1036976705190202
2017-06-24 05:00:00,2,11,0,0,0,10.791183435342317,0.20881656465768295
2017-06-24 05:00:00,3,6,0,0,0,6.8992303632166845,0.8992303632166845
2017-06-24 05:00:00,1,29,0,0,0,30.515502000661563,1.515502000661563
2017-06-24 05:00:00,4,5,0,0,0,3.9933462555748394,1.0066537444251606
2017-06-24 06:00:00,4,5,0,0,0,4.436252946795068,0.5637470532049322
2017-06-24 06:00:00,3,7,0,0,0,6.433173742473768,0.5668262575262322
2017-06-24 06:00:00,2,10,0,0,0,11.037824900482772,1.0378249004827715
2017-06-24 06:00:00,1,34,0,0,0,29.99593407051658,4.004065929483421
2017-06-24 07:00:00,1,36,0,0,1,37.67256640442328,1.6725664044232786
2017-06-24 07:00:00,2,9,0,0,1,11.417719075811586,2.4177190758115863
2017-06-24 07:00:00,3,11,0,0,1,7.441415533572056,3.558584466427944
2017-06-24 07:00:00,4,4,0,0,1,5.2057356601337315,1.2057356601337315
2017-06-24 08:00:00,3,12,0,0,1,10.547304153531682,1.452695846468318
2017-06-24 08:00:00,4,3,0,0,1,5.593762594015625,2.593762594015625
2017-06-24 08:00:00,2,12,0,0,1,10.639376498417155,1.360623501582845
2017-06-24 08:00:00,1,38,0,0,1,40.330019311390195,2.3300193113901955
2017-06-24 09:00:00,3,16,0,0,1,13.29479567700937,2.70520432299063
2017-06-24 09:00:00,2,13,0,0,1,12.739411910943419,0.26058808905658104
2017-06-24 09:00:00,4,5,0,0,1,6.049901700788708,1.0499017007887081
2017-06-24 09:00:00,1,44,0,0,1,43.454386903891184,0.5456130961088164
2017-06-24 10:00:00,3,16,0,0,0,17.756165700204917,1.7561657002049174
2017-06-24 10:00:00,1,51,0,0,0,48.23833724981841,2.7616627501815927
2017-06-24 10:00:00,4,12,0,0,0,6.670556454478211,5.329443545521789
2017-06-24 10:00:00,2,15,0,0,0,13.752859096932339,1.2471409030676615
2017-06-24 11:00:00,2,14,0,0,0,16.027042398431384,2.0270423984313837
2017-06-24 11:00:00,4,11,0,0,0,10.727542903102899,0.2724570968971012
2017-06-24 11:00:00,1,55,0,0,0,58.13354308562258,3.133543085622577
2017-06-24 11:00:00,3,17,0,0,0,18.28804337740631,1.2880433774063107
2017-06-24 12:00:00,1,55,0,0,0,56.76943390223132,1.7694339022313201
2017-06-24 12:00:00,4,12,0,0,0,10.801469124793757,1.1985308752062434
2017-06-24 12:00:00,2,14,0,0,0,15.358559551639068,1.3585595516390683
2017-06-24 12:00:00,3,21,0,0,0,17.45761804395345,3.542381956046551
2017-06-24 13:00:00,1,53,0,0,0,51.73807699252817,1.2619230074718288
2017-06-24 13:00:00,4,6,0,0,0,10.366861788365094,4.366861788365094
2017-06-24 13:00:00,3,22,0,0,0,19.221752577664244,2.778247422335756
2017-06-24 13:00:00,2,18,0,0,0,14.152712801001746,3.847287198998254
2017-06-24 14:00:00,3,19,0,0,0,21.271644518510552,2.271644518510552
2017-06-24 14:00:00,4,14,0,0,0,8.583034308306964,5.416965691693036
2017-06-24 14:00:00,1,55,0,0,0,53.50108837428304,1.498911625716957
2017-06-24 14:00:00,2,12,0,0,0,16.647312702183047,4.647312702183047
2017-06-24 15:00:00,3,20,0,0,0,18.803979033390583,1.1960209666094173
2017-06-24 15:00:00,2,15,0,0,0,14.629496166721141,0.3705038332788586
2017-06-24 15:00:00,4,10,0,0,0,11.181294178214566,1.181294178214566
2017-06-24 15:00:00,1,56,0,0,0,54.70176721429799,1.2982327857020124
2017-06-24 16:00:00,3,16,0,0,0,19.33770073907193,3.3377007390719307
2017-06-24 16:00:00,2,17,0,0,0,15.143030306554923,1.8569696934450768
2017-06-24 16:00:00,4,6,0,0,0,9.903326974103113,3.9033269741031127
2017-06-24 16:00:00,1,58,0,0,0,54.5487651160619,3.451234883938099
2017-06-24 17:00:00,1,56,0,0,1,58.103085348213554,2.103085348213554
2017-06-24 17:00:00,4,9,0,0,1,8.45300618059053,0.5469938194094706
2017-06-24 17:00:00,3,22,0,0,1,17.50612204387451,4.493877956125491
2017-06-24 17:00:00,2,20,0,0,1,16.504216983618416,3.4957830163815835
2017-06-24 18:00:00,4,9,0,0,1,8.656006847086639,0.3439931529133613
2017-06-24 18:00:00,3,23,0,0,1,22.095537764960252,0.9044622350397482
2017-06-24 18:00:00,1,58,0,0,1,58.21526961806137,0.21526961806137024
2017-06-24 18:00:00,2,21,0,0,1,19.992351197084012,1.0076488029159876
2017-06-24 19:00:00,2,21,0,0,1,21.484577620764146,0.4845776207641457
2017-06-24 19:00:00,1,65,0,0,1,62.454375913368814,2.545624086631186
2017-06-24 19:00:00,4,10,0,0,1,9.081558417953682,0.9184415820463183
2017-06-24 19:00:00,3,21,0,0,1,24.36917472632611,3.3691747263261114
2017-06-24 20:00:00,2,18,0,0,0,21.54040916429765,3.5404091642976496
2017-06-24 20:00:00,4,10,0,0,0,9.598936374036414,0.4010636259635856
2017-06-24 20:00:00,3,21,0,0,0,22.136412285167697,1.1364122851676974
2017-06-24 20:00:00,1,64,0,0,0,66.249281023655,2.2492810236550014
2017-06-24 21:00:00,2,17,0,0,0,18.315821289458526,1.3158212894585262
2017-06-24 21:00:00,4,7,0,0,0,9.31387026775048,2.313870267750479
2017-06-24 21:00:00,1,66,0,0,0,61.76126168751093,4.238738312489069
2017-06-24 21:00:00,3,23,0,0,0,20.993384445683766,2.006615554316234
2017-06-24 22:00:00,4,9,0,0,0,8.439588618103597,0.5604113818964027
2017-06-24 22:00:00,3,24,0,0,0,23.190628351447636,0.8093716485523643
2017-06-24 22:00:00,1,64,0,0,0,65.50171267325857,1.5017126732585666
2017-06-24 22:00:00,2,20,0,0,0,17.723360991052576,2.2766390089474235
2017-06-24 23:00:00,3,20,0,0,0,23.789521264451928,3.7895212644519276
2017-06-24 23:00:00,4,6,0,0,0,8.271878756473269,2.271878756473269
2017-06-24 23:00:00,2,20,0,0,0,18.690894731996355,1.3091052680036448
2017-06-24 23:00:00,1,63,0,0,0,61.42023824781209,1.5797617521879133
2017-06-25 00:00:00,4,6,0,0,0,6.363987326034047,0.3639873260340467
2017-06-25 00:00:00,3,21,0,0,0,17.279423397101347,3.720576602898653
2017-06-25 00:00:00,2,20,0,0,0,18.090445354677495,1.9095546453225047
2017-06-25 00:00:00,1,57,0,0,0,56.66031053353003,0.3396894664699701
2017-06-25 01:00:00,1,44,0,0,0,48.9607621718949,4.960762171894899
2017-06-25 01:00:00,4,5,0,0,0,5.141510803700607,0.14151080370060676
2017-06-25 01:00:00,3,10,0,0,0,15.323594051103836,5.323594051103836
2017-06-25 01:00:00,2,16,0,0,0,17.045445414998355,1.0454454149983547
2017-06-25 02:00:00,2,16,0,0,0,14.422448039129506,1.577551960870494
2017-06-25 02:00:00,4,3,0,0,0,4.558332015583209,1.5583320155832094
2017-06-25 02:00:00,3,11,0,0,0,9.31159590975925,1.6884040902407502
2017-06-25 02:00:00,1,35,0,0,0,38.39576615489381,3.3957661548938134
2017-06-25 03:00:00,2,8,0,0,0,14.252736743485457,6.252736743485457
2017-06-25 03:00:00,4,4,0,0,0,3.8963023294809798,0.10369767051902024
2017-06-25 03:00:00,3,9,0,0,0,9.13211872812671,0.13211872812670933
2017-06-25 03:00:00,1,33,0,0,0,30.62943941898827,2.3705605810117305
2017-06-25 04:00:00,1,28,0,0,0,28.87973096615058,0.8797309661505786
2017-06-25 04:00:00,4,3,0,0,0,3.7826284211615517,0.7826284211615517
2017-06-25 04:00:00,2,11,0,0,0,9.27745434004936,1.7225456599506401
2017-06-25 04:00:00,3,7,0,0,0,7.522297625704539,0.5222976257045389
2017-06-25 05:00:00,1,25,0,0,0,26.92603083936806,1.9260308393680603
2017-06-25 05:00:00,4,5,0,0,0,3.4988202986710535,1.5011797013289465
2017-06-25 05:00:00,3,9,0,0,0,6.889212808754447,2.110787191245553
2017-06-25 05:00:00,2,11,0,0,0,9.261452423422428,1.738547576577572
2017-06-25 06:00:00,3,7,0,0,0,7.305205976419173,0.305205976419173
2017-06-25 06:00:00,2,11,0,0,0,9.867658314872731,1.132341685127269
2017-06-25 06:00:00,4,4,0,0,0,4.322579038475639,0.32257903847563885
2017-06-25 06:00:00,1,27,0,0,0,27.26931467276831,0.26931467276831
2017-06-25 07:00:00,3,11,0,0,1,8.058538556691419,2.9414614433085813
2017-06-25 07:00:00,2,8,0,0,1,11.902008884696649,3.9020088846966487
2017-06-25 07:00:00,1,32,0,0,1,30.470962922323224,1.5290370776767759
2017-06-25 07:00:00,4,6,0,0,1,4.93136841248109,1.0686315875189099
2017-06-25 08:00:00,3,12,0,0,1,10.937854918566773,1.0621450814332274
2017-06-25 08:00:00,2,11,0,0,1,10.898434536557131,0.10156546344286888
2017-06-25 08:00:00,4,6,0,0,1,5.860337398249849,0.13966260175015144
2017-06-25 08:00:00,1,37,0,0,1,35.896141166987846,1.1038588330121542
2017-06-25 09:00:00,4,6,0,0,1,6.746558145460566,0.7465581454605656
2017-06-25 09:00:00,2,11,0,0,1,11.887876873733392,0.8878768737333917
2017-06-25 09:00:00,3,13,0,0,1,13.29479567700937,0.29479567700937004
2017-06-25 09:00:00,1,44,0,0,1,41.733244344978004,2.2667556550219956
2017-06-25 10:00:00,4,5,0,0,0,7.895762736835209,2.8957627368352092
2017-06-25 10:00:00,2,13,0,0,0,12.390452939793558,0.6095470602064417
2017-06-25 10:00:00,1,52,0,0,0,46.968522159000365,5.031477840999635
2017-06-25 10:00:00,3,17,0,0,0,15.657150266639299,1.3428497333607012
2017-06-25 11:00:00,1,56,0,0,0,60.5447980502203,4.544798050220301
2017-06-25 11:00:00,2,17,0,0,0,14.173587976815405,2.826412023184595
2017-06-25 11:00:00,3,22,0,0,0,17.600627089891223,4.399372910108777
2017-06-25 11:00:00,4,8,0,0,0,7.389621468756666,0.6103785312433336
2017-06-25 12:00:00,1,58,0,0,0,57.36802004607029,0.631979953929708
2017-06-25 12:00:00,2,14,0,0,0,16.311007956632768,2.3110079566327677
2017-06-25 12:00:00,3,24,0,0,0,21.124063028893758,2.875936971106242
2017-06-25 12:00:00,4,5,0,0,0,7.889549849645486,2.889549849645486
2017-06-25 13:00:00,4,6,0,0,0,6.369952200960836,0.36995220096083603
2017-06-25 13:00:00,2,17,0,0,0,14.831009383494427,2.168990616505573
2017-06-25 13:00:00,1,60,0,0,0,55.04993737057263,4.9500626294273715
2017-06-25 13:00:00,3,18,0,0,0,22.983275723173275,4.983275723173275
2017-06-25 14:00:00,3,15,0,0,0,18.372571471067047,3.3725714710670474
2017-06-25 14:00:00,4,7,0,0,0,6.636067829453506,0.3639321705464944
2017-06-25 14:00:00,1,55,0,0,0,60.73555838164643,5.7355583816464275
2017-06-25 14:00:00,2,13,0,0,0,16.42436632194735,3.4243663219473497
2017-06-25 15:00:00,4,9,0,0,0,7.091215886885334,1.908784113114666
2017-06-25 15:00:00,2,16,0,0,0,14.979942134806105,1.0200578651938947
2017-06-25 15:00:00,1,54,0,0,0,54.70176721429799,0.7017672142979876
2017-06-25 15:00:00,3,14,0,0,0,17.080259150972367,3.080259150972367
2017-06-25 16:00:00,3,15,0,0,0,15.400926318799241,0.40092631879924134
2017-06-25 16:00:00,1,57,0,0,0,53.137535713315884,3.8624642866841157
2017-06-25 16:00:00,4,6,0,0,0,7.941944343005715,1.9419443430057148
2017-06-25 16:00:00,2,17,0,0,0,16.015423048935784,0.9845769510642164
2017-06-25 17:00:00,1,56,0,0,1,57.21918920399137,1.2191892039913697
2017-06-25 17:00:00,4,8,0,0,1,7.183372991183557,0.8166270088164431
2017-06-25 17:00:00,3,14,0,0,1,15.186495307407217,1.1864953074072169
2017-06-25 17:00:00,2,18,0,0,1,17.153964684019574,0.8460353159804264
2017-06-25 18:00:00,2,16,0,0,1,18.772832129807487,2.7728321298074867
2017-06-25 18:00:00,3,17,0,0,1,15.014428959179453,1.9855710408205471
2017-06-25 18:00:00,1,59,0,0,1,58.26992247205501,0.7300775279449923
2017-06-25 18:00:00,4,5,0,0,1,8.193770632133257,3.1937706321332566
2017-06-25 19:00:00,3,11,0,0,1,18.397503757287623,7.397503757287623
2017-06-25 19:00:00,1,66,0,0,1,63.83082969637281,2.1691703036271903
2017-06-25 19:00:00,4,7,0,0,1,7.245953814978633,0.2459538149786331
2017-06-25 19:00:00,2,20,0,0,1,18.984744659267164,1.0152553407328355
2017-06-25 20:00:00,4,8,0,0,0,7.841049010562747,0.15895098943725294
2017-06-25 20:00:00,1,64,0,0,0,68.12246984161989,4.122469841619889
2017-06-25 20:00:00,3,16,0,0,0,14.464017483054562,1.5359825169454382
2017-06-25 20:00:00,2,21,0,0,0,20.28521367277536,0.7147863272246404
2017-06-25 21:00:00,3,13,0,0,0,15.74032485959132,2.74032485959132
2017-06-25 21:00:00,2,22,0,0,0,19.899211968577237,2.1007880314227627
2017-06-25 21:00:00,1,61,0,0,0,61.76126168751093,0.761261687510931
2017-06-25 21:00:00,4,8,0,0,0,7.539142392097906,0.46085760790209385
2017-06-25 22:00:00,2,20,0,0,0,21.65032051291653,1.6503205129165295
2017-06-25 22:00:00,3,15,0,0,0,13.71220133165784,1.2877986683421607
2017-06-25 22:00:00,4,10,0,0,0,8.203298724323842,1.796701275676158
2017-06-25 22:00:00,1,64,0,0,0,59.0986820321835,4.901317967816503
2017-06-25 23:00:00,2,20,0,0,0,19.62199189754029,0.3780081024597095
2017-06-25 23:00:00,3,14,0,0,0,15.06669228599043,1.0666922859904293
2017-06-25 23:00:00,4,5,0,0,0,8.744557857469665,3.7445578574696654
2017-06-25 23:00:00,1,60,0,0,0,61.62172822965986,1.6217282296598583
2017-06-26 00:00:00,2,25,1,0,0,18.94830512745187,6.051694872548129
2017-06-26 00:00:00,3,13,1,0,0,12.348730327839418,0.6512696721605824
2017-06-26 00:00:00,4,6,1,0,0,6.59178332264102,0.5917833226410201
2017-06-26 00:00:00,1,59,1,0,0,54.46939670911085,4.530603290889147
2017-06-26 01:00:00,4,6,1,0,0,5.251173392360238,0.7488266076397618
2017-06-26 01:00:00,2,18,1,0,0,20.679340908003237,2.679340908003237
2017-06-26 01:00:00,3,11,1,0,0,10.572983435855724,0.42701656414427624
2017-06-26 01:00:00,1,51,1,0,0,51.438623484578386,0.43862348457838607
2017-06-26 02:00:00,3,7,1,0,0,9.61723898608249,2.6172389860824907
2017-06-26 02:00:00,4,5,1,0,0,4.800505662069799,0.19949433793020077
2017-06-26 02:00:00,2,13,1,0,0,16.449529910806962,3.4495299108069624
2017-06-26 02:00:00,1,42,1,0,0,45.787263465950396,3.787263465950396
2017-06-26 03:00:00,2,13,1,0,0,12.948012157868895,0.051987842131104856
2017-06-26 03:00:00,3,4,1,0,0,7.488824093598917,3.488824093598917
2017-06-26 03:00:00,4,3,1,0,0,4.797538827637945,1.7975388276379451
2017-06-26 03:00:00,1,40,1,0,0,38.68822714322713,1.311772856772869
2017-06-26 04:00:00,3,8,1,0,0,5.803243510548976,2.1967564894510243
2017-06-26 04:00:00,1,34,1,0,0,36.20957298249828,2.2095729824982797
2017-06-26 04:00:00,4,1,1,0,0,4.135509141535716,3.1355091415357164
2017-06-26 04:00:00,2,11,1,0,0,11.803003319837261,0.803003319837261
2017-06-26 05:00:00,4,6,1,0,0,3.6340580015801063,2.3659419984198937
2017-06-26 05:00:00,3,6,1,0,0,5.809114743342082,0.19088525665791778
2017-06-26 05:00:00,2,12,1,0,0,10.153033784014221,1.8469662159857787
2017-06-26 05:00:00,1,33,1,0,0,31.23193546075547,1.7680645392445307
2017-06-26 06:00:00,4,5,1,0,0,4.456272874785187,0.5437271252148133
2017-06-26 06:00:00,3,7,1,0,0,6.299402762987674,0.7005972370123263
2017-06-26 06:00:00,2,13,1,0,0,11.523610612680363,1.476389387319637
2017-06-26 06:00:00,1,41,1,0,0,35.54958384050698,5.450416159493017
2017-06-26 07:00:00,2,15,1,0,1,13.794989781612617,1.2050102183873825
2017-06-26 07:00:00,4,6,1,0,1,5.448057984177875,0.5519420158221253
2017-06-26 07:00:00,3,8,1,0,1,8.106330410323928,0.10633041032392754
2017-06-26 07:00:00,1,48,1,0,1,44.63155293191752,3.3684470680824816
2017-06-26 08:00:00,3,10,1,0,1,9.149431038431205,0.8505689615687952
2017-06-26 08:00:00,1,55,1,0,1,53.46520186553254,1.534798134467458
2017-06-26 08:00:00,4,3,1,0,1,6.823756690654544,3.8237566906545437
2017-06-26 08:00:00,2,15,1,0,1,15.772324214617786,0.772324214617786
2017-06-26 09:00:00,1,64,1,0,1,65.3577131517445,1.3577131517445054
2017-06-26 09:00:00,4,6,1,0,1,6.706266017445997,0.7062660174459969
2017-06-26 09:00:00,3,16,1,0,1,11.458145989410767,4.541854010589233
2017-06-26 09:00:00,2,16,1,0,1,17.254785105526967,1.2547851055269668
2017-06-26 10:00:00,1,73,1,0,0,75.68900246034056,2.6890024603405607
2017-06-26 10:00:00,2,18,1,0,0,18.525446354425483,0.5254463544254833
2017-06-26 10:00:00,4,10,1,0,0,7.434588667226761,2.5654113327732393
2017-06-26 10:00:00,3,20,1,0,0,17.094879700444835,2.905120299555165
2017-06-26 11:00:00,1,81,1,0,0,80.55640409146417,0.4435959085358263
2017-06-26 11:00:00,3,20,1,0,0,20.857071588537828,0.8570715885378277
2017-06-26 11:00:00,2,21,1,0,0,19.22225551311253,1.777744486887471
2017-06-26 11:00:00,4,9,1,0,0,9.686273130942936,0.6862731309429364
2017-06-26 12:00:00,4,7,1,0,0,9.990505253150118,2.9905052531501184
2017-06-26 12:00:00,1,91,1,0,0,84.70963062000465,6.290369379995354
2017-06-26 12:00:00,2,25,1,0,0,20.386191313358406,4.613808686641594
2017-06-26 12:00:00,3,20,1,0,0,19.918991354625447,0.08100864537455266
2017-06-26 13:00:00,4,10,1,0,0,8.137763819397838,1.862236180602162
2017-06-26 13:00:00,1,84,1,0,0,82.93402341143387,1.06597658856613
2017-06-26 13:00:00,2,29,1,0,0,23.696239571300886,5.303760428699114
2017-06-26 13:00:00,3,21,1,0,0,19.352916965464104,1.6470830345358962
2017-06-26 14:00:00,4,9,1,0,0,9.298921888806534,0.29892188880653414
2017-06-26 14:00:00,2,28,1,0,0,27.50157672046184,0.4984232795381587
2017-06-26 14:00:00,3,27,1,0,0,20.682642675625388,6.317357324374612
2017-06-26 14:00:00,1,87,1,0,0,91.7037668422043,4.703766842204303
2017-06-26 15:00:00,2,29,1,0,0,26.932249424019055,2.067750575980945
2017-06-26 15:00:00,4,12,1,0,0,8.863576632545115,3.136423367454885
2017-06-26 15:00:00,1,86,1,0,0,85.05752545218884,0.9424745478111589
2017-06-26 15:00:00,3,25,1,0,0,26.33895965304142,1.338959653041421
2017-06-26 16:00:00,4,10,1,0,0,10.452711283117806,0.4527112831178055
2017-06-26 16:00:00,1,88,1,0,0,83.8059519366769,4.194048063323095
2017-06-26 16:00:00,2,29,1,0,0,27.30055926032915,1.6994407396708517
2017-06-26 16:00:00,3,21,1,0,0,24.125526940190355,3.1255269401903547
2017-06-26 17:00:00,4,12,1,0,1,9.958835417660627,2.0411645823393734
2017-06-26 17:00:00,1,93,1,0,1,83.45729940671103,9.54270059328897
2017-06-26 17:00:00,3,24,1,0,1,20.581177364805683,3.418822635194317
2017-06-26 17:00:00,2,30,1,0,1,28.083489406322546,1.9165105936774545
2017-06-26 18:00:00,2,37,1,0,1,30.043633567567007,6.9563664324329935
2017-06-26 18:00:00,1,107,1,0,1,91.53214029599123,15.467859704008774
2017-06-26 18:00:00,4,11,1,0,1,10.839951547026088,0.16004845297391235
2017-06-26 18:00:00,3,27,1,0,1,24.419336168037205,2.580663831962795
2017-06-26 19:00:00,3,26,1,0,1,27.16165305525759,1.1616530552575917
2017-06-26 19:00:00,1,111,1,0,1,100.85314720429199,10.146852795708014
2017-06-26 19:00:00,4,7,1,0,1,10.63131363189946,3.6313136318994594
2017-06-26 19:00:00,2,42,1,0,1,37.9566316001816,4.043368399818398
2017-06-26 20:00:00,1,107,1,0,0,97.31921315603502,9.680786843964981
2017-06-26 20:00:00,4,9,1,0,0,9.245699645512943,0.24569964551294277
2017-06-26 20:00:00,2,41,1,0,0,43.113745687985656,2.1137456879856558
2017-06-26 20:00:00,3,20,1,0,0,25.662605488950124,5.662605488950124
2017-06-26 21:00:00,1,103,1,0,0,91.94900809759913,11.050991902400867
2017-06-26 21:00:00,4,8,1,0,0,8.745280459792056,0.7452804597920561
2017-06-26 21:00:00,3,24,1,0,0,20.13077213906372,3.869227860936281
2017-06-26 21:00:00,2,34,1,0,0,38.94248491882328,4.942484918823283
2017-06-26 22:00:00,4,10,1,0,0,8.480886866662875,1.5191131333371253
2017-06-26 22:00:00,3,24,1,0,0,23.74345212022813,0.256547879771869
2017-06-26 22:00:00,2,36,1,0,0,33.734537963675024,2.2654620363249762
2017-06-26 22:00:00,1,99,1,0,0,88.25894548997312,10.741054510026885
2017-06-26 23:00:00,2,37,1,0,0,34.28682726374376,2.71317273625624
2017-06-26 23:00:00,4,10,1,0,0,8.969332129942305,1.0306678700576946
2017-06-26 23:00:00,1,97,1,0,0,83.09836349025477,13.90163650974523
2017-06-26 23:00:00,3,25,1,0,0,22.680641915353053,2.3193580846469466
2017-06-27 00:00:00,2,32,0,1,0,38.052393734620594,6.052393734620594
2017-06-27 00:00:00,1,92,0,1,0,91.27116462732214,0.7288353726778638
2017-06-27 00:00:00,3,17,0,1,0,21.776770049963975,4.776770049963975
2017-06-27 00:00:00,4,9,0,1,0,7.769185967838705,1.2308140321612946
2017-06-27 01:00:00,1,75,0,1,0,79.50666417265758,4.50666417265758
2017-06-27 01:00:00,4,5,0,1,0,6.570281463962243,1.5702814639622433
2017-06-27 01:00:00,3,14,0,1,0,13.683705754630969,0.31629424536903095
2017-06-27 01:00:00,2,31,0,1,0,27.75143555869448,3.2485644413055184
2017-06-27 02:00:00,1,69,0,1,0,73.53023060832253,4.530230608322526
2017-06-27 02:00:00,3,12,0,1,0,11.24496134071343,0.7550386592865692
2017-06-27 02:00:00,2,27,0,1,0,25.72825448799071,1.2717455120092893
2017-06-27 02:00:00,4,5,0,1,0,5.92623921326299,0.9262392132629902
2017-06-27 03:00:00,1,51,0,1,0,59.58028508762439,8.58028508762439
2017-06-27 03:00:00,4,4,0,1,0,4.970745704246883,0.970745704246883
2017-06-27 03:00:00,2,22,0,1,0,23.423981704336715,1.4239817043367147
2017-06-27 03:00:00,3,10,0,1,0,10.107489614872783,0.10748961487278308
2017-06-27 04:00:00,1,43,0,1,0,47.05043728047624,4.050437280476238
2017-06-27 04:00:00,4,1,0,1,0,4.150314607149283,3.1503146071492827
2017-06-27 04:00:00,2,19,0,1,0,18.86587276540315,0.13412723459684983
2017-06-27 04:00:00,3,8,0,1,0,8.607825301218465,0.6078253012184653
2017-06-27 05:00:00,3,6,0,1,0,7.466831566694917,1.4668315666949168
2017-06-27 05:00:00,1,41,0,1,0,39.182334128441575,1.8176658715584253
2017-06-27 05:00:00,2,18,0,1,0,17.723471874868622,0.27652812513137803
2017-06-27 05:00:00,4,1,0,1,0,3.7528325763393533,2.7528325763393533
2017-06-27 06:00:00,4,1,0,1,0,4.140997922684703,3.1409979226847033
2017-06-27 06:00:00,1,46,0,1,0,43.07969555915225,2.920304440847751
2017-06-27 06:00:00,2,14,0,1,0,18.028710198519153,4.028710198519153
2017-06-27 06:00:00,3,6,0,1,0,7.398399299266746,1.398399299266746
2017-06-27 07:00:00,1,52,0,1,1,49.76650805136791,2.2334919486320928
2017-06-27 07:00:00,4,6,0,1,1,4.846831222784015,1.1531687772159849
2017-06-27 07:00:00,2,19,0,1,1,17.673664256895027,1.3263357431049734
2017-06-27 07:00:00,3,9,0,1,1,7.543832130227275,1.4561678697727247
2017-06-27 08:00:00,3,11,0,1,1,9.342566664610437,1.6574333353895625
2017-06-27 08:00:00,2,19,0,1,1,19.494671248422982,0.49467124842298205
2017-06-27 08:00:00,1,62,0,1,1,55.52171957901769,6.478280420982308
2017-06-27 08:00:00,4,3,0,1,1,5.861686072196281,2.8616860721962807
2017-06-27 09:00:00,4,4,0,1,1,6.5785832327909795,2.5785832327909795
2017-06-27 09:00:00,2,20,0,1,1,21.504212933962783,1.5042129339627834
2017-06-27 09:00:00,3,16,0,1,1,12.20575810837954,3.7942418916204605
2017-06-27 09:00:00,1,72,0,1,1,68.49244140437924,3.5075585956207647
2017-06-27 10:00:00,2,23,0,1,0,22.41746200557024,0.5825379944297602
2017-06-27 10:00:00,3,21,0,1,0,18.149235906544753,2.850764093455247
2017-06-27 10:00:00,4,9,0,1,0,7.496402766696655,1.5035972333033447
2017-06-27 10:00:00,1,93,0,1,0,82.15807790775447,10.841922092245525
2017-06-27 11:00:00,3,40,0,1,0,21.835419512720538,18.164580487279462
2017-06-27 11:00:00,1,128,0,1,0,92.08839228125099,35.91160771874901
2017-06-27 11:00:00,4,12,0,1,0,9.077407896899075,2.922592103100925
2017-06-27 11:00:00,2,28,0,1,0,24.77664945487926,3.2233505451207414
2017-06-27 12:00:00,4,33,0,1,0,11.575434001541437,21.42456599845856
2017-06-27 12:00:00,3,33,0,1,0,40.95511192240746,7.955111922407461
2017-06-27 12:00:00,1,121,0,1,0,102.57607064777336,18.423929352226637
2017-06-27 12:00:00,2,34,0,1,0,26.68440570894325,7.315594291056751
2017-06-27 13:00:00,3,40,0,1,0,30.21346196360511,9.78653803639489
2017-06-27 13:00:00,4,18,0,1,0,31.021929119622236,13.021929119622236
2017-06-27 13:00:00,1,107,0,1,0,95.88809046338855,11.11190953661145
2017-06-27 13:00:00,2,35,0,1,0,31.59285104065981,3.4071489593401907
2017-06-27 14:00:00,4,15,0,1,0,16.40534367373127,1.4053436737312701
2017-06-27 14:00:00,3,43,0,1,0,40.38647876358922,2.613521236410783
2017-06-27 14:00:00,2,39,0,1,0,36.10794927236597,2.892050727634029
2017-06-27 14:00:00,1,119,0,1,0,105.97241875969253,13.02758124030747
2017-06-27 15:00:00,4,12,0,1,0,16.235683625408463,4.235683625408463
2017-06-27 15:00:00,3,36,0,1,0,41.31002484854292,5.310024848542923
2017-06-27 15:00:00,1,114,0,1,0,101.54609286947674,12.453907130523262
2017-06-27 15:00:00,2,41,0,1,0,38.99615658375258,2.0038434162474204
2017-06-27 16:00:00,1,112,0,1,0,99.65676937615503,12.343230623844974
2017-06-27 16:00:00,3,36,0,1,0,35.16763926504589,0.8323607349541078
2017-06-27 16:00:00,4,10,0,1,0,12.987825086060017,2.987825086060017
2017-06-27 16:00:00,2,37,0,1,0,39.38251745514426,2.38251745514426
2017-06-27 17:00:00,3,41,0,1,1,36.25559773372874,4.744402266271258
2017-06-27 17:00:00,4,13,0,1,1,10.54674962826408,2.453250371735921
2017-06-27 17:00:00,1,116,0,1,1,107.23899732014566,8.761002679854343
2017-06-27 17:00:00,2,41,0,1,1,36.02332373077128,4.976676269228719
2017-06-27 18:00:00,1,122,0,1,1,112.58355199969995,9.41644800030005
2017-06-27 18:00:00,2,43,0,1,1,42.1406664028448,0.8593335971551994
2017-06-27 18:00:00,3,34,0,1,1,41.63709326702078,7.637093267020781
2017-06-27 18:00:00,4,15,0,1,1,11.042293772620102,3.957706227379898
2017-06-27 19:00:00,3,30,0,1,1,35.58072967894358,5.580729678943577
2017-06-27 19:00:00,4,12,0,1,1,12.813182987568021,0.8131829875680214
2017-06-27 19:00:00,2,44,0,1,1,44.708564324410915,0.708564324410915
2017-06-27 19:00:00,1,124,0,1,1,109.75459935467794,14.245400645322064
2017-06-27 20:00:00,1,121,0,1,0,100.67825798137557,20.321742018624434
2017-06-27 20:00:00,4,8,0,1,0,12.710365658190376,4.710365658190376
2017-06-27 20:00:00,2,41,0,1,0,43.45145243114814,2.451452431148141
2017-06-27 20:00:00,3,25,0,1,0,30.72032219364765,5.72032219364765
2017-06-27 21:00:00,4,10,0,1,0,9.625541600323547,0.37445839967645256
2017-06-27 21:00:00,3,28,0,1,0,25.062559572563632,2.9374404274363677
2017-06-27 21:00:00,2,34,0,1,0,38.82370349542263,4.823703495422627
2017-06-27 21:00:00,1,111,0,1,0,95.56974091054725,15.430259089452747
2017-06-27 22:00:00,1,98,0,1,0,91.13219167093044,6.867808329069561
2017-06-27 22:00:00,3,29,0,1,0,26.658825756246944,2.3411742437530556
2017-06-27 22:00:00,2,32,0,1,0,33.60122445160408,1.6012244516040823
2017-06-27 22:00:00,4,11,0,1,0,9.533908390819803,1.4660916091801965
2017-06-27 23:00:00,3,22,0,1,0,26.094392462828008,4.094392462828008
2017-06-27 23:00:00,4,8,0,1,0,9.48728244563977,1.4872824456397709
2017-06-27 23:00:00,1,98,0,1,0,85.93488648143466,12.06511351856534
2017-06-27 23:00:00,2,37,0,1,0,31.156858421397867,5.843141578602133
2017-06-28 00:00:00,3,20,0,1,0,20.729706634114553,0.729706634114553
2017-06-28 00:00:00,4,6,0,1,0,7.8448986022169285,1.8448986022169285
2017-06-28 00:00:00,1,89,0,1,0,91.33317947548682,2.3331794754868156
2017-06-28 00:00:00,2,33,0,1,0,37.907122287303125,4.907122287303125
2017-06-28 01:00:00,4,9,0,1,0,5.929368463549027,3.070631536450973
2017-06-28 01:00:00,3,12,0,1,0,15.149450970394012,3.149450970394012
2017-06-28 01:00:00,2,31,0,1,0,28.25293981244642,2.747060187553579
2017-06-28 01:00:00,1,70,0,1,0,78.22683495154165,8.226834951541647
2017-06-28 02:00:00,4,4,0,1,0,5.772630967836408,1.7726309678364078
2017-06-28 02:00:00,1,63,0,1,0,61.91243821725499,1.0875617827450128
2017-06-28 02:00:00,3,8,0,1,0,10.492635217469555,2.492635217469555
2017-06-28 02:00:00,2,25,0,1,0,25.72825448799071,0.7282544879907107
2017-06-28 03:00:00,4,6,0,1,0,5.05597087045404,0.9440291295459602
2017-06-28 03:00:00,3,9,0,1,0,8.438844291923598,0.5611557080764022
2017-06-28 03:00:00,1,55,0,1,0,56.79128824205792,1.7912882420579166
2017-06-28 03:00:00,2,22,0,1,0,21.282143364164856,0.7178566358351439
2017-06-28 04:00:00,3,9,0,1,0,7.330004794994427,1.6699952050055726
2017-06-28 04:00:00,1,44,0,1,0,49.18737790023628,5.187377900236278
2017-06-28 04:00:00,2,18,0,1,0,18.86587276540315,0.8658727654031502
2017-06-28 04:00:00,4,4,0,1,0,4.973712538678737,0.9737125386787371
2017-06-28 05:00:00,1,40,0,1,0,39.53195516128823,0.4680448387117693
2017-06-28 05:00:00,4,4,0,1,0,4.1782297469081495,0.17822974690814952
2017-06-28 05:00:00,2,18,0,1,0,17.10915361164106,0.8908463883589413
2017-06-28 05:00:00,3,9,0,1,0,7.148761601485228,1.8512383985147718
2017-06-28 06:00:00,4,5,0,1,0,4.642449062640315,0.3575509373596848
2017-06-28 06:00:00,1,45,0,1,0,42.727007225571136,2.2729927744288645
2017-06-28 06:00:00,3,9,0,1,0,8.106207972236918,0.893792027763082
2017-06-28 06:00:00,2,17,0,1,0,17.93888925690894,0.93888925690894
2017-06-28 07:00:00,3,8,0,1,1,9.752398040665229,1.7523980406652289
2017-06-28 07:00:00,2,21,0,1,1,19.625755500258673,1.3742444997413266
2017-06-28 07:00:00,4,8,0,1,1,5.445326288833486,2.5546737111665143
2017-06-28 07:00:00,1,54,0,1,1,48.464542353461525,5.535457646538475
2017-06-28 08:00:00,2,18,0,1,1,21.366994163130556,3.366994163130556
2017-06-28 08:00:00,4,6,0,1,1,7.401266623215222,1.4012666232152222
2017-06-28 08:00:00,3,11,0,1,1,10.091558890929232,0.9084411090707682
2017-06-28 08:00:00,1,59,0,1,1,56.78283217948054,2.2171678205194567
2017-06-28 09:00:00,1,70,0,1,1,66.55032679630233,3.449673203697671
2017-06-28 09:00:00,4,7,0,1,1,8.293624468971235,1.2936244689712346
2017-06-28 09:00:00,3,20,0,1,1,12.349331554238134,7.650668445761866
2017-06-28 09:00:00,2,23,0,1,1,20.98298585074225,2.0170141492577507
2017-06-28 10:00:00,2,24,0,1,0,25.75018631355564,1.7501863135556412
2017-06-28 10:00:00,3,25,0,1,0,21.564514114892003,3.4354858851079975
2017-06-28 10:00:00,1,88,0,1,0,79.59136024909725,8.40863975090275
2017-06-28 10:00:00,4,12,0,1,0,9.709821893647353,2.2901781063526467
2017-06-28 11:00:00,3,32,0,1,0,26.152872480279658,5.847127519720342
2017-06-28 11:00:00,1,108,0,1,0,88.33762071380589,19.66237928619411
2017-06-28 11:00:00,4,13,0,1,0,12.144889893602201,0.8551101063977988
2017-06-28 11:00:00,2,34,0,1,0,25.975186321218395,8.024813678781605
2017-06-28 12:00:00,2,36,0,1,0,32.94733089664883,3.052669103351171
2017-06-28 12:00:00,3,26,0,1,0,31.581761233092376,5.581761233092376
2017-06-28 12:00:00,4,10,0,1,0,12.863026690603137,2.863026690603137
2017-06-28 12:00:00,1,113,0,1,0,96.61570117408901,16.38429882591099
2017-06-28 13:00:00,2,26,0,1,0,34.12816095332529,8.128160953325292
2017-06-28 13:00:00,3,30,0,1,0,24.484274278926886,5.515725721073114
2017-06-28 13:00:00,4,14,0,1,0,10.350609488080936,3.649390511919064
2017-06-28 13:00:00,1,103,0,1,0,94.83441230134365,8.165587698656353
2017-06-28 14:00:00,2,39,0,1,0,26.83129963140584,12.168700368594159
2017-06-28 14:00:00,1,114,0,1,0,105.20454970848384,8.795450291516161
2017-06-28 14:00:00,4,15,0,1,0,12.452034638921557,2.547965361078443
2017-06-28 14:00:00,3,33,0,1,0,30.522253749814475,2.4777462501855254
2017-06-28 15:00:00,2,36,0,1,0,38.44859486312138,2.4485948631213788
2017-06-28 15:00:00,4,17,0,1,0,13.322501375484942,3.6774986245150583
2017-06-28 15:00:00,3,32,0,1,0,32.48939379694413,0.4893937969441282
2017-06-28 15:00:00,1,115,0,1,0,101.925037992315,13.074962007685002
2017-06-28 16:00:00,2,36,0,1,0,34.951696559010806,1.0483034409891943
2017-06-28 16:00:00,4,16,0,1,0,14.677150196990954,1.3228498030090456
2017-06-28 16:00:00,3,31,0,1,0,31.271550664483467,0.2715506644834669
2017-06-28 16:00:00,1,102,0,1,0,101.72558282864448,0.27441717135552324
2017-06-28 17:00:00,1,105,0,1,1,100.12930783628559,4.870692163714409
2017-06-28 17:00:00,4,14,0,1,1,15.340707946630864,1.3407079466308645
2017-06-28 17:00:00,2,35,0,1,1,36.14083123839398,1.1408312383939787
2017-06-28 17:00:00,3,29,0,1,1,30.36005353795517,1.3600535379551708
2017-06-28 18:00:00,3,28,0,1,1,29.08153693834014,1.0815369383401396
2017-06-28 18:00:00,4,11,0,1,1,14.790246993748976,3.7902469937489762
2017-06-28 18:00:00,1,113,0,1,1,107.30034736592539,5.69965263407461
2017-06-28 18:00:00,2,41,0,1,1,36.549765322398024,4.450234677601976
2017-06-28 19:00:00,3,31,0,1,1,28.424105709267767,2.575894290732233
2017-06-28 19:00:00,2,44,0,1,1,42.59950000268878,1.400499997311222
2017-06-28 19:00:00,4,15,0,1,1,12.05880133272394,2.94119866727606
2017-06-28 19:00:00,1,124,0,1,1,110.69437237906197,13.305627620938026
2017-06-28 20:00:00,1,112,0,1,0,102.96187022786074,9.038129772139257
2017-06-28 20:00:00,2,40,0,1,0,44.36614678403665,4.366146784036651
2017-06-28 20:00:00,4,23,0,1,0,13.158920743239703,9.841079256760297
2017-06-28 20:00:00,3,26,0,1,0,30.69004967972688,4.690049679726879
2017-06-28 21:00:00,3,23,0,1,0,25.564752294831315,2.5647522948313153
2017-06-28 21:00:00,1,102,0,1,0,94.25942445188625,7.740575548113753
2017-06-28 21:00:00,4,17,0,1,0,19.698457473781165,2.698457473781165
2017-06-28 21:00:00,2,33,0,1,0,38.84626569207572,5.846265692075718
2017-06-28 22:00:00,2,36,0,1,0,33.21750577878632,2.782494221213682
2017-06-28 22:00:00,4,22,0,1,0,15.884975987014828,6.115024012985172
2017-06-28 22:00:00,3,19,0,1,0,23.187325529607193,4.187325529607193
2017-06-28 22:00:00,1,96,0,1,0,91.60236573447203,4.397634265527969
2017-06-28 23:00:00,2,34,0,1,0,33.9647843034059,0.03521569659410062
2017-06-28 23:00:00,4,18,0,1,0,18.81860724969114,0.8186072496911407
2017-06-28 23:00:00,3,23,0,1,0,19.26372693139567,3.73627306860433
2017-06-28 23:00:00,1,96,0,1,0,84.78609392684328,11.213906073156721
2017-06-29 00:00:00,4,14,0,1,0,14.197189570483285,0.19718957048328534
2017-06-29 00:00:00,1,86,0,1,0,89.27318436507272,3.273184365072723
2017-06-29 00:00:00,2,37,0,1,0,31.155725446529893,5.8442745534701075
2017-06-29 00:00:00,3,19,0,1,0,19.874627722348198,0.8746277223481975
2017-06-29 01:00:00,3,15,0,1,0,15.02467505210694,0.024675052106939432
2017-06-29 01:00:00,1,76,0,1,0,76.43566382877843,0.4356638287784307
2017-06-29 01:00:00,4,11,0,1,0,10.340735967663605,0.6592640323363952
2017-06-29 01:00:00,2,24,0,1,0,31.528432369953702,7.528432369953702
2017-06-29 02:00:00,2,26,0,1,0,20.78553960263521,5.214460397364789
2017-06-29 02:00:00,3,13,0,1,0,11.953378022430574,1.0466219775694263
2017-06-29 02:00:00,4,10,0,1,0,8.38058556022982,1.6194144397701802
2017-06-29 02:00:00,1,63,0,1,0,65.47260100318779,2.4726010031877905
2017-06-29 03:00:00,3,9,0,1,0,10.657305577087945,1.6573055770879446
2017-06-29 03:00:00,4,5,0,1,0,7.4494077253964885,2.4494077253964885
2017-06-29 03:00:00,2,26,0,1,0,21.847270729301428,4.152729270698572
2017-06-29 03:00:00,1,48,0,1,0,56.795048670105274,8.795048670105274
2017-06-29 04:00:00,3,9,0,1,0,8.339165601637028,0.6608343983629723
2017-06-29 04:00:00,2,16,0,1,0,22.038179045963293,6.038179045963293
2017-06-29 04:00:00,4,5,0,1,0,5.787543153104955,0.7875431531049548
2017-06-29 04:00:00,1,45,0,1,0,43.92359235348708,1.0764076465129193
2017-06-29 05:00:00,3,9,0,1,0,7.731680056829383,1.2683199431706171
2017-06-29 05:00:00,2,13,0,1,0,16.359073052034336,3.3590730520343364
2017-06-29 05:00:00,1,40,0,1,0,40.52455848407035,0.5245584840703472
2017-06-29 05:00:00,4,4,0,1,0,5.1938115063749555,1.1938115063749555
2017-06-29 06:00:00,2,18,0,1,0,15.926740403716291,2.073259596283709
2017-06-29 06:00:00,3,8,0,1,0,8.106207972236918,0.10620797223691802
2017-06-29 06:00:00,1,49,0,1,0,42.3005237848538,6.699476215146198
2017-06-29 06:00:00,4,7,0,1,0,4.642449062640315,2.357550937359685
2017-06-29 07:00:00,3,13,0,1,1,9.165279856830649,3.834720143169351
2017-06-29 07:00:00,1,50,0,1,1,52.009740144463755,2.0097401444637555
2017-06-29 07:00:00,4,6,0,1,1,6.194095770662935,0.19409577066293515
2017-06-29 07:00:00,2,21,0,1,1,18.141835662499307,2.8581643375006927
2017-06-29 08:00:00,2,17,0,1,1,21.625676097939362,4.625676097939362
2017-06-29 08:00:00,4,8,0,1,1,6.896542749798867,1.1034572502011333
2017-06-29 08:00:00,3,14,0,1,1,12.766203725995213,1.2337962740047868
2017-06-29 08:00:00,1,55,0,1,1,54.80256796313098,0.19743203686901722
2017-06-29 09:00:00,3,17,0,1,1,15.974620943516907,1.025379056483093
2017-06-29 09:00:00,2,22,0,1,1,20.81725732018671,1.1827426798132912
2017-06-29 09:00:00,4,14,0,1,1,9.348638130468133,4.651361869531867
2017-06-29 09:00:00,1,68,0,1,1,65.16703551391362,2.8329644860863823
2017-06-29 10:00:00,2,24,0,1,0,24.701133769916787,0.7011337699167868
2017-06-29 10:00:00,4,12,0,1,0,13.679802780752787,1.6798027807527873
2017-06-29 10:00:00,3,22,0,1,0,19.37874683872397,2.62125316127603
2017-06-29 10:00:00,1,104,0,1,0,78.74681476571195,25.253185234288054
2017-06-29 11:00:00,4,15,0,1,0,13.884300344389452,1.1156996556105483
2017-06-29 11:00:00,3,27,0,1,0,23.3689572806057,3.6310427193943013
2017-06-29 11:00:00,2,25,0,1,0,25.734188226071666,0.7341882260716659
2017-06-29 11:00:00,1,112,0,1,0,95.52978239955668,16.47021760044332
2017-06-29 12:00:00,1,117,0,1,0,96.63110074589518,20.368899254104818
2017-06-29 12:00:00,2,36,0,1,0,24.707273350954786,11.292726649045214
2017-06-29 12:00:00,3,27,0,1,0,26.49681236010333,0.5031876398966695
2017-06-29 12:00:00,4,20,0,1,0,14.238678367676993,5.761321632323007
2017-06-29 13:00:00,1,103,0,1,0,96.16046948250553,6.839530517494467
2017-06-29 13:00:00,3,23,0,1,0,25.776326090749446,2.7763260907494463
2017-06-29 13:00:00,2,28,0,1,0,33.70471869692497,5.704718696924971
2017-06-29 13:00:00,4,17,0,1,0,16.585793195275745,0.4142068047242553
2017-06-29 14:00:00,2,36,0,1,0,28.237494898823137,7.762505101176863
2017-06-29 14:00:00,1,112,0,1,0,104.44218398166993,7.557816018330072
2017-06-29 14:00:00,3,32,0,1,0,24.086547703353254,7.913452296646746
2017-06-29 14:00:00,4,17,0,1,0,17.001557055644263,0.0015570556442625616
2017-06-29 15:00:00,2,36,0,1,0,35.43580006186951,0.5641999381304927
2017-06-29 15:00:00,4,16,0,1,0,16.75204242497461,0.7520424249746114
2017-06-29 15:00:00,1,113,0,1,0,101.33376198596466,11.666238014035343
2017-06-29 15:00:00,3,32,0,1,0,31.493262228014707,0.5067377719852928
2017-06-29 16:00:00,3,26,0,1,0,30.98548920728659,4.985489207286591
2017-06-29 16:00:00,4,19,0,1,0,15.240914112887118,3.7590858871128816
2017-06-29 16:00:00,1,107,0,1,0,100.09917615126736,6.900823848732642
2017-06-29 16:00:00,2,31,0,1,0,35.18656831627156,4.186568316271561
2017-06-29 17:00:00,1,111,0,1,1,104.38813952830142,6.611860471698577
2017-06-29 17:00:00,4,17,0,1,1,17.231066784201623,0.23106678420162297
2017-06-29 17:00:00,3,26,0,1,1,25.90706289031312,0.09293710968687918
2017-06-29 17:00:00,2,38,0,1,1,31.0365654016245,6.9634345983755
2017-06-29 18:00:00,2,40,0,1,1,38.858959869630596,1.1410401303694044
2017-06-29 18:00:00,3,35,0,1,1,26.186032771677198,8.813967228322802
2017-06-29 18:00:00,1,112,0,1,1,110.69129183112751,1.308708168872485
2017-06-29 18:00:00,4,19,0,1,1,17.007600786506682,1.992399213493318
2017-06-29 19:00:00,3,24,0,1,1,35.86925332371429,11.86925332371429
2017-06-29 19:00:00,1,113,0,1,1,112.16107021818696,0.8389297818130359
2017-06-29 19:00:00,4,9,0,1,1,17.80212092411939,8.80212092411939
2017-06-29 19:00:00,2,41,0,1,1,42.136561176251085,1.1365611762510852
2017-06-29 20:00:00,1,110,0,1,0,102.0104992815176,7.989500718482404
2017-06-29 20:00:00,4,13,0,1,0,12.646028360959546,0.3539716390404539
2017-06-29 20:00:00,2,40,0,1,0,41.61279888224272,1.6127988822427213
2017-06-29 20:00:00,3,25,0,1,0,25.083762638170583,0.08376263817058316
2017-06-29 21:00:00,1,101,0,1,0,97.63172848097142,3.368271519028582
2017-06-29 21:00:00,2,33,0,1,0,38.84626569207572,5.846265692075718
2017-06-29 21:00:00,4,12,0,1,0,11.550830162328957,0.4491698376710431
2017-06-29 21:00:00,3,22,0,1,0,24.856343189273385,2.8563431892733853
2017-06-29 22:00:00,2,32,0,1,0,33.29253110497189,1.2925311049718928
2017-06-29 22:00:00,3,25,0,1,0,21.768644375867407,3.2313556241325934
2017-06-29 22:00:00,4,15,0,1,0,10.926636118099905,4.073363881900095
2017-06-29 22:00:00,1,96,0,1,0,92.14736057114786,3.852639428852143
2017-06-29 23:00:00,3,25,0,1,0,22.962209295378898,2.037790704621102
2017-06-29 23:00:00,1,95,0,1,0,85.13685816868151,9.863141831318487
2017-06-29 23:00:00,4,11,0,1,0,12.283558355242683,1.2835583552426826
2017-06-29 23:00:00,2,36,0,1,0,31.047563190584714,4.9524368094152855
2017-06-30 00:00:00,4,9,0,1,0,10.09794492390539,1.0979449239053896
2017-06-30 00:00:00,3,20,0,1,0,21.686434170830484,1.6864341708304842
2017-06-30 00:00:00,2,33,0,1,0,32.785916832202005,0.21408316779799463
2017-06-30 00:00:00,1,86,0,1,0,81.54896637333478,4.451033626665222
2017-06-30 01:00:00,3,14,0,1,0,15.547522375944123,1.5475223759441228
2017-06-30 01:00:00,2,30,0,1,0,28.232682196223347,1.7673178037766526
2017-06-30 01:00:00,1,67,0,1,0,73.81272721030385,6.812727210303848
2017-06-30 01:00:00,4,7,0,1,0,6.9565107324791216,0.04348926752087845
2017-06-30 02:00:00,3,11,0,1,0,11.331115698205858,0.33111569820585807
2017-06-30 02:00:00,1,60,0,1,0,57.23938901546958,2.760610984530423
2017-06-30 02:00:00,4,5,0,1,0,6.113723689261017,1.1137236892610174
2017-06-30 02:00:00,2,27,0,1,0,25.263571314771006,1.7364286852289936
2017-06-30 03:00:00,1,49,0,1,0,53.82348474866632,4.823484748666317
2017-06-30 03:00:00,3,7,0,1,0,9.826537101246204,2.8265371012462044
2017-06-30 03:00:00,2,20,0,1,0,23.40745821666959,3.407458216669589
2017-06-30 03:00:00,4,6,0,1,0,5.314962160644371,0.6850378393556289
2017-06-30 04:00:00,3,5,0,1,0,7.50560470166082,2.50560470166082
2017-06-30 04:00:00,2,15,0,1,0,17.910351831128953,2.9103518311289527
2017-06-30 04:00:00,4,5,0,1,0,4.931336825977786,0.06866317402221433
2017-06-30 04:00:00,1,43,0,1,0,45.299783491049766,2.299783491049766
2017-06-30 05:00:00,2,15,0,1,0,14.603239120541632,0.3967608794583679
2017-06-30 05:00:00,4,5,0,1,0,4.5206908697696955,0.4793091302303045
2017-06-30 05:00:00,1,41,0,1,0,38.469229021926196,2.5307709780738037
2017-06-30 05:00:00,3,9,0,1,0,6.13361495773287,2.8663850422671304
2017-06-30 06:00:00,3,11,0,1,0,6.934142360472514,4.065857639527486
2017-06-30 06:00:00,4,6,0,1,0,5.01919382786002,0.9808061721399799
2017-06-30 06:00:00,2,18,0,1,0,15.550898651239066,2.4491013487609337
2017-06-30 06:00:00,1,44,0,1,0,42.51405112622416,1.4859488737758397
2017-06-30 07:00:00,3,12,0,1,1,10.15624399342509,1.8437560065749103
2017-06-30 07:00:00,2,19,0,1,1,18.2664656139866,0.7335343860133996
2017-06-30 07:00:00,4,4,0,1,1,5.767971632144017,1.7679716321440173
2017-06-30 07:00:00,1,53,0,1,1,46.95575005106874,6.0442499489312596
2017-06-30 08:00:00,3,9,0,1,1,12.915134266091092,3.9151342660910924
2017-06-30 08:00:00,2,17,0,1,1,20.456192661942836,3.4561926619428363
2017-06-30 08:00:00,4,5,0,1,1,5.976256930023886,0.9762569300238857
2017-06-30 08:00:00,1,57,0,1,1,55.55239804333985,1.4476019566601508
2017-06-30 09:00:00,1,68,0,1,1,64.96336973532465,3.0366302646753525
2017-06-30 09:00:00,4,7,0,1,1,7.069270371507404,0.0692703715074039
2017-06-30 09:00:00,3,15,0,1,1,12.979390672731162,2.020609327268838
2017-06-30 09:00:00,2,25,0,1,1,20.707887320120452,4.292112679879548
2017-06-30 10:00:00,2,25,0,1,0,27.83237272991344,2.832372729913441
2017-06-30 10:00:00,3,23,0,1,0,17.258763211479152,5.7412367885208475
2017-06-30 10:00:00,1,88,0,1,0,77.3694958091939,10.630504190806107
2017-06-30 10:00:00,4,15,0,1,0,8.478359946674452,6.521640053325548
2017-06-30 11:00:00,3,28,0,1,0,23.678710404996135,4.321289595003865
2017-06-30 11:00:00,1,101,0,1,0,85.26340387946145,15.73659612053855
2017-06-30 11:00:00,4,14,0,1,0,13.524159197037694,0.47584080296230624
2017-06-30 11:00:00,2,28,0,1,0,26.682675992951786,1.3173240070482137
2017-06-30 12:00:00,4,9,0,1,0,14.190034638874142,5.190034638874142
2017-06-30 12:00:00,1,99,0,1,0,91.44391465192967,7.556085348070326
2017-06-30 12:00:00,3,29,0,1,0,26.646636433377434,2.3533635666225656
2017-06-30 12:00:00,2,28,0,1,0,27.09687560402106,0.9031243959789386
2017-06-30 13:00:00,4,11,0,1,0,10.589453020609781,0.4105469793902188
2017-06-30 13:00:00,3,33,0,1,0,26.668302869660437,6.331697130339563
2017-06-30 13:00:00,1,89,0,1,0,82.9568878095975,6.043112190402496
2017-06-30 13:00:00,2,33,0,1,0,25.934872388490735,7.065127611509265
2017-06-30 14:00:00,2,38,0,1,0,33.313355506170744,4.686644493829256
2017-06-30 14:00:00,3,33,0,1,0,33.32553444169804,0.32553444169803925
2017-06-30 14:00:00,1,104,0,1,0,90.98156206635919,13.018437933640811
2017-06-30 14:00:00,4,10,0,1,0,11.142250178978465,1.1422501789784647
2017-06-30 15:00:00,2,33,0,1,0,38.73884888254225,5.73884888254225
2017-06-30 15:00:00,1,101,0,1,0,92.12518311888176,8.874816881118235
2017-06-30 15:00:00,3,31,0,1,0,32.65118784707125,1.6511878470712489
2017-06-30 15:00:00,4,14,0,1,0,10.104869203805547,3.8951307961944526
2017-06-30 16:00:00,2,29,0,1,0,32.623379008937086,3.6233790089370856
2017-06-30 16:00:00,1,95,0,1,0,92.88353222200188,2.1164677779981247
2017-06-30 16:00:00,3,32,0,1,0,29.837615738647365,2.162384261352635
2017-06-30 16:00:00,4,16,0,1,0,11.177309696673886,4.822690303326114
2017-06-30 17:00:00,1,90,0,1,1,92.32417053028082,2.324170530280824
2017-06-30 17:00:00,3,36,0,1,1,32.375549905206405,3.6244500947935947
2017-06-30 17:00:00,4,16,0,1,1,13.769180215881192,2.2308197841188075
2017-06-30 17:00:00,2,32,0,1,1,28.655180426464092,3.344819573535908
2017-06-30 18:00:00,2,34,0,1,1,33.15764094047991,0.842359059520092
2017-06-30 18:00:00,4,17,0,1,1,15.635982117866993,1.3640178821330071
2017-06-30 18:00:00,1,95,0,1,1,90.99060489166034,4.00939510833966
2017-06-30 18:00:00,3,38,0,1,1,35.93769713642282,2.0623028635771803
2017-06-30 19:00:00,2,34,0,1,1,34.87996437182223,0.8799643718222327
2017-06-30 19:00:00,1,105,0,1,1,96.59860805577664,8.401391944223363
2017-06-30 19:00:00,3,33,0,1,1,40.22416715973874,7.224167159738741
2017-06-30 19:00:00,4,11,0,1,1,16.391224857419445,5.391224857419445
2017-06-30 20:00:00,2,35,0,1,0,34.522401542045266,0.4775984579547341
2017-06-30 20:00:00,4,30,0,1,0,13.431371089001239,16.56862891099876
2017-06-30 20:00:00,1,96,0,1,0,91.6392719914155,4.360728008584502
2017-06-30 20:00:00,3,31,0,1,0,33.79194289493686,2.7919428949368594
2017-06-30 21:00:00,1,90,0,1,0,87.63141765973073,2.3685823402692705
2017-06-30 21:00:00,4,16,0,1,0,23.642649399939557,7.6426493999395575
2017-06-30 21:00:00,3,28,0,1,0,30.40981833392506,2.4098183339250596
2017-06-30 21:00:00,2,31,0,1,0,34.60561627310206,3.605616273102058
2017-06-30 22:00:00,2,29,0,1,0,30.35116735212274,1.35116735212274
2017-06-30 22:00:00,4,22,0,1,0,14.872114584724589,7.127885415275411
2017-06-30 22:00:00,1,84,0,1,0,82.69479829967923,1.3052017003207652
2017-06-30 22:00:00,3,26,0,1,0,27.395118493394804,1.3951184933948042
2017-06-30 23:00:00,1,78,0,1,0,77.77933785442082,0.2206621455791833
2017-06-30 23:00:00,3,39,0,1,0,24.22699381783208,14.773006182167919
2017-06-30 23:00:00,2,27,0,1,0,27.151458159344166,0.15145815934416618
2017-06-30 23:00:00,4,12,0,1,0,19.648774061003895,7.648774061003895
